date,USO_close
2006-04-10,544.1600
2006-04-11,545.6000
2006-04-12,542.7200
2006-04-13,550.5600
2006-04-17,558.3200
2006-04-18,566.0000
2006-04-19,574.8000
2006-04-20,568.7200
2006-04-21,582.4800
2006-04-24,568.0800
2006-04-25,565.1200
2006-04-26,556.3200
2006-04-27,549.6000
2006-04-28,556.9600
2006-05-01,572.0000
2006-05-02,578.7200
2006-05-03,561.7600
2006-05-04,546.5600
2006-05-05,544.0000
2006-05-08,543.0400
2006-05-09,547.2000
2006-05-10,558.1600
2006-05-11,562.4000
2006-05-12,552.8800
2006-05-15,533.0400
2006-05-16,533.6000
2006-05-17,525.6000
2006-05-18,533.9200
2006-05-19,524.5600
2006-05-22,530.2400
2006-05-23,542.1600
2006-05-24,528.8000
2006-05-25,542.4000
2006-05-26,542.0000
2006-05-30,546.5600
2006-05-31,541.8400
2006-06-01,534.5600
2006-06-02,551.2000
2006-06-05,549.9200
2006-06-06,550.0800
2006-06-07,538.2400
2006-06-08,536.9600
2006-06-09,544.5600
2006-06-12,536.6400
2006-06-13,521.4400
2006-06-14,526.3200
2006-06-15,529.2800
2006-06-16,530.0000
2006-06-19,524.3200
2006-06-20,522.3200
2006-06-21,530.8000
2006-06-22,536.0000
2006-06-23,535.1200
2006-06-26,541.6000
2006-06-27,544.6400
2006-06-28,546.4800
2006-06-29,556.0800
2006-06-30,558.1600
2006-07-03,559.4400
2006-07-05,568.0000
2006-07-06,566.1600
2006-07-07,558.8000
2006-07-10,556.4800
2006-07-11,560.6400
2006-07-12,569.1200
2006-07-13,586.0000
2006-07-14,585.7600
2006-07-17,573.2000
2006-07-18,566.0000
2006-07-19,558.8000
2006-07-20,552.8000
2006-07-21,556.1600
2006-07-24,561.3600
2006-07-25,552.0000
2006-07-26,553.3600
2006-07-27,557.4400
2006-07-28,548.0000
2006-07-31,556.1600
2006-08-01,561.2000
2006-08-02,568.9600
2006-08-03,564.4800
2006-08-04,558.4800
2006-08-07,576.0000
2006-08-08,570.4000
2006-08-09,569.3600
2006-08-10,556.8000
2006-08-11,557.8400
2006-08-14,548.7200
2006-08-15,545.6800
2006-08-16,536.8000
2006-08-17,528.4000
2006-08-18,529.4400
2006-08-21,539.3600
2006-08-22,536.4000
2006-08-23,528.0000
2006-08-24,534.0000
2006-08-25,532.4000
2006-08-28,519.0400
2006-08-29,513.5200
2006-08-30,518.8000
2006-08-31,518.4000
2006-09-01,510.0000
2006-09-05,506.4800
2006-09-06,497.6000
2006-09-07,495.1200
2006-09-08,487.2000
2006-09-11,480.2400
2006-09-12,470.0800
2006-09-13,472.0000
2006-09-14,465.2000
2006-09-15,464.3200
2006-09-18,466.5600
2006-09-19,450.0000
2006-09-20,440.4000
2006-09-21,447.1200
2006-09-22,437.1200
2006-09-25,445.3600
2006-09-26,443.3600
2006-09-27,457.2800
2006-09-28,453.2000
2006-09-29,456.0000
2006-10-02,442.4800
2006-10-03,425.9200
2006-10-04,432.3200
2006-10-05,436.7200
2006-10-06,434.8000
2006-10-09,436.8000
2006-10-10,429.3600
2006-10-11,421.2000
2006-10-12,427.4400
2006-10-13,429.2000
2006-10-16,437.7600
2006-10-17,431.9200
2006-10-18,422.8000
2006-10-19,431.2000
2006-10-20,422.0000
2006-10-23,418.9600
2006-10-24,422.7200
2006-10-25,437.6000
2006-10-26,429.2000
2006-10-27,432.0000
2006-10-30,415.8400
2006-10-31,416.8000
2006-11-01,416.9600
2006-11-02,412.0000
2006-11-03,421.4400
2006-11-06,427.6000
2006-11-07,420.8000
2006-11-08,427.2000
2006-11-09,436.0000
2006-11-10,426.4000
2006-11-13,418.8000
2006-11-14,417.1200
2006-11-15,420.0000
2006-11-16,404.7200
2006-11-17,407.5200
2006-11-20,407.7600
2006-11-21,415.8400
2006-11-22,410.4800
2006-11-24,414.4000
2006-11-27,418.4000
2006-11-28,421.6800
2006-11-29,433.1200
2006-11-30,436.6400
2006-12-01,440.4000
2006-12-04,433.6000
2006-12-05,434.4000
2006-12-06,431.1200
2006-12-07,430.8800
2006-12-08,428.6400
2006-12-11,424.0000
2006-12-12,420.4000
2006-12-13,423.0400
2006-12-14,429.8400
2006-12-15,434.4000
2006-12-18,425.2800
2006-12-19,432.0000
2006-12-20,432.4000
2006-12-21,426.7200
2006-12-22,423.3600
2006-12-26,413.1200
2006-12-27,410.8000
2006-12-28,410.4000
2006-12-29,412.8000
2007-01-03,395.2000
2007-01-04,379.1200
2007-01-05,382.6400
2007-01-08,379.9200
2007-01-09,378.4000
2007-01-10,362.8800
2007-01-11,354.7200
2007-01-12,357.0400
2007-01-16,346.7200
2007-01-17,353.7600
2007-01-18,345.8400
2007-01-19,355.4400
2007-01-22,350.7200
2007-01-23,365.2000
2007-01-24,368.8000
2007-01-25,362.1600
2007-01-26,370.2400
2007-01-29,359.7600
2007-01-30,378.8800
2007-01-31,385.9200
2007-02-01,382.7200
2007-02-02,394.7200
2007-02-05,392.8000
2007-02-06,393.6800
2007-02-07,386.0000
2007-02-08,398.0000
2007-02-09,399.9200
2007-02-12,386.9600
2007-02-13,394.8800
2007-02-14,387.6000
2007-02-15,386.8000
2007-02-16,394.8000
2007-02-20,389.3600
2007-02-21,398.8800
2007-02-22,402.6400
2007-02-23,403.6800
2007-02-26,407.2000
2007-02-27,399.6000
2007-02-28,409.4400
2007-03-01,409.9200
2007-03-02,408.0800
2007-03-05,396.9600
2007-03-06,402.5600
2007-03-07,410.3200
2007-03-08,410.3200
2007-03-09,400.8800
2007-03-12,394.8000
2007-03-13,391.5200
2007-03-14,393.1200
2007-03-15,389.3600
2007-03-16,387.3600
2007-03-19,389.6000
2007-03-20,387.6800
2007-03-21,390.4000
2007-03-22,401.4400
2007-03-23,404.5600
2007-03-26,409.3600
2007-03-27,409.6000
2007-03-28,416.0000
2007-03-29,428.9600
2007-03-30,426.8000
2007-04-02,428.4800
2007-04-03,419.6800
2007-04-04,418.6400
2007-04-05,416.0800
2007-04-09,402.8000
2007-04-10,404.8800
2007-04-11,403.6800
2007-04-12,413.2000
2007-04-13,412.1600
2007-04-16,409.6000
2007-04-17,402.3200
2007-04-18,401.1200
2007-04-19,393.7600
2007-04-20,400.4000
2007-04-23,409.7600
2007-04-24,403.1200
2007-04-25,410.5600
2007-04-26,407.5200
2007-04-27,414.7200
2007-04-30,409.9200
2007-05-01,402.8800
2007-05-02,396.7200
2007-05-03,394.2400
2007-05-04,386.4000
2007-05-07,384.4800
2007-05-08,389.1200
2007-05-09,384.0800
2007-05-10,385.2000
2007-05-11,388.5600
2007-05-14,388.4800
2007-05-15,391.9200
2007-05-16,388.2400
2007-05-17,401.2800
2007-05-18,400.8000
2007-05-21,406.5600
2007-05-22,399.3600
2007-05-23,401.3600
2007-05-24,391.4400
2007-05-25,396.0000
2007-05-29,387.2000
2007-05-30,385.6800
2007-05-31,391.6800
2007-06-01,395.6800
2007-06-04,402.8000
2007-06-05,400.1600
2007-06-06,402.4800
2007-06-07,405.2000
2007-06-08,392.4800
2007-06-11,398.7200
2007-06-12,396.4800
2007-06-13,400.7200
2007-06-14,408.8000
2007-06-15,412.2400
2007-06-18,417.1200
2007-06-19,416.9600
2007-06-20,412.4000
2007-06-21,412.8000
2007-06-22,415.1200
2007-06-25,415.6800
2007-06-26,408.9600
2007-06-27,415.0400
2007-06-28,419.7600
2007-06-29,424.0000
2007-07-02,428.2400
2007-07-03,428.3200
2007-07-05,433.2000
2007-07-06,437.4400
2007-07-09,434.8000
2007-07-10,437.7600
2007-07-11,437.2800
2007-07-12,437.9200
2007-07-13,444.3200
2007-07-16,446.0800
2007-07-17,445.1200
2007-07-18,452.6400
2007-07-19,456.6400
2007-07-20,456.0000
2007-07-23,451.0400
2007-07-24,441.2800
2007-07-25,459.5200
2007-07-26,449.7600
2007-07-27,461.9200
2007-07-30,460.0000
2007-07-31,468.2400
2007-08-01,462.0800
2007-08-02,461.6000
2007-08-03,451.5200
2007-08-06,433.6000
2007-08-07,434.8800
2007-08-08,434.1600
2007-08-09,430.2400
2007-08-10,429.1200
2007-08-13,430.8000
2007-08-14,433.8400
2007-08-15,441.0400
2007-08-16,428.6400
2007-08-17,432.2400
2007-08-20,428.3200
2007-08-21,419.4400
2007-08-22,418.8000
2007-08-23,421.2000
2007-08-24,429.1200
2007-08-27,434.6400
2007-08-28,432.2400
2007-08-29,444.4000
2007-08-30,444.0000
2007-08-31,446.2400
2007-09-04,454.0000
2007-09-05,458.0800
2007-09-06,461.0400
2007-09-07,462.0800
2007-09-10,470.3200
2007-09-11,471.6800
2007-09-12,480.0000
2007-09-13,481.3600
2007-09-14,478.3200
2007-09-17,485.3600
2007-09-18,496.4000
2007-09-19,494.5600
2007-09-20,501.2000
2007-09-21,497.1200
2007-09-24,494.5600
2007-09-25,488.5600
2007-09-26,493.6000
2007-09-27,507.5200
2007-09-28,500.4000
2007-10-01,492.7200
2007-10-02,493.0400
2007-10-03,490.3200
2007-10-04,500.8800
2007-10-05,498.2400
2007-10-08,486.0800
2007-10-09,491.2000
2007-10-10,499.2000
2007-10-11,508.7200
2007-10-12,512.0000
2007-10-15,527.1200
2007-10-16,535.8400
2007-10-17,533.0400
2007-10-18,545.3600
2007-10-19,537.1200
2007-10-22,532.3200
2007-10-23,526.6400
2007-10-24,543.8400
2007-10-25,560.9600
2007-10-26,569.3600
2007-10-29,580.0000
2007-10-30,556.3200
2007-10-31,586.1600
2007-11-01,577.3600
2007-11-02,594.8000
2007-11-05,588.3200
2007-11-06,602.7200
2007-11-07,595.8400
2007-11-08,592.6400
2007-11-09,598.1600
2007-11-12,582.1600
2007-11-13,567.4400
2007-11-14,580.8000
2007-11-15,578.4000
2007-11-16,591.2000
2007-11-19,595.9200
2007-11-20,618.7200
2007-11-21,611.5200
2007-11-23,614.0800
2007-11-26,610.0000
2007-11-27,594.4000
2007-11-28,574.4000
2007-11-29,573.1200
2007-11-30,559.2800
2007-12-03,565.6000
2007-12-04,555.2000
2007-12-05,549.5200
2007-12-06,568.1600
2007-12-07,555.4400
2007-12-10,554.8800
2007-12-11,562.0800
2007-12-12,591.2000
2007-12-13,585.3600
2007-12-14,578.0800
2007-12-17,575.1200
2007-12-18,568.8800
2007-12-19,577.2000
2007-12-20,576.8000
2007-12-21,590.4000
2007-12-24,591.6000
2007-12-26,607.2800
2007-12-27,610.0000
2007-12-28,607.1200
2007-12-31,606.0800
2008-01-02,627.7600
2008-01-03,626.9600
2008-01-04,618.4800
2008-01-07,604.0000
2008-01-08,608.4800
2008-01-09,602.0000
2008-01-10,592.1600
2008-01-11,584.7200
2008-01-14,594.0000
2008-01-15,582.2400
2008-01-16,574.8000
2008-01-17,568.2400
2008-01-18,572.3200
2008-01-22,564.4000
2008-01-23,556.0000
2008-01-24,567.4400
2008-01-25,575.2800
2008-01-28,578.8000
2008-01-29,583.8400
2008-01-30,584.6400
2008-01-31,578.8000
2008-02-01,563.7600
2008-02-04,570.9600
2008-02-05,561.2000
2008-02-06,552.1600
2008-02-07,558.4000
2008-02-08,583.2000
2008-02-11,596.4000
2008-02-12,588.7200
2008-02-13,592.8800
2008-02-14,606.0800
2008-02-15,607.4400
2008-02-19,630.4800
2008-02-20,634.5600
2008-02-21,618.6400
2008-02-22,628.8000
2008-02-25,629.9200
2008-02-26,640.8000
2008-02-27,631.3600
2008-02-28,651.8400
2008-02-29,643.3600
2008-03-03,650.5600
2008-03-04,635.2000
2008-03-05,666.4000
2008-03-06,671.1200
2008-03-07,669.8400
2008-03-10,685.0400
2008-03-11,690.7200
2008-03-12,695.3600
2008-03-13,697.6800
2008-03-14,692.0800
2008-03-17,666.4000
2008-03-18,686.4000
2008-03-19,658.3200
2008-03-20,650.4000
2008-03-24,642.0800
2008-03-25,651.7600
2008-03-26,678.4800
2008-03-27,685.8400
2008-03-28,674.9600
2008-03-31,650.8800
2008-04-01,648.4800
2008-04-02,670.2400
2008-04-03,669.2000
2008-04-04,679.0400
2008-04-07,695.4400
2008-04-08,697.5200
2008-04-09,711.2000
2008-04-10,705.4400
2008-04-11,707.8400
2008-04-14,717.1200
2008-04-15,731.5200
2008-04-16,737.2000
2008-04-17,738.9600
2008-04-18,750.3200
2008-04-21,755.0400
2008-04-22,760.6400
2008-04-23,761.4400
2008-04-24,745.6000
2008-04-25,765.2800
2008-04-28,765.5200
2008-04-29,743.9200
2008-04-30,740.0000
2008-05-01,723.0400
2008-05-02,747.2000
2008-05-05,773.9200
2008-05-06,787.0400
2008-05-07,798.4000
2008-05-08,805.2800
2008-05-09,816.9600
2008-05-12,800.8800
2008-05-13,813.6800
2008-05-14,801.7600
2008-05-15,801.6800
2008-05-16,818.1600
2008-05-19,822.4000
2008-05-20,834.4000
2008-05-21,866.4800
2008-05-22,845.0400
2008-05-23,855.6000
2008-05-27,834.0800
2008-05-28,847.3600
2008-05-29,818.0800
2008-05-30,824.4800
2008-06-02,824.4000
2008-06-03,805.2000
2008-06-04,791.8400
2008-06-05,831.6000
2008-06-06,897.3600
2008-06-09,872.4000
2008-06-10,856.1600
2008-06-11,887.9200
2008-06-12,890.1600
2008-06-13,873.6000
2008-06-16,871.9200
2008-06-17,869.4400
2008-06-18,887.1200
2008-06-19,855.2800
2008-06-20,873.1200
2008-06-23,887.3600
2008-06-24,887.6000
2008-06-25,868.0000
2008-06-26,904.9600
2008-06-27,910.0000
2008-06-30,909.2800
2008-07-01,916.7200
2008-07-02,934.7200
2008-07-03,934.5600
2008-07-07,919.6000
2008-07-08,879.3600
2008-07-09,877.2000
2008-07-10,914.7200
2008-07-11,939.1200
2008-07-14,939.8400
2008-07-15,899.1200
2008-07-16,874.0000
2008-07-17,844.2400
2008-07-18,835.5200
2008-07-21,853.3600
2008-07-22,826.5600
2008-07-23,800.1600
2008-07-24,811.6800
2008-07-25,794.1600
2008-07-28,804.3200
2008-07-29,784.3200
2008-07-30,817.0400
2008-07-31,799.9200
2008-08-01,808.3200
2008-08-04,780.1600
2008-08-05,764.7200
2008-08-06,763.3600
2008-08-07,771.5200
2008-08-08,741.4400
2008-08-11,740.0800
2008-08-12,731.9200
2008-08-13,750.0000
2008-08-14,741.9200
2008-08-15,734.4000
2008-08-18,730.0800
2008-08-19,741.9200
2008-08-20,751.8400
2008-08-21,785.6800
2008-08-22,740.3200
2008-08-25,744.8000
2008-08-26,751.2000
2008-08-27,765.2800
2008-08-28,747.1200
2008-08-29,742.9600
2008-09-02,713.5200
2008-09-03,707.5200
2008-09-04,696.1600
2008-09-05,688.4800
2008-09-08,687.4400
2008-09-09,658.8000
2008-09-10,663.7600
2008-09-11,651.9200
2008-09-12,651.9200
2008-09-15,610.4000
2008-09-16,599.9200
2008-09-17,620.0000
2008-09-18,633.3600
2008-09-19,661.0400
2008-09-22,700.9600
2008-09-23,689.0400
2008-09-24,678.8800
2008-09-25,693.5200
2008-09-26,689.6800
2008-09-29,616.7200
2008-09-30,656.0800
2008-10-01,636.7200
2008-10-02,606.5600
2008-10-03,602.0000
2008-10-06,572.8800
2008-10-07,579.9200
2008-10-08,578.0800
2008-10-09,556.8000
2008-10-10,532.0000
2008-10-13,542.2400
2008-10-14,520.2400
2008-10-15,485.8400
2008-10-16,474.7200
2008-10-17,474.9600
2008-10-20,494.4000
2008-10-21,470.1600
2008-10-22,439.4400
2008-10-23,452.8000
2008-10-24,424.0000
2008-10-27,406.8000
2008-10-28,425.7600
2008-10-29,445.4400
2008-10-30,432.0000
2008-10-31,444.7200
2008-11-03,419.9200
2008-11-04,459.0400
2008-11-05,430.7200
2008-11-06,401.2000
2008-11-07,400.3200
2008-11-10,409.8400
2008-11-11,384.8800
2008-11-12,366.0000
2008-11-13,392.0000
2008-11-14,369.4400
2008-11-17,361.2800
2008-11-18,358.1600
2008-11-19,346.0800
2008-11-20,316.4000
2008-11-21,328.0000
2008-11-24,353.0400
2008-11-25,330.8800
2008-11-26,356.3200
2008-11-28,336.7200
2008-12-01,319.1200
2008-12-02,308.0000
2008-12-03,304.4000
2008-12-04,283.2800
2008-12-05,274.0000
2008-12-08,288.9600
2008-12-09,275.6000
2008-12-10,286.4800
2008-12-11,309.1200
2008-12-12,304.8000
2008-12-15,294.7200
2008-12-16,291.5200
2008-12-17,278.4800
2008-12-18,261.8400
2008-12-19,264.4800
2008-12-22,245.0400
2008-12-23,240.0000
2008-12-24,232.1600
2008-12-26,232.8000
2008-12-29,247.3600
2008-12-30,241.6000
2008-12-31,264.8000
2009-01-02,285.0400
2009-01-05,298.4000
2009-01-06,298.0000
2009-01-07,266.1600
2009-01-08,265.6000
2009-01-09,258.9600
2009-01-12,245.2000
2009-01-13,254.7200
2009-01-14,249.8400
2009-01-15,241.4400
2009-01-16,238.8800
2009-01-20,229.2800
2009-01-21,248.2400
2009-01-22,240.1600
2009-01-23,258.6400
2009-01-26,257.1200
2009-01-27,236.0000
2009-01-28,238.0000
2009-01-29,233.7600
2009-01-30,233.7600
2009-02-02,227.2000
2009-02-03,230.9600
2009-02-04,226.1600
2009-02-05,230.4800
2009-02-06,225.6000
2009-02-09,226.0000
2009-02-10,215.2800
2009-02-11,208.6400
2009-02-12,209.0400
2009-02-13,204.8000
2009-02-17,187.6800
2009-02-18,182.8800
2009-02-19,194.2400
2009-02-20,194.8000
2009-02-23,186.5600
2009-02-24,195.5200
2009-02-25,208.0000
2009-02-26,217.8400
2009-02-27,216.4000
2009-03-02,195.8400
2009-03-03,203.1200
2009-03-04,220.8800
2009-03-05,212.4800
2009-03-06,223.9200
2009-03-09,229.2000
2009-03-10,222.6400
2009-03-11,210.4000
2009-03-12,225.8400
2009-03-13,221.0400
2009-03-16,226.0000
2009-03-17,235.5200
2009-03-18,236.8800
2009-03-19,242.8800
2009-03-20,246.0800
2009-03-23,254.2400
2009-03-24,252.8800
2009-03-25,249.6800
2009-03-26,256.1600
2009-03-27,246.0000
2009-03-30,229.6000
2009-03-31,232.4000
2009-04-01,228.6400
2009-04-02,247.8400
2009-04-03,247.4400
2009-04-06,241.8400
2009-04-07,231.5200
2009-04-08,235.9200
2009-04-09,245.5200
2009-04-13,237.4400
2009-04-14,233.6800
2009-04-15,234.4800
2009-04-16,234.3200
2009-04-17,235.6000
2009-04-20,217.7600
2009-04-21,218.6400
2009-04-22,218.7200
2009-04-23,223.0400
2009-04-24,231.2000
2009-04-27,224.6400
2009-04-28,222.8000
2009-04-29,228.4800
2009-04-30,229.0400
2009-05-01,236.9600
2009-05-04,244.4800
2009-05-05,241.2000
2009-05-06,251.4400
2009-05-07,251.9200
2009-05-08,259.9200
2009-05-11,258.3200
2009-05-12,261.0400
2009-05-13,257.5200
2009-05-14,259.2000
2009-05-15,250.4000
2009-05-18,261.6800
2009-05-19,262.3200
2009-05-20,270.9600
2009-05-21,267.0400
2009-05-22,269.6000
2009-05-26,272.8800
2009-05-27,276.6400
2009-05-28,282.7200
2009-05-29,291.2000
2009-06-01,299.4400
2009-06-02,300.8800
2009-06-03,290.0000
2009-06-04,301.5200
2009-06-05,299.2000
2009-06-08,300.3200
2009-06-09,305.5200
2009-06-10,311.7600
2009-06-11,317.4400
2009-06-12,315.4400
2009-06-15,308.1600
2009-06-16,308.0800
2009-06-17,309.6000
2009-06-18,310.8000
2009-06-19,303.7600
2009-06-22,290.0000
2009-06-23,299.2800
2009-06-24,296.7200
2009-06-25,304.4000
2009-06-26,300.0800
2009-06-29,309.3600
2009-06-30,303.4400
2009-07-01,299.6800
2009-07-02,288.4000
2009-07-06,277.6800
2009-07-07,270.4800
2009-07-08,260.5600
2009-07-09,262.1600
2009-07-10,259.0400
2009-07-13,258.9600
2009-07-14,256.8800
2009-07-15,267.7600
2009-07-16,268.4800
2009-07-17,273.9200
2009-07-20,278.6400
2009-07-21,279.5200
2009-07-22,278.4800
2009-07-23,286.3200
2009-07-24,289.7600
2009-07-27,290.5600
2009-07-28,286.0800
2009-07-29,267.7600
2009-07-30,283.9200
2009-07-31,294.4800
2009-08-03,303.3600
2009-08-04,303.7600
2009-08-05,305.6000
2009-08-06,306.1600
2009-08-07,301.2000
2009-08-10,301.6800
2009-08-11,294.8800
2009-08-12,298.8000
2009-08-13,302.4000
2009-08-14,288.2400
2009-08-17,284.1600
2009-08-18,294.8800
2009-08-19,304.9600
2009-08-20,301.3600
2009-08-21,305.8400
2009-08-24,306.4000
2009-08-25,297.3600
2009-08-26,295.6000
2009-08-27,301.7600
2009-08-28,301.2800
2009-08-31,288.4000
2009-09-01,282.1600
2009-09-02,281.4400
2009-09-03,282.5600
2009-09-04,281.0400
2009-09-08,295.5200
2009-09-09,295.5200
2009-09-10,298.9600
2009-09-11,286.5600
2009-09-14,285.6800
2009-09-15,293.6000
2009-09-16,299.4400
2009-09-17,299.9200
2009-09-18,296.9600
2009-09-21,286.8000
2009-09-22,295.8400
2009-09-23,281.0400
2009-09-24,271.7600
2009-09-25,272.0000
2009-09-28,276.0800
2009-09-29,274.4800
2009-09-30,289.5200
2009-10-01,289.8400
2009-10-02,286.9600
2009-10-05,289.4400
2009-10-06,292.3200
2009-10-07,287.6800
2009-10-08,293.4400
2009-10-09,297.2800
2009-10-12,301.5200
2009-10-13,305.2000
2009-10-14,308.8800
2009-10-15,319.2800
2009-10-16,323.6000
2009-10-19,326.0800
2009-10-20,323.1200
2009-10-21,330.6400
2009-10-22,331.7600
2009-10-23,327.2800
2009-10-26,321.0400
2009-10-27,324.7200
2009-10-28,315.6800
2009-10-29,327.2000
2009-10-30,314.5600
2009-11-02,319.7600
2009-11-03,324.9600
2009-11-04,327.9200
2009-11-05,326.4000
2009-11-06,317.6000
2009-11-09,324.0000
2009-11-10,323.2800
2009-11-11,324.4000
2009-11-12,314.1600
2009-11-13,312.9600
2009-11-16,322.3200
2009-11-17,323.8400
2009-11-18,325.3600
2009-11-19,317.2800
2009-11-20,315.3600
2009-11-23,315.0400
2009-11-24,308.6400
2009-11-25,316.0000
2009-11-27,308.0000
2009-11-30,313.2000
2009-12-01,316.9600
2009-12-02,310.7200
2009-12-03,308.1600
2009-12-04,306.6400
2009-12-07,299.9200
2009-12-08,294.8000
2009-12-09,286.9600
2009-12-10,285.8400
2009-12-11,283.8400
2009-12-14,284.6400
2009-12-15,287.4400
2009-12-16,293.9200
2009-12-17,290.8800
2009-12-18,293.2800
2009-12-21,289.2800
2009-12-22,292.4800
2009-12-23,301.9200
2009-12-24,305.6000
2009-12-28,310.8800
2009-12-29,310.7200
2009-12-30,313.1200
2009-12-31,314.2400
2010-01-04,322.1600
2010-01-05,323.2800
2010-01-06,327.7600
2010-01-07,325.7600
2010-01-08,327.4400
2010-01-11,324.3200
2010-01-12,317.0400
2010-01-13,313.6800
2010-01-14,312.4800
2010-01-15,307.2000
2010-01-19,311.4400
2010-01-20,303.1200
2010-01-21,297.9200
2010-01-22,290.7200
2010-01-25,294.4800
2010-01-26,292.0000
2010-01-27,288.6400
2010-01-28,289.2800
2010-01-29,285.1200
2010-02-01,293.7600
2010-02-02,300.2400
2010-02-03,301.2000
2010-02-04,286.4000
2010-02-05,281.6800
2010-02-08,280.7200
2010-02-09,289.6800
2010-02-10,292.0800
2010-02-11,294.2400
2010-02-12,290.4800
2010-02-16,302.3200
2010-02-17,303.7600
2010-02-18,309.8400
2010-02-19,312.7200
2010-02-22,312.2400
2010-02-23,306.6400
2010-02-24,311.9200
2010-02-25,304.8800
2010-02-26,310.5600
2010-03-01,306.8000
2010-03-02,310.4000
2010-03-03,315.2000
2010-03-04,313.2000
2010-03-05,318.8000
2010-03-08,318.3200
2010-03-09,316.4000
2010-03-10,319.2000
2010-03-11,320.4000
2010-03-12,316.0800
2010-03-15,310.6400
2010-03-16,318.3200
2010-03-17,321.8400
2010-03-18,319.3600
2010-03-19,313.6000
2010-03-22,316.4800
2010-03-23,317.6000
2010-03-24,311.5200
2010-03-25,311.2000
2010-03-26,310.6400
2010-03-29,319.6800
2010-03-30,319.6000
2010-03-31,322.3200
2010-04-01,329.9200
2010-04-05,336.5600
2010-04-06,336.1600
2010-04-07,332.1600
2010-04-08,331.5200
2010-04-09,329.3600
2010-04-12,327.4400
2010-04-13,327.1200
2010-04-14,334.0800
2010-04-15,333.6800
2010-04-16,324.8000
2010-04-19,320.8800
2010-04-20,322.4000
2010-04-21,322.1600
2010-04-22,322.4000
2010-04-23,327.6000
2010-04-26,322.8000
2010-04-27,314.9600
2010-04-28,319.7600
2010-04-29,328.3200
2010-04-30,330.6400
2010-05-03,331.6800
2010-05-04,317.6000
2010-05-05,306.4800
2010-05-06,295.6800
2010-05-07,290.4800
2010-05-10,297.8400
2010-05-11,294.0800
2010-05-12,294.1600
2010-05-13,289.0400
2010-05-14,278.4800
2010-05-17,271.0400
2010-05-18,267.7600
2010-05-19,268.0800
2010-05-20,257.6000
2010-05-21,258.1600
2010-05-24,257.3600
2010-05-25,254.8000
2010-05-26,260.7200
2010-05-27,274.4800
2010-05-28,272.3200
2010-06-01,265.4400
2010-06-02,270.3200
2010-06-03,274.0800
2010-06-04,261.4400
2010-06-07,260.7200
2010-06-08,265.5200
2010-06-09,271.6000
2010-06-10,278.1600
2010-06-11,273.8400
2010-06-14,274.6400
2010-06-15,281.8400
2010-06-16,283.9200
2010-06-17,281.1200
2010-06-18,283.2800
2010-06-21,282.6400
2010-06-22,280.0000
2010-06-23,273.9200
2010-06-24,275.1200
2010-06-25,285.2800
2010-06-28,281.6800
2010-06-29,273.3600
2010-06-30,271.6800
2010-07-01,262.9600
2010-07-02,260.8000
2010-07-06,260.8800
2010-07-07,269.2000
2010-07-08,273.8400
2010-07-09,274.7200
2010-07-12,270.2400
2010-07-13,277.9200
2010-07-14,277.2800
2010-07-15,276.6400
2010-07-16,273.2800
2010-07-19,275.6800
2010-07-20,278.5600
2010-07-21,273.6000
2010-07-22,283.3600
2010-07-23,283.1200
2010-07-26,282.8000
2010-07-27,277.3600
2010-07-28,274.8800
2010-07-29,280.4800
2010-07-30,282.7200
2010-08-02,291.8400
2010-08-03,295.2800
2010-08-04,295.2000
2010-08-05,293.6800
2010-08-06,289.6000
2010-08-09,292.2400
2010-08-10,286.9600
2010-08-11,277.9200
2010-08-12,271.3600
2010-08-13,270.3200
2010-08-16,268.8800
2010-08-17,270.9600
2010-08-18,269.4400
2010-08-19,266.0000
2010-08-20,263.6000
2010-08-23,259.4400
2010-08-24,254.1600
2010-08-25,258.9600
2010-08-26,260.9600
2010-08-27,268.5600
2010-08-30,264.1600
2010-08-31,255.3600
2010-09-01,263.6000
2010-09-02,267.1200
2010-09-03,264.7200
2010-09-07,262.1600
2010-09-08,265.1200
2010-09-09,263.1200
2010-09-10,270.1600
2010-09-13,272.2400
2010-09-14,271.1200
2010-09-15,267.9200
2010-09-16,263.8400
2010-09-17,261.2000
2010-09-20,265.7600
2010-09-21,261.2000
2010-09-22,260.6400
2010-09-23,261.3600
2010-09-24,267.2000
2010-09-27,265.9200
2010-09-28,265.5200
2010-09-29,271.5200
2010-09-30,278.7200
2010-10-01,285.0400
2010-10-04,284.7200
2010-10-05,288.7200
2010-10-06,290.2400
2010-10-07,283.6800
2010-10-08,289.2000
2010-10-11,284.8000
2010-10-12,285.2000
2010-10-13,289.2800
2010-10-14,288.0000
2010-10-15,283.7600
2010-10-18,290.2400
2010-10-19,276.9600
2010-10-20,284.7200
2010-10-21,278.8000
2010-10-22,283.9200
2010-10-25,284.5600
2010-10-26,285.4400
2010-10-27,283.3600
2010-10-28,283.1200
2010-10-29,281.3600
2010-11-01,286.4800
2010-11-02,290.1600
2010-11-03,293.9200
2010-11-04,299.9200
2010-11-05,301.2000
2010-11-08,300.2400
2010-11-09,296.4000
2010-11-10,304.3200
2010-11-11,302.7200
2010-11-12,291.7600
2010-11-15,292.0000
2010-11-16,283.6000
2010-11-17,277.8400
2010-11-18,284.0000
2010-11-19,281.7600
2010-11-22,280.4000
2010-11-23,279.6000
2010-11-24,288.6400
2010-11-26,287.7600
2010-11-29,294.2400
2010-11-30,288.3200
2010-12-01,297.6000
2010-12-02,302.1600
2010-12-03,306.4800
2010-12-06,305.7600
2010-12-07,302.4000
2010-12-08,303.6800
2010-12-09,303.5200
2010-12-10,301.2800
2010-12-13,303.1200
2010-12-14,303.2000
2010-12-15,303.9200
2010-12-16,302.1600
2010-12-17,302.4800
2010-12-20,304.4000
2010-12-21,306.3200
2010-12-22,309.1200
2010-12-23,311.8400
2010-12-27,309.6800
2010-12-28,311.2800
2010-12-29,310.5600
2010-12-30,304.9600
2010-12-31,312.0000
2011-01-03,312.4000
2011-01-04,304.6400
2011-01-05,308.1600
2011-01-06,301.4400
2011-01-07,301.3600
2011-01-10,305.3600
2011-01-11,311.0400
2011-01-12,311.9200
2011-01-13,309.2000
2011-01-14,311.3600
2011-01-18,309.8400
2011-01-19,308.3200
2011-01-20,300.5600
2011-01-21,300.0800
2011-01-24,295.4400
2011-01-25,290.1600
2011-01-26,294.8000
2011-01-27,287.5200
2011-01-28,300.6400
2011-01-31,308.8800
2011-02-01,304.5600
2011-02-02,305.4400
2011-02-03,304.7200
2011-02-04,298.7200
2011-02-07,293.2800
2011-02-08,293.1200
2011-02-09,292.0000
2011-02-10,292.3200
2011-02-11,288.4000
2011-02-14,287.0400
2011-02-15,283.1200
2011-02-16,284.2400
2011-02-17,288.4800
2011-02-18,290.8800
2011-02-22,307.9200
2011-02-23,318.4000
2011-02-24,311.7600
2011-02-25,317.4400
2011-02-28,313.5200
2011-03-01,323.8400
2011-03-02,331.1200
2011-03-03,329.4400
2011-03-04,338.6400
2011-03-07,338.9600
2011-03-08,338.4800
2011-03-09,336.4000
2011-03-10,331.2000
2011-03-11,325.5200
2011-03-14,327.2800
2011-03-15,315.1200
2011-03-16,317.4400
2011-03-17,325.5200
2011-03-18,327.7600
2011-03-21,329.0400
2011-03-22,335.4400
2011-03-23,336.8800
2011-03-24,336.4000
2011-03-25,337.4400
2011-03-28,331.3600
2011-03-29,334.6400
2011-03-30,333.2800
2011-03-31,340.8000
2011-04-01,345.3600
2011-04-04,346.0800
2011-04-05,344.8000
2011-04-06,346.9600
2011-04-07,351.9200
2011-04-08,361.2000
2011-04-11,349.1200
2011-04-12,338.4000
2011-04-13,342.0000
2011-04-14,346.2400
2011-04-15,349.6800
2011-04-18,343.0400
2011-04-19,343.6000
2011-04-20,353.7600
2011-04-21,356.5600
2011-04-25,356.2400
2011-04-26,355.8400
2011-04-27,360.1600
2011-04-28,358.6400
2011-04-29,361.2000
2011-05-02,359.4400
2011-05-03,352.6400
2011-05-04,346.0800
2011-05-05,314.5600
2011-05-06,310.9600
2011-05-09,326.9600
2011-05-10,328.6400
2011-05-11,314.8000
2011-05-12,314.2400
2011-05-13,315.5200
2011-05-16,308.0800
2011-05-17,308.4000
2011-05-18,316.0000
2011-05-19,312.5600
2011-05-20,315.7600
2011-05-23,307.7600
2011-05-24,314.2400
2011-05-25,319.4400
2011-05-26,316.8000
2011-05-27,317.6800
2011-05-31,324.0000
2011-06-01,316.1600
2011-06-02,317.4400
2011-06-03,317.2800
2011-06-06,312.0000
2011-06-07,312.4000
2011-06-08,318.8000
2011-06-09,321.1200
2011-06-10,312.5600
2011-06-13,306.0800
2011-06-14,312.8000
2011-06-15,300.6400
2011-06-16,299.3600
2011-06-17,293.0400
2011-06-20,293.7600
2011-06-21,294.3200
2011-06-22,296.8000
2011-06-23,288.0800
2011-06-24,286.4800
2011-06-27,285.1200
2011-06-28,291.3600
2011-06-29,297.8400
2011-06-30,297.9200
2011-07-01,297.2000
2011-07-05,303.6800
2011-07-06,303.1200
2011-07-07,308.8800
2011-07-08,302.4000
2011-07-11,298.3200
2011-07-12,303.4400
2011-07-13,306.8000
2011-07-14,300.4000
2011-07-15,305.0400
2011-07-18,300.7200
2011-07-19,306.0000
2011-07-20,307.2000
2011-07-21,309.7600
2011-07-22,311.4400
2011-07-25,309.4400
2011-07-26,310.4800
2011-07-27,303.7600
2011-07-28,303.2800
2011-07-29,299.3600
2011-08-01,297.6000
2011-08-02,291.2000
2011-08-03,286.8800
2011-08-04,269.8400
2011-08-05,271.6000
2011-08-08,252.0800
2011-08-09,252.9600
2011-08-10,254.2400
2011-08-11,266.4000
2011-08-12,265.8400
2011-08-15,273.7600
2011-08-16,270.6400
2011-08-17,272.0800
2011-08-18,253.7600
2011-08-19,256.9600
2011-08-22,261.7600
2011-08-23,267.3600
2011-08-24,264.6400
2011-08-25,263.7600
2011-08-26,265.2000
2011-08-29,271.6800
2011-08-30,275.5200
2011-08-31,276.0800
2011-09-01,275.7600
2011-09-02,269.1200
2011-09-06,268.7200
2011-09-07,277.5200
2011-09-08,275.6800
2011-09-09,270.8000
2011-09-12,275.3600
2011-09-13,278.8000
2011-09-14,274.7200
2011-09-15,276.8000
2011-09-16,273.1200
2011-09-19,266.3200
2011-09-20,267.4400
2011-09-21,263.3600
2011-09-22,249.0400
2011-09-23,248.7200
2011-09-26,251.7600
2011-09-27,258.9600
2011-09-28,250.0000
2011-09-29,255.7600
2011-09-30,243.9200
2011-10-03,237.9200
2011-10-04,239.2800
2011-10-05,246.7200
2011-10-06,255.8400
2011-10-07,256.3200
2011-10-10,265.9200
2011-10-11,264.0800
2011-10-12,263.3600
2011-10-13,261.2000
2011-10-14,270.9600
2011-10-17,267.4400
2011-10-18,273.2000
2011-10-19,266.4800
2011-10-20,266.6400
2011-10-21,270.8000
2011-10-24,283.0400
2011-10-25,286.4000
2011-10-26,280.4800
2011-10-27,289.6800
2011-10-28,288.2400
2011-10-31,285.9200
2011-11-01,281.6000
2011-11-02,285.3600
2011-11-03,290.5600
2011-11-04,291.6800
2011-11-07,296.7200
2011-11-08,299.4400
2011-11-09,296.0000
2011-11-10,301.7600
2011-11-11,305.6800
2011-11-14,302.8800
2011-11-15,307.4400
2011-11-16,314.7200
2011-11-17,305.8400
2011-11-18,302.5600
2011-11-21,300.7200
2011-11-22,302.5600
2011-11-23,297.2800
2011-11-25,297.2800
2011-11-28,302.8000
2011-11-29,308.4000
2011-11-30,310.2400
2011-12-01,308.8800
2011-12-02,312.2400
2011-12-05,312.0800
2011-12-06,312.0000
2011-12-07,310.4800
2011-12-08,302.2400
2011-12-09,308.0000
2011-12-12,303.0400
2011-12-13,308.8800
2011-12-14,293.2800
2011-12-15,289.0400
2011-12-16,290.1600
2011-12-19,289.6000
2011-12-20,300.4800
2011-12-21,304.8800
2011-12-22,306.2400
2011-12-23,307.9200
2011-12-27,312.4800
2011-12-28,306.7200
2011-12-29,307.2800
2011-12-30,304.8800
2012-01-03,317.5200
2012-01-04,318.1600
2012-01-05,313.3600
2012-01-06,313.7600
2012-01-09,312.6400
2012-01-10,314.7200
2012-01-11,311.3600
2012-01-12,304.4800
2012-01-13,305.2800
2012-01-17,310.3200
2012-01-18,310.6400
2012-01-19,309.5200
2012-01-20,302.2400
2012-01-23,307.1200
2012-01-24,304.8000
2012-01-25,306.8000
2012-01-26,306.9600
2012-01-27,306.4000
2012-01-30,304.0800
2012-01-31,302.5600
2012-02-01,299.0400
2012-02-02,297.0400
2012-02-03,300.7200
2012-02-06,298.6400
2012-02-07,303.6000
2012-02-08,304.3200
2012-02-09,306.6400
2012-02-10,304.1600
2012-02-13,309.5200
2012-02-14,310.7200
2012-02-15,313.4400
2012-02-16,314.2400
2012-02-17,318.0000
2012-02-21,324.6400
2012-02-22,324.7200
2012-02-23,330.9600
2012-02-24,336.0800
2012-02-27,329.4400
2012-02-28,326.3200
2012-02-29,327.3600
2012-03-01,334.0000
2012-03-02,326.1600
2012-03-05,327.7600
2012-03-06,321.0400
2012-03-07,324.8800
2012-03-08,326.5600
2012-03-09,328.7200
2012-03-12,325.6000
2012-03-13,326.6400
2012-03-14,323.2800
2012-03-15,322.2400
2012-03-16,328.2400
2012-03-19,330.3200
2012-03-20,323.4400
2012-03-21,325.2800
2012-03-22,321.1200
2012-03-23,325.5200
2012-03-26,326.1600
2012-03-27,325.6800
2012-03-28,321.5200
2012-03-29,314.3200
2012-03-30,313.8400
2012-04-02,320.2400
2012-04-03,317.2800
2012-04-04,310.7200
2012-04-05,314.0800
2012-04-09,311.7600
2012-04-10,308.0800
2012-04-11,312.0800
2012-04-12,315.5200
2012-04-13,313.2000
2012-04-16,313.4400
2012-04-17,317.1200
2012-04-18,312.4000
2012-04-19,311.6800
2012-04-20,315.1200
2012-04-23,312.2400
2012-04-24,313.3600
2012-04-25,315.2800
2012-04-26,316.2400
2012-04-27,316.9600
2012-04-30,317.4400
2012-05-01,321.2000
2012-05-02,319.1200
2012-05-03,310.6400
2012-05-04,298.3200
2012-05-07,296.4000
2012-05-08,294.9600
2012-05-09,292.1600
2012-05-10,292.8800
2012-05-11,290.0800
2012-05-14,284.8800
2012-05-15,282.2400
2012-05-16,280.4000
2012-05-17,280.3200
2012-05-18,275.4400
2012-05-21,281.2000
2012-05-22,275.8400
2012-05-23,272.7200
2012-05-24,274.0800
2012-05-25,273.7600
2012-05-29,273.8400
2012-05-30,264.1600
2012-05-31,260.8800
2012-06-01,251.4400
2012-06-04,254.0800
2012-06-05,254.0800
2012-06-06,257.2000
2012-06-07,253.7600
2012-06-08,254.4000
2012-06-11,245.6000
2012-06-12,251.3600
2012-06-13,248.8000
2012-06-14,253.8400
2012-06-15,253.0400
2012-06-18,250.5600
2012-06-19,253.4400
2012-06-20,243.9200
2012-06-21,235.6800
2012-06-22,240.8000
2012-06-25,238.4000
2012-06-26,238.4800
2012-06-27,241.6000
2012-06-28,236.0000
2012-06-29,254.6400
2012-07-02,251.4400
2012-07-03,263.5200
2012-07-05,260.9600
2012-07-06,252.7200
2012-07-09,257.3600
2012-07-10,252.1600
2012-07-11,258.6400
2012-07-12,257.6000
2012-07-13,261.4400
2012-07-16,264.9600
2012-07-17,267.0400
2012-07-18,269.5200
2012-07-19,277.1200
2012-07-20,273.6000
2012-07-23,264.0000
2012-07-24,265.2000
2012-07-25,265.6800
2012-07-26,267.2800
2012-07-27,269.3600
2012-07-30,267.6000
2012-07-31,261.4400
2012-08-01,265.3600
2012-08-02,260.8000
2012-08-03,272.5600
2012-08-06,275.3600
2012-08-07,279.2800
2012-08-08,278.9600
2012-08-09,279.4400
2012-08-10,278.8000
2012-08-13,277.2800
2012-08-14,279.3600
2012-08-15,281.5200
2012-08-16,284.4800
2012-08-17,287.6000
2012-08-20,286.6400
2012-08-21,287.8400
2012-08-22,289.7600
2012-08-23,286.0800
2012-08-24,285.4400
2012-08-27,284.8800
2012-08-28,286.3200
2012-08-29,283.0400
2012-08-30,282.0800
2012-08-31,287.1200
2012-09-04,284.0800
2012-09-05,284.5600
2012-09-06,281.8400
2012-09-07,287.0400
2012-09-10,286.8000
2012-09-11,288.8800
2012-09-12,288.3200
2012-09-13,292.0800
2012-09-14,294.7200
2012-09-17,286.0000
2012-09-18,284.5600
2012-09-19,272.9600
2012-09-20,276.0800
2012-09-21,275.9200
2012-09-24,272.7200
2012-09-25,270.0000
2012-09-26,266.7200
2012-09-27,273.2000
2012-09-28,272.9600
2012-10-01,274.0000
2012-10-02,272.1600
2012-10-03,260.8800
2012-10-04,271.5200
2012-10-05,266.8000
2012-10-08,265.7600
2012-10-09,273.4400
2012-10-10,270.7200
2012-10-11,274.3200
2012-10-12,272.0000
2012-10-15,272.0000
2012-10-16,273.0400
2012-10-17,272.8000
2012-10-18,272.5600
2012-10-19,266.7200
2012-10-22,263.2000
2012-10-23,255.7600
2012-10-24,253.0400
2012-10-25,254.2400
2012-10-26,254.3200
2012-10-31,254.2400
2012-11-01,256.4800
2012-11-02,250.8000
2012-11-05,252.8800
2012-11-06,260.4800
2012-11-07,249.6800
2012-11-08,250.4000
2012-11-09,253.8400
2012-11-12,252.7200
2012-11-13,251.2800
2012-11-14,254.1600
2012-11-15,251.9200
2012-11-16,255.4400
2012-11-19,261.3600
2012-11-20,255.6000
2012-11-21,256.9600
2012-11-23,258.5600
2012-11-26,257.5200
2012-11-27,255.8400
2012-11-28,254.3200
2012-11-29,257.3600
2012-11-30,260.4800
2012-12-03,260.8000
2012-12-04,259.2000
2012-12-05,257.7600
2012-12-06,253.2800
2012-12-07,252.2400
2012-12-10,251.1200
2012-12-11,251.7600
2012-12-12,254.2400
2012-12-13,252.6400
2012-12-14,254.4800
2012-12-17,256.0800
2012-12-18,257.4400
2012-12-19,261.3600
2012-12-20,261.8400
2012-12-21,258.8800
2012-12-24,257.9200
2012-12-26,265.2000
2012-12-27,265.5200
2012-12-28,264.3200
2012-12-31,266.9600
2013-01-02,270.5600
2013-01-03,269.9200
2013-01-04,271.0400
2013-01-07,271.3600
2013-01-08,271.6800
2013-01-09,271.0400
2013-01-10,273.3600
2013-01-11,272.4800
2013-01-14,274.2400
2013-01-15,271.9200
2013-01-16,274.2400
2013-01-17,277.3600
2013-01-18,278.1600
2013-01-22,280.0800
2013-01-23,276.8800
2013-01-24,278.0800
2013-01-25,278.2400
2013-01-28,279.5200
2013-01-29,282.3200
2013-01-30,283.9200
2013-01-31,282.2400
2013-02-01,282.8000
2013-02-04,278.2400
2013-02-05,280.2400
2013-02-06,280.3200
2013-02-07,277.4400
2013-02-08,277.6000
2013-02-11,280.9600
2013-02-12,282.2400
2013-02-13,281.5200
2013-02-14,282.1600
2013-02-15,277.7600
2013-02-19,279.6800
2013-02-20,273.3600
2013-02-21,267.4400
2013-02-22,268.8000
2013-02-25,265.6800
2013-02-26,266.6400
2013-02-27,267.2000
2013-02-28,264.4800
2013-03-01,261.9200
2013-03-04,259.2000
2013-03-05,261.5200
2013-03-06,260.3200
2013-03-07,263.5200
2013-03-08,264.4000
2013-03-11,264.3200
2013-03-12,266.0800
2013-03-13,265.5200
2013-03-14,267.3600
2013-03-15,268.8000
2013-03-18,269.2000
2013-03-19,264.5600
2013-03-20,267.6000
2013-03-21,264.4000
2013-03-22,268.8800
2013-03-25,270.8000
2013-03-26,275.6000
2013-03-27,276.4000
2013-03-28,278.0000
2013-04-01,277.4400
2013-04-02,277.2000
2013-04-03,270.0800
2013-04-04,267.1200
2013-04-05,266.2400
2013-04-08,267.9200
2013-04-09,269.1200
2013-04-10,270.6400
2013-04-11,267.6800
2013-04-12,260.2400
2013-04-15,251.9200
2013-04-16,254.0800
2013-04-17,248.0800
2013-04-18,253.1200
2013-04-19,251.1200
2013-04-22,254.5600
2013-04-23,254.8800
2013-04-24,261.2800
2013-04-25,266.0000
2013-04-26,264.9600
2013-04-29,268.8800
2013-04-30,265.2800
2013-05-01,259.1200
2013-05-02,267.9200
2013-05-03,272.0800
2013-05-06,273.1200
2013-05-07,272.0800
2013-05-08,275.2000
2013-05-09,273.3600
2013-05-10,273.1200
2013-05-13,270.8800
2013-05-14,268.4800
2013-05-15,268.8800
2013-05-16,270.9600
2013-05-17,273.6800
2013-05-20,275.5200
2013-05-21,272.8800
2013-05-22,267.6800
2013-05-23,268.3200
2013-05-24,266.9600
2013-05-28,270.3200
2013-05-29,264.8000
2013-05-30,266.0000
2013-05-31,260.8800
2013-06-03,265.2800
2013-06-04,265.6000
2013-06-05,266.0800
2013-06-06,268.9600
2013-06-07,273.2800
2013-06-10,272.0000
2013-06-11,270.3200
2013-06-12,272.2400
2013-06-13,274.6400
2013-06-14,277.9200
2013-06-17,278.0800
2013-06-18,279.6800
2013-06-19,278.2400
2013-06-20,269.0400
2013-06-21,265.8400
2013-06-24,269.1200
2013-06-25,269.9200
2013-06-26,270.4000
2013-06-27,274.6400
2013-06-28,273.4400
2013-07-01,277.3600
2013-07-02,281.6800
2013-07-03,286.7200
2013-07-05,292.4800
2013-07-08,291.2800
2013-07-09,294.1600
2013-07-10,299.4400
2013-07-11,296.0800
2013-07-12,300.4800
2013-07-15,301.3600
2013-07-16,299.8400
2013-07-17,302.4000
2013-07-18,306.7200
2013-07-19,307.6000
2013-07-22,303.3600
2013-07-23,304.7200
2013-07-24,299.2000
2013-07-25,300.6400
2013-07-26,297.6800
2013-07-29,297.0400
2013-07-30,293.3600
2013-07-31,298.8800
2013-08-01,306.1600
2013-08-02,303.5200
2013-08-05,302.6400
2013-08-06,299.6800
2013-08-07,296.0800
2013-08-08,294.7200
2013-08-09,300.7200
2013-08-12,302.0800
2013-08-13,303.2000
2013-08-14,304.7200
2013-08-15,305.9200
2013-08-16,307.2000
2013-08-19,305.3600
2013-08-20,300.1600
2013-08-21,297.3600
2013-08-22,300.3200
2013-08-23,303.6000
2013-08-26,303.6800
2013-08-27,310.9600
2013-08-28,312.6400
2013-08-29,308.6400
2013-08-30,307.8400
2013-09-03,310.0800
2013-09-04,306.7200
2013-09-05,309.5200
2013-09-06,314.8800
2013-09-09,311.5200
2013-09-10,306.7200
2013-09-11,307.8400
2013-09-12,310.9600
2013-09-13,310.8000
2013-09-16,304.8800
2013-09-17,301.9200
2013-09-18,309.4400
2013-09-19,304.6400
2013-09-20,302.1600
2013-09-23,298.1600
2013-09-24,297.7600
2013-09-25,295.0400
2013-09-26,296.6400
2013-09-27,295.6800
2013-09-30,294.8000
2013-10-01,293.4400
2013-10-02,299.3600
2013-10-03,297.1200
2013-10-04,298.4800
2013-10-07,297.1200
2013-10-08,298.4800
2013-10-09,292.4000
2013-10-10,296.8000
2013-10-11,294.0000
2013-10-14,294.9600
2013-10-15,291.7600
2013-10-16,295.3600
2013-10-17,291.0400
2013-10-18,291.6000
2013-10-21,287.5200
2013-10-22,283.2800
2013-10-23,279.6000
2013-10-24,279.9200
2013-10-25,282.5600
2013-10-28,284.4000
2013-10-29,283.2800
2013-10-30,278.8000
2013-10-31,277.5200
2013-11-01,273.0400
2013-11-04,272.3200
2013-11-05,269.3600
2013-11-06,273.5200
2013-11-07,271.7600
2013-11-08,272.0800
2013-11-11,274.0800
2013-11-12,269.1200
2013-11-13,271.2000
2013-11-14,271.4400
2013-11-15,271.0400
2013-11-18,268.9600
2013-11-19,269.7600
2013-11-20,269.0400
2013-11-21,273.3600
2013-11-22,272.3200
2013-11-25,270.5600
2013-11-26,269.5200
2013-11-27,265.5200
2013-11-29,267.6800
2013-12-02,269.4400
2013-12-03,276.0800
2013-12-04,279.0400
2013-12-05,279.4400
2013-12-06,280.4000
2013-12-09,279.2800
2013-12-10,282.4800
2013-12-11,279.8400
2013-12-12,279.7600
2013-12-13,277.1200
2013-12-16,279.5200
2013-12-17,278.9600
2013-12-18,280.2400
2013-12-19,282.5600
2013-12-20,283.8400
2013-12-23,282.8800
2013-12-24,283.9200
2013-12-26,285.2000
2013-12-27,286.7200
2013-12-30,284.2400
2013-12-31,282.5600
2014-01-02,273.8400
2014-01-03,270.0000
2014-01-06,268.5600
2014-01-07,268.6400
2014-01-08,265.2800
2014-01-09,264.6400
2014-01-10,265.5200
2014-01-13,262.4800
2014-01-14,264.3200
2014-01-15,270.1600
2014-01-16,269.2000
2014-01-17,269.5200
2014-01-21,271.9200
2014-01-22,276.4800
2014-01-23,277.7600
2014-01-24,276.6400
2014-01-27,273.8400
2014-01-28,277.5200
2014-01-29,277.8400
2014-01-30,279.6000
2014-01-31,278.4000
2014-02-03,276.1600
2014-02-04,277.9200
2014-02-05,277.6800
2014-02-06,279.2000
2014-02-07,285.1200
2014-02-10,285.0400
2014-02-11,285.1200
2014-02-12,286.4000
2014-02-13,286.9600
2014-02-14,287.2800
2014-02-18,293.2800
2014-02-19,295.2000
2014-02-20,295.0400
2014-02-21,293.5200
2014-02-24,294.3200
2014-02-25,292.7200
2014-02-26,294.0000
2014-02-27,293.5200
2014-02-28,293.9200
2014-03-03,300.1600
2014-03-04,296.4800
2014-03-05,289.9200
2014-03-06,292.5600
2014-03-07,294.2400
2014-03-10,290.4000
2014-03-11,286.4800
2014-03-12,282.8000
2014-03-13,282.7200
2014-03-14,284.2400
2014-03-17,281.2000
2014-03-18,284.6400
2014-03-19,285.6800
2014-03-20,284.6400
2014-03-21,286.7200
2014-03-24,286.5600
2014-03-25,286.1600
2014-03-26,288.7200
2014-03-27,292.0000
2014-03-28,292.9600
2014-03-31,292.7200
2014-04-01,286.6400
2014-04-02,286.4000
2014-04-03,289.1200
2014-04-04,291.4400
2014-04-07,290.2400
2014-04-08,295.2000
2014-04-09,297.7600
2014-04-10,297.6000
2014-04-11,297.4400
2014-04-14,299.0400
2014-04-15,299.1200
2014-04-16,299.8400
2014-04-17,301.2800
2014-04-21,301.1200
2014-04-22,296.0000
2014-04-23,295.2800
2014-04-24,296.4000
2014-04-25,292.8000
2014-04-28,293.6800
2014-04-29,293.7600
2014-04-30,290.5600
2014-05-01,289.2800
2014-05-02,290.3200
2014-05-05,289.1200
2014-05-06,289.5200
2014-05-07,292.8000
2014-05-08,291.9200
2014-05-09,291.2000
2014-05-12,292.7200
2014-05-13,296.3200
2014-05-14,297.4400
2014-05-15,296.3200
2014-05-16,297.8400
2014-05-19,299.0400
2014-05-20,300.1600
2014-05-21,303.8400
2014-05-22,304.0800
2014-05-23,305.4400
2014-05-27,305.1200
2014-05-28,301.4400
2014-05-29,303.2800
2014-05-30,301.4400
2014-06-02,300.2400
2014-06-03,301.1200
2014-06-04,300.0800
2014-06-05,300.4000
2014-06-06,300.8800
2014-06-09,305.4400
2014-06-10,306.2400
2014-06-11,306.0000
2014-06-12,312.6400
2014-06-13,312.9600
2014-06-16,313.3600
2014-06-17,311.9200
2014-06-18,312.0800
2014-06-19,313.0400
2014-06-20,314.5600
2014-06-23,313.2800
2014-06-24,312.7200
2014-06-25,314.3200
2014-06-26,311.7600
2014-06-27,311.8400
2014-06-30,311.0400
2014-07-01,310.8800
2014-07-02,307.2000
2014-07-03,306.0000
2014-07-07,305.3600
2014-07-08,305.4400
2014-07-09,301.5200
2014-07-10,303.2000
2014-07-11,297.2800
2014-07-14,298.5600
2014-07-15,295.0400
2014-07-16,298.4800
2014-07-17,302.6400
2014-07-18,301.7600
2014-07-21,304.8000
2014-07-22,303.6000
2014-07-23,305.2800
2014-07-24,302.5600
2014-07-25,302.1600
2014-07-28,301.1200
2014-07-29,299.1200
2014-07-30,295.3600
2014-07-31,290.5600
2014-08-01,289.5200
2014-08-04,291.8400
2014-08-05,289.2800
2014-08-06,287.6000
2014-08-07,289.2800
2014-08-08,288.9600
2014-08-11,289.7600
2014-08-12,287.9200
2014-08-13,288.1600
2014-08-14,280.8800
2014-08-15,283.5200
2014-08-18,280.4800
2014-08-19,277.6800
2014-08-20,278.8800
2014-08-21,280.7200
2014-08-22,279.6800
2014-08-25,278.9600
2014-08-26,280.3200
2014-08-27,280.2400
2014-08-28,282.5600
2014-08-29,286.0800
2014-09-02,278.3200
2014-09-03,284.4000
2014-09-04,282.4000
2014-09-05,279.2000
2014-09-08,277.6000
2014-09-09,276.9600
2014-09-10,274.0800
2014-09-11,277.5200
2014-09-12,275.0400
2014-09-15,276.4800
2014-09-16,282.0000
2014-09-17,280.0800
2014-09-18,276.9600
2014-09-19,276.5600
2014-09-22,273.5200
2014-09-23,275.5200
2014-09-24,280.0000
2014-09-25,278.6400
2014-09-26,281.2800
2014-09-29,284.1600
2014-09-30,275.2800
2014-10-01,273.2000
2014-10-02,274.9600
2014-10-03,270.1600
2014-10-06,272.3200
2014-10-07,267.5200
2014-10-08,264.0000
2014-10-09,256.8800
2014-10-10,257.4400
2014-10-13,255.9200
2014-10-14,246.8000
2014-10-15,245.3600
2014-10-16,248.8000
2014-10-17,250.0000
2014-10-20,249.1200
2014-10-21,250.4000
2014-10-22,244.4000
2014-10-23,248.4800
2014-10-24,247.0400
2014-10-27,245.1200
2014-10-28,246.5600
2014-10-29,249.8400
2014-10-30,246.0800
2014-10-31,245.0400
2014-11-03,238.0800
2014-11-04,234.4000
2014-11-05,239.6000
2014-11-06,236.8000
2014-11-07,238.0800
2014-11-10,234.7200
2014-11-11,235.3600
2014-11-12,233.1200
2014-11-13,226.3200
2014-11-14,230.6400
2014-11-17,229.4400
2014-11-18,225.6000
2014-11-19,226.0000
2014-11-20,229.8400
2014-11-21,232.8000
2014-11-24,229.9200
2014-11-25,224.2400
2014-11-26,223.2000
2014-11-28,204.6400
2014-12-01,210.5600
2014-12-02,204.6400
2014-12-03,204.6400
2014-12-04,202.7200
2014-12-05,199.6800
2014-12-08,191.2800
2014-12-09,193.6000
2014-12-10,186.2400
2014-12-11,181.4400
2014-12-12,175.4400
2014-12-15,168.4800
2014-12-16,170.4000
2014-12-17,170.7200
2014-12-18,165.9200
2014-12-19,175.6800
2014-12-22,167.3600
2014-12-23,172.4800
2014-12-24,168.4000
2014-12-26,166.2400
2014-12-29,162.4000
2014-12-30,162.3200
2014-12-31,162.8800
2015-01-02,159.1200
2015-01-05,150.3200
2015-01-06,144.4000
2015-01-07,146.9600
2015-01-08,148.4000
2015-01-09,146.2400
2015-01-12,139.2800
2015-01-13,140.9600
2015-01-14,146.1600
2015-01-15,139.6000
2015-01-16,146.6400
2015-01-20,139.8400
2015-01-21,142.1600
2015-01-22,139.2800
2015-01-23,136.0000
2015-01-26,134.9600
2015-01-27,137.6800
2015-01-28,132.4800
2015-01-29,133.4400
2015-01-30,142.5600
2015-02-02,148.9600
2015-02-03,156.9600
2015-02-04,146.2400
2015-02-05,152.2400
2015-02-06,155.7600
2015-02-09,158.1600
2015-02-10,151.5200
2015-02-11,148.0800
2015-02-12,153.4400
2015-02-13,156.9600
2015-02-17,158.3200
2015-02-18,154.0800
2015-02-19,152.8000
2015-02-20,149.2000
2015-02-23,144.8800
2015-02-24,144.3200
2015-02-25,149.2000
2015-02-26,144.2400
2015-02-27,144.8000
2015-03-02,146.5600
2015-03-03,147.9200
2015-03-04,152.0800
2015-03-05,149.6800
2015-03-06,145.9200
2015-03-09,146.8000
2015-03-10,143.2800
2015-03-11,142.1600
2015-03-12,139.5200
2015-03-13,134.4000
2015-03-16,130.8000
2015-03-17,127.6800
2015-03-18,134.0800
2015-03-19,128.6400
2015-03-20,131.4400
2015-03-23,134.2400
2015-03-24,134.3200
2015-03-25,138.8800
2015-03-26,145.6800
2015-03-27,137.1200
2015-03-30,137.8400
2015-03-31,134.7200
2015-04-01,140.6400
2015-04-02,140.4800
2015-04-06,147.4400
2015-04-07,152.4800
2015-04-08,144.5600
2015-04-09,144.2400
2015-04-10,147.2800
2015-04-13,148.0000
2015-04-14,150.5600
2015-04-15,157.6800
2015-04-16,159.5200
2015-04-17,158.7200
2015-04-20,159.1200
2015-04-21,155.6000
2015-04-22,154.8800
2015-04-23,158.0800
2015-04-24,157.3600
2015-04-27,156.1600
2015-04-28,156.8000
2015-04-29,160.9600
2015-04-30,164.0800
2015-05-01,163.2000
2015-05-04,162.2400
2015-05-05,166.0800
2015-05-06,166.5600
2015-05-07,161.6000
2015-05-08,163.3600
2015-05-11,163.0400
2015-05-12,165.9200
2015-05-13,164.8800
2015-05-14,164.2400
2015-05-15,164.1600
2015-05-18,163.5200
2015-05-19,157.0400
2015-05-20,158.7200
2015-05-21,164.0000
2015-05-22,162.0000
2015-05-26,157.5200
2015-05-27,155.8400
2015-05-28,156.4800
2015-05-29,162.4800
2015-06-01,162.8800
2015-06-02,165.4400
2015-06-03,161.3600
2015-06-04,157.2800
2015-06-05,159.2000
2015-06-08,157.6800
2015-06-09,161.6800
2015-06-10,165.1200
2015-06-11,163.9200
2015-06-12,162.1600
2015-06-15,161.2000
2015-06-16,162.0800
2015-06-17,161.6800
2015-06-18,162.8800
2015-06-19,160.1600
2015-06-22,161.2800
2015-06-23,163.7600
2015-06-24,161.6800
2015-06-25,159.8400
2015-06-26,159.8400
2015-06-29,156.0800
2015-06-30,159.0400
2015-07-01,152.8000
2015-07-02,151.4400
2015-07-06,141.8400
2015-07-07,142.0800
2015-07-08,139.0400
2015-07-09,141.6800
2015-07-10,141.3600
2015-07-13,140.0800
2015-07-14,141.7600
2015-07-15,137.8400
2015-07-16,136.4000
2015-07-17,135.9200
2015-07-20,133.5200
2015-07-21,135.2800
2015-07-22,130.7200
2015-07-23,129.1200
2015-07-24,128.2400
2015-07-27,125.2000
2015-07-28,126.8000
2015-07-29,129.9200
2015-07-30,128.8000
2015-07-31,124.7200
2015-08-03,120.8000
2015-08-04,121.7600
2015-08-05,120.2400
2015-08-06,118.9600
2015-08-07,116.4800
2015-08-10,119.1200
2015-08-11,115.9200
2015-08-12,115.5200
2015-08-13,112.7200
2015-08-14,111.9200
2015-08-17,111.1200
2015-08-18,112.4000
2015-08-19,107.4400
2015-08-20,106.9600
2015-08-21,105.8400
2015-08-24,99.9200
2015-08-25,101.8400
2015-08-26,102.1600
2015-08-27,111.6000
2015-08-28,119.0400
2015-08-31,127.1200
2015-09-01,118.4800
2015-09-02,120.7200
2015-09-03,122.7200
2015-09-04,120.6400
2015-09-08,120.1600
2015-09-09,116.0800
2015-09-10,119.4400
2015-09-11,117.2000
2015-09-14,115.1200
2015-09-15,116.5600
2015-09-16,122.8800
2015-09-17,121.8400
2015-09-18,116.9600
2015-09-21,120.4000
2015-09-22,119.3600
2015-09-23,115.5200
2015-09-24,116.7200
2015-09-25,117.7600
2015-09-28,115.0400
2015-09-29,116.8800
2015-09-30,117.4400
2015-10-01,116.6400
2015-10-02,118.1600
2015-10-05,120.0000
2015-10-06,125.9200
2015-10-07,124.5600
2015-10-08,128.3200
2015-10-09,127.9200
2015-10-12,122.4800
2015-10-13,120.4800
2015-10-14,120.4000
2015-10-15,121.0400
2015-10-16,121.7600
2015-10-19,118.6400
2015-10-20,117.8400
2015-10-21,115.4400
2015-10-22,116.0800
2015-10-23,114.1600
2015-10-26,112.0800
2015-10-27,110.5600
2015-10-28,117.5200
2015-10-29,117.0400
2015-10-30,118.4800
2015-11-02,118.0000
2015-11-03,122.2400
2015-11-04,118.8000
2015-11-05,115.8400
2015-11-06,113.8400
2015-11-09,112.6400
2015-11-10,112.7200
2015-11-11,110.0800
2015-11-12,106.8000
2015-11-13,104.4800
2015-11-16,107.1200
2015-11-17,104.0800
2015-11-18,104.4000
2015-11-19,103.6800
2015-11-20,103.4400
2015-11-23,104.1600
2015-11-24,106.5600
2015-11-25,107.1200
2015-11-27,104.2400
2015-11-30,103.4400
2015-12-01,103.6000
2015-12-02,99.8400
2015-12-03,102.1600
2015-12-04,99.6800
2015-12-07,93.7600
2015-12-08,93.4400
2015-12-09,92.4800
2015-12-10,90.9600
2015-12-11,88.5600
2015-12-14,89.2800
2015-12-15,91.2000
2015-12-16,87.9200
2015-12-17,85.9200
2015-12-18,85.2800
2015-12-21,85.2800
2015-12-22,86.1600
2015-12-23,90.0800
2015-12-24,90.4000
2015-12-28,87.4400
2015-12-29,90.0800
2015-12-30,87.4400
2015-12-31,88.0000
2016-01-04,87.8400
2016-01-05,85.2800
2016-01-06,80.8800
2016-01-07,79.2000
2016-01-08,78.4000
2016-01-11,74.0000
2016-01-12,73.3600
2016-01-13,72.7200
2016-01-14,73.8400
2016-01-15,70.3200
2016-01-19,67.9200
2016-01-20,65.9200
2016-01-21,68.4800
2016-01-22,74.1600
2016-01-25,68.3200
2016-01-26,71.7600
2016-01-27,73.4400
2016-01-28,77.6000
2016-01-29,77.2000
2016-02-01,72.1600
2016-02-02,68.5600
2016-02-03,74.7200
2016-02-04,72.9600
2016-02-05,71.2800
2016-02-08,69.1200
2016-02-09,65.4400
2016-02-10,63.6800
2016-02-11,63.9200
2016-02-12,66.6400
2016-02-16,66.4800
2016-02-17,70.2400
2016-02-18,69.2800
2016-02-19,68.4000
2016-02-22,71.2800
2016-02-23,67.8400
2016-02-24,68.7200
2016-02-25,70.4000
2016-02-26,70.2400
2016-02-29,72.0000
2016-03-01,73.2000
2016-03-02,74.4000
2016-03-03,74.0000
2016-03-04,77.2000
2016-03-07,80.8800
2016-03-08,77.2000
2016-03-09,81.2000
2016-03-10,80.3200
2016-03-11,81.5200
2016-03-14,79.0400
2016-03-15,77.6000
2016-03-16,81.4400
2016-03-17,84.4000
2016-03-18,83.8400
2016-03-21,84.7200
2016-03-22,84.3200
2016-03-23,80.8800
2016-03-24,80.4800
2016-03-28,80.0800
2016-03-29,78.4000
2016-03-30,77.8400
2016-03-31,77.6000
2016-04-01,74.6400
2016-04-04,72.6400
2016-04-05,73.0400
2016-04-06,76.8000
2016-04-07,76.0800
2016-04-08,80.2400
2016-04-11,82.2400
2016-04-12,85.1200
2016-04-13,84.0800
2016-04-14,83.8400
2016-04-15,82.0000
2016-04-18,81.3600
2016-04-19,83.5200
2016-04-20,86.0800
2016-04-21,85.7600
2016-04-22,86.0800
2016-04-25,84.4000
2016-04-26,86.4800
2016-04-27,89.1200
2016-04-28,89.7600
2016-04-29,90.4000
2016-05-02,88.4000
2016-05-03,85.9200
2016-05-04,86.3200
2016-05-05,87.2000
2016-05-06,87.6800
2016-05-09,85.4400
2016-05-10,87.9200
2016-05-11,90.7200
2016-05-12,91.6000
2016-05-13,90.9600
2016-05-16,94.0800
2016-05-17,95.3600
2016-05-18,93.6000
2016-05-19,94.3200
2016-05-20,94.0000
2016-05-23,93.2800
2016-05-24,94.5600
2016-05-25,96.2400
2016-05-26,95.6000
2016-05-27,95.8400
2016-05-31,94.9600
2016-06-01,95.4400
2016-06-02,94.8800
2016-06-03,94.5600
2016-06-06,96.3200
2016-06-07,97.7600
2016-06-08,99.4400
2016-06-09,98.0000
2016-06-10,94.9600
2016-06-13,94.0800
2016-06-14,93.8400
2016-06-15,91.7600
2016-06-16,89.1200
2016-06-17,93.2800
2016-06-20,95.2800
2016-06-21,95.1200
2016-06-22,93.9200
2016-06-23,95.8400
2016-06-24,91.2000
2016-06-27,89.5200
2016-06-28,91.7600
2016-06-29,94.3200
2016-06-30,92.5600
2016-07-01,94.2400
2016-07-05,89.4400
2016-07-06,90.6400
2016-07-07,86.5600
2016-07-08,86.6400
2016-07-11,85.2000
2016-07-12,89.5200
2016-07-13,86.0000
2016-07-14,86.9600
2016-07-15,87.9200
2016-07-18,86.5600
2016-07-19,85.6000
2016-07-20,85.8400
2016-07-21,83.9200
2016-07-22,83.3600
2016-07-25,81.0400
2016-07-26,80.6400
2016-07-27,79.2000
2016-07-28,77.3600
2016-07-29,78.0800
2016-08-01,75.2800
2016-08-02,74.6400
2016-08-03,77.5200
2016-08-04,78.7200
2016-08-05,78.8800
2016-08-08,80.8000
2016-08-09,80.5600
2016-08-10,78.1600
2016-08-11,81.6800
2016-08-12,84.0000
2016-08-15,86.0800
2016-08-16,87.3600
2016-08-17,87.9200
2016-08-18,90.4000
2016-08-19,90.7200
2016-08-22,87.7600
2016-08-23,88.7200
2016-08-24,86.5600
2016-08-25,87.6000
2016-08-26,87.6000
2016-08-29,86.8000
2016-08-30,85.8400
2016-08-31,82.8800
2016-09-01,80.4800
2016-09-02,81.9200
2016-09-06,83.1200
2016-09-07,84.1600
2016-09-08,87.6800
2016-09-09,84.7200
2016-09-12,85.1200
2016-09-13,82.9600
2016-09-14,80.7200
2016-09-15,81.1200
2016-09-16,80.0000
2016-09-19,79.8400
2016-09-20,80.5600
2016-09-21,83.2000
2016-09-22,84.2400
2016-09-23,81.5200
2016-09-26,83.4400
2016-09-27,81.2000
2016-09-28,85.2000
2016-09-29,86.9600
2016-09-30,87.4400
2016-10-03,88.8000
2016-10-04,88.7200
2016-10-05,90.8000
2016-10-06,92.0800
2016-10-07,90.6400
2016-10-10,93.3600
2016-10-11,92.6400
2016-10-12,91.4400
2016-10-13,91.9200
2016-10-14,91.5200
2016-10-17,90.9600
2016-10-18,91.6000
2016-10-19,93.2800
2016-10-20,91.4400
2016-10-21,91.8400
2016-10-24,91.4400
2016-10-25,89.9200
2016-10-26,88.7200
2016-10-27,89.6800
2016-10-28,88.0800
2016-10-31,84.2400
2016-11-01,84.5600
2016-11-02,82.2400
2016-11-03,80.6400
2016-11-04,79.8400
2016-11-07,81.2800
2016-11-08,80.8000
2016-11-09,82.2400
2016-11-10,80.3200
2016-11-11,78.1600
2016-11-14,78.9600
2016-11-15,82.7200
2016-11-16,81.8400
2016-11-17,81.0400
2016-11-18,82.5600
2016-11-21,86.1600
2016-11-22,85.0400
2016-11-23,85.3600
2016-11-25,82.6400
2016-11-28,83.5200
2016-11-29,80.4800
2016-11-30,87.4400
2016-12-01,90.6400
2016-12-02,91.8400
2016-12-05,90.8000
2016-12-06,90.3200
2016-12-07,88.7200
2016-12-08,90.4800
2016-12-09,91.5200
2016-12-12,92.9600
2016-12-13,93.8400
2016-12-14,90.5600
2016-12-15,90.8800
2016-12-16,92.4000
2016-12-19,92.0000
2016-12-20,92.9600
2016-12-21,91.5200
2016-12-22,91.6800
2016-12-23,92.4800
2016-12-27,93.8400
2016-12-28,94.0000
2016-12-29,93.7600
2016-12-30,93.7600
2017-01-03,91.5200
2017-01-04,92.6400
2017-01-05,93.6000
2017-01-06,93.4400
2017-01-09,90.4800
2017-01-10,88.5600
2017-01-11,90.9600
2017-01-12,92.3200
2017-01-13,91.2800
2017-01-17,91.4400
2017-01-18,89.2800
2017-01-19,89.3600
2017-01-20,91.1200
2017-01-23,90.5600
2017-01-24,90.9600
2017-01-25,90.4800
2017-01-26,92.2400
2017-01-27,91.2000
2017-01-30,90.2400
2017-01-31,90.5600
2017-02-01,91.8400
2017-02-02,92.0800
2017-02-03,92.3200
2017-02-06,91.0400
2017-02-07,89.5200
2017-02-08,89.8400
2017-02-09,90.8000
2017-02-10,92.0000
2017-02-13,90.5600
2017-02-14,91.0400
2017-02-15,90.8800
2017-02-16,91.2800
2017-02-17,91.1200
2017-02-21,92.3200
2017-02-22,90.8800
2017-02-23,92.2400
2017-02-24,91.6800
2017-02-27,91.7600
2017-02-28,91.6000
2017-03-01,91.2000
2017-03-02,89.3600
2017-03-03,90.3200
2017-03-06,90.2400
2017-03-07,90.1600
2017-03-08,85.3600
2017-03-09,84.2400
2017-03-10,82.3200
2017-03-13,82.2400
2017-03-14,81.5200
2017-03-15,83.0400
2017-03-16,82.8800
2017-03-17,82.6400
2017-03-20,82.1600
2017-03-21,80.8800
2017-03-22,80.9600
2017-03-23,80.0800
2017-03-24,80.7200
2017-03-27,80.3200
2017-03-28,81.2000
2017-03-29,82.9600
2017-03-30,84.5600
2017-03-31,85.1200
2017-04-03,84.4000
2017-04-04,85.6800
2017-04-05,85.4400
2017-04-06,86.8800
2017-04-07,87.6800
2017-04-10,89.1200
2017-04-11,89.3600
2017-04-12,88.8800
2017-04-13,89.0400
2017-04-17,88.4800
2017-04-18,88.3200
2017-04-19,84.9600
2017-04-20,84.3200
2017-04-21,82.5600
2017-04-24,82.0000
2017-04-25,82.8800
2017-04-26,82.0800
2017-04-27,81.9200
2017-04-28,81.9200
2017-05-01,81.2000
2017-05-02,79.3600
2017-05-03,79.4400
2017-05-04,75.6800
2017-05-05,77.2800
2017-05-08,77.3600
2017-05-09,76.5600
2017-05-10,78.8800
2017-05-11,79.5200
2017-05-12,79.6000
2017-05-15,81.3600
2017-05-16,80.8800
2017-05-17,81.5200
2017-05-18,82.0800
2017-05-19,83.8400
2017-05-22,84.3200
2017-05-23,85.1200
2017-05-24,84.8000
2017-05-25,80.3200
2017-05-26,82.2400
2017-05-30,81.9200
2017-05-31,79.6800
2017-06-01,79.2800
2017-06-02,78.8800
2017-06-05,78.4000
2017-06-06,79.7600
2017-06-07,75.6800
2017-06-08,75.4400
2017-06-09,75.9200
2017-06-12,76.1600
2017-06-13,76.8000
2017-06-14,73.8400
2017-06-15,73.4400
2017-06-16,73.9200
2017-06-19,72.9600
2017-06-20,71.6000
2017-06-21,69.6800
2017-06-22,70.2400
2017-06-23,70.8800
2017-06-26,71.4400
2017-06-27,72.8000
2017-06-28,73.6000
2017-06-29,73.6800
2017-06-30,76.0000
2017-07-03,76.9600
2017-07-05,74.0000
2017-07-06,74.4800
2017-07-07,72.8000
2017-07-10,73.0400
2017-07-11,74.1600
2017-07-12,74.6400
2017-07-13,75.7600
2017-07-14,76.7200
2017-07-17,75.6000
2017-07-18,76.3200
2017-07-19,77.5200
2017-07-20,76.8800
2017-07-21,74.7200
2017-07-24,76.0000
2017-07-25,78.4800
2017-07-26,79.6800
2017-07-27,80.4800
2017-07-28,81.3600
2017-07-31,82.2400
2017-08-01,80.7200
2017-08-02,81.1200
2017-08-03,80.1600
2017-08-04,81.0400
2017-08-07,80.8000
2017-08-08,80.4800
2017-08-09,81.2000
2017-08-10,79.2800
2017-08-11,79.9200
2017-08-14,77.7600
2017-08-15,78.0000
2017-08-16,76.5600
2017-08-17,76.9600
2017-08-18,79.7600
2017-08-21,77.6800
2017-08-22,78.1600
2017-08-23,79.0400
2017-08-24,77.6800
2017-08-25,78.0000
2017-08-28,76.2400
2017-08-29,75.6800
2017-08-30,75.0400
2017-08-31,77.0400
2017-09-01,77.3600
2017-09-05,79.3600
2017-09-06,80.3200
2017-09-07,80.2400
2017-09-08,77.8400
2017-09-11,78.5600
2017-09-12,78.9600
2017-09-13,80.5600
2017-09-14,81.0400
2017-09-15,81.6000
2017-09-18,81.3600
2017-09-19,80.8800
2017-09-20,81.9200
2017-09-21,82.0000
2017-09-22,81.9200
2017-09-25,84.4000
2017-09-26,83.9200
2017-09-27,84.1600
2017-09-28,83.4400
2017-09-29,83.4400
2017-10-02,81.6800
2017-10-03,81.4400
2017-10-04,80.6400
2017-10-05,82.0000
2017-10-06,79.7600
2017-10-09,80.0000
2017-10-10,82.2400
2017-10-11,82.8800
2017-10-12,81.8400
2017-10-13,82.9600
2017-10-16,83.6800
2017-10-17,83.9200
2017-10-18,83.8400
2017-10-19,82.8000
2017-10-20,83.4400
2017-10-23,83.3600
2017-10-24,84.3200
2017-10-25,83.8400
2017-10-26,84.5600
2017-10-27,86.7200
2017-10-30,86.9600
2017-10-31,87.4400
2017-11-01,87.2000
2017-11-02,87.9200
2017-11-03,89.4400
2017-11-06,92.0800
2017-11-07,91.9200
2017-11-08,91.2800
2017-11-09,91.6800
2017-11-10,91.3600
2017-11-13,91.0400
2017-11-14,89.0400
2017-11-15,88.7200
2017-11-16,88.5600
2017-11-17,90.8000
2017-11-20,90.2400
2017-11-21,91.2000
2017-11-22,92.8000
2017-11-24,94.3200
2017-11-27,92.7200
2017-11-28,92.6400
2017-11-29,91.7600
2017-11-30,91.7600
2017-12-01,93.3600
2017-12-04,91.9200
2017-12-05,92.3200
2017-12-06,89.6000
2017-12-07,90.6400
2017-12-08,91.9200
2017-12-11,92.8000
2017-12-12,91.5200
2017-12-13,90.6400
2017-12-14,91.4400
2017-12-15,91.6800
2017-12-18,91.5200
2017-12-19,92.0800
2017-12-20,92.8800
2017-12-21,93.1200
2017-12-22,93.2800
2017-12-26,95.6000
2017-12-27,95.3600
2017-12-28,95.7600
2017-12-29,96.0800
2018-01-02,96.5600
2018-01-03,98.7200
2018-01-04,98.9600
2018-01-05,98.4800
2018-01-08,99.0400
2018-01-09,100.5600
2018-01-10,101.4400
2018-01-11,101.6000
2018-01-12,102.9600
2018-01-16,102.0800
2018-01-17,102.2400
2018-01-18,102.0800
2018-01-19,101.7600
2018-01-22,102.2400
2018-01-23,103.7600
2018-01-24,105.7600
2018-01-25,104.4800
2018-01-26,105.9200
2018-01-29,104.8800
2018-01-30,103.2000
2018-01-31,103.8400
2018-02-01,105.9200
2018-02-02,104.3200
2018-02-05,102.1600
2018-02-06,101.6000
2018-02-07,98.9600
2018-02-08,96.7200
2018-02-09,94.8800
2018-02-12,95.1200
2018-02-13,94.9600
2018-02-14,97.4400
2018-02-15,98.6400
2018-02-16,99.0400
2018-02-20,99.1200
2018-02-21,98.3200
2018-02-22,100.7200
2018-02-23,102.1600
2018-02-26,102.8800
2018-02-27,101.2000
2018-02-28,98.9600
2018-03-01,98.8000
2018-03-02,98.9600
2018-03-05,100.7200
2018-03-06,100.5600
2018-03-07,98.8000
2018-03-08,97.2000
2018-03-09,99.7600
2018-03-12,98.9600
2018-03-13,97.9200
2018-03-14,98.2400
2018-03-15,98.7200
2018-03-16,100.4000
2018-03-19,100.4000
2018-03-20,102.4800
2018-03-21,105.4400
2018-03-22,103.6000
2018-03-23,106.2400
2018-03-26,105.6800
2018-03-27,104.6400
2018-03-28,104.3200
2018-03-29,104.7200
2018-04-02,101.9200
2018-04-03,102.4800
2018-04-04,102.5600
2018-04-05,102.6400
2018-04-06,100.0800
2018-04-09,102.1600
2018-04-10,106.0000
2018-04-11,107.6000
2018-04-12,108.1600
2018-04-13,108.4000
2018-04-16,107.0400
2018-04-17,107.2800
2018-04-18,111.0400
2018-04-19,110.1600
2018-04-20,110.0000
2018-04-23,111.3600
2018-04-24,109.4400
2018-04-25,109.7600
2018-04-26,110.1600
2018-04-27,109.8400
2018-04-30,110.4000
2018-05-01,108.8800
2018-05-02,109.3600
2018-05-03,110.5600
2018-05-04,112.7200
2018-05-07,112.8000
2018-05-08,112.4800
2018-05-09,114.9600
2018-05-10,115.2800
2018-05-11,114.0000
2018-05-14,115.0400
2018-05-15,115.2000
2018-05-16,115.6800
2018-05-17,115.9200
2018-05-18,115.4400
2018-05-21,117.3600
2018-05-22,116.4800
2018-05-23,116.0800
2018-05-24,114.3200
2018-05-25,109.4400
2018-05-29,108.0800
2018-05-30,110.6400
2018-05-31,108.4000
2018-06-01,106.0000
2018-06-04,104.9600
2018-06-05,105.7600
2018-06-06,105.2800
2018-06-07,106.8000
2018-06-08,106.1600
2018-06-11,106.8800
2018-06-12,107.2000
2018-06-13,107.7600
2018-06-14,108.1600
2018-06-15,104.4000
2018-06-18,106.3200
2018-06-19,105.1200
2018-06-20,106.2400
2018-06-21,106.4800
2018-06-22,112.1600
2018-06-25,110.1600
2018-06-26,114.1600
2018-06-27,117.2000
2018-06-28,118.8800
2018-06-29,120.4800
2018-07-02,119.6800
2018-07-03,119.3600
2018-07-05,118.2400
2018-07-06,119.6800
2018-07-09,120.2400
2018-07-10,120.5600
2018-07-11,114.4800
2018-07-12,115.1200
2018-07-13,115.7600
2018-07-16,111.5200
2018-07-17,111.6000
2018-07-18,112.8000
2018-07-19,113.0400
2018-07-20,113.2000
2018-07-23,112.7200
2018-07-24,113.8400
2018-07-25,115.3600
2018-07-26,115.7600
2018-07-27,114.5600
2018-07-30,116.3200
2018-07-31,114.2400
2018-08-01,112.7200
2018-08-02,114.8800
2018-08-03,114.1600
2018-08-06,114.4800
2018-08-07,114.8800
2018-08-08,111.2000
2018-08-09,111.0400
2018-08-10,112.6400
2018-08-13,112.0800
2018-08-14,111.9200
2018-08-15,108.0800
2018-08-16,109.0400
2018-08-17,109.5200
2018-08-20,110.0800
2018-08-21,110.6400
2018-08-22,114.1600
2018-08-23,114.1600
2018-08-24,115.4400
2018-08-27,116.0000
2018-08-28,115.4400
2018-08-29,117.2800
2018-08-30,118.0000
2018-08-31,117.6800
2018-09-04,116.6400
2018-09-05,115.9200
2018-09-06,114.4000
2018-09-07,114.2400
2018-09-10,113.6800
2018-09-11,116.8000
2018-09-12,118.2400
2018-09-13,115.9200
2018-09-14,116.0000
2018-09-17,115.7600
2018-09-18,117.5200
2018-09-19,119.5200
2018-09-20,118.4000
2018-09-21,119.6800
2018-09-24,122.0000
2018-09-25,122.1600
2018-09-26,120.8800
2018-09-27,122.0800
2018-09-28,124.1600
2018-10-01,127.6000
2018-10-02,126.9600
2018-10-03,128.6400
2018-10-04,125.9200
2018-10-05,125.5200
2018-10-08,125.4400
2018-10-09,126.5600
2018-10-10,123.0400
2018-10-11,119.6000
2018-10-12,120.9600
2018-10-15,121.0400
2018-10-16,121.5200
2018-10-17,118.5600
2018-10-18,116.4800
2018-10-19,117.7600
2018-10-22,117.9200
2018-10-23,112.3200
2018-10-24,112.4000
2018-10-25,113.6800
2018-10-26,114.6400
2018-10-29,112.8800
2018-10-30,112.2400
2018-10-31,110.3200
2018-11-01,107.6800
2018-11-02,106.4800
2018-11-05,106.4000
2018-11-06,105.4400
2018-11-07,104.4800
2018-11-08,102.7200
2018-11-09,101.6000
2018-11-12,99.8400
2018-11-13,93.5200
2018-11-14,95.6000
2018-11-15,95.8400
2018-11-16,96.5600
2018-11-19,97.1200
2018-11-20,90.1600
2018-11-21,92.1600
2018-11-23,86.6400
2018-11-26,87.5200
2018-11-27,87.6000
2018-11-28,85.2800
2018-11-29,86.9600
2018-11-30,85.8400
2018-12-03,90.1600
2018-12-04,89.4400
2018-12-06,87.5200
2018-12-07,88.8800
2018-12-10,86.0000
2018-12-11,87.6000
2018-12-12,86.5600
2018-12-13,89.6800
2018-12-14,86.5600
2018-12-17,83.6000
2018-12-18,78.3200
2018-12-19,80.1600
2018-12-20,77.7600
2018-12-21,76.5600
2018-12-24,74.3200
2018-12-26,79.2000
2018-12-27,76.9600
2018-12-28,76.2400
2018-12-31,77.2800
2019-01-02,78.8000
2019-01-03,79.6000
2019-01-04,81.4400
2019-01-07,82.3200
2019-01-08,84.0000
2019-01-09,88.4000
2019-01-10,88.8000
2019-01-11,87.2000
2019-01-14,85.5200
2019-01-15,88.0000
2019-01-16,88.4800
2019-01-17,88.2400
2019-01-18,90.4800
2019-01-22,88.9600
2019-01-23,88.4000
2019-01-24,89.3600
2019-01-25,90.0000
2019-01-28,87.6000
2019-01-29,89.2800
2019-01-30,91.2000
2019-01-31,90.8000
2019-02-01,93.0400
2019-02-04,92.0000
2019-02-05,90.3200
2019-02-06,90.5600
2019-02-07,88.5600
2019-02-08,88.6400
2019-02-11,88.0800
2019-02-12,89.2800
2019-02-13,90.7200
2019-02-14,91.8400
2019-02-15,93.6800
2019-02-19,94.2400
2019-02-20,95.4400
2019-02-21,95.0400
2019-02-22,95.6000
2019-02-25,92.5600
2019-02-26,93.0400
2019-02-27,95.1200
2019-02-28,95.6000
2019-03-01,93.2800
2019-03-04,94.4000
2019-03-05,94.5600
2019-03-06,94.0000
2019-03-07,94.4800
2019-03-08,93.8400
2019-03-11,94.8800
2019-03-12,95.1200
2019-03-13,97.5200
2019-03-14,97.7600
2019-03-15,97.6000
2019-03-18,98.4800
2019-03-19,98.2400
2019-03-20,100.0000
2019-03-21,99.5200
2019-03-22,97.8400
2019-03-25,98.0000
2019-03-26,99.7600
2019-03-27,98.7200
2019-03-28,98.8000
2019-03-29,100.0000
2019-04-01,102.5600
2019-04-02,104.0800
2019-04-03,103.9200
2019-04-04,103.3600
2019-04-05,105.2000
2019-04-08,107.2000
2019-04-09,106.6400
2019-04-10,107.2800
2019-04-11,106.1600
2019-04-12,106.4000
2019-04-15,105.9200
2019-04-16,106.9600
2019-04-17,106.2400
2019-04-18,106.5600
2019-04-22,109.3600
2019-04-23,110.3200
2019-04-24,109.4400
2019-04-25,108.2400
2019-04-26,104.7200
2019-04-29,105.8400
2019-04-30,106.3200
2019-05-01,105.7600
2019-05-02,102.5600
2019-05-03,102.9600
2019-05-06,104.5600
2019-05-07,101.8400
2019-05-08,103.1200
2019-05-09,102.4800
2019-05-10,102.7200
2019-05-13,101.4400
2019-05-14,102.9600
2019-05-15,103.7600
2019-05-16,105.1200
2019-05-17,104.6400
2019-05-20,105.2000
2019-05-21,105.0400
2019-05-22,101.9200
2019-05-23,96.7200
2019-05-24,97.8400
2019-05-28,97.8400
2019-05-29,97.9200
2019-05-30,94.0800
2019-05-31,88.8000
2019-06-03,87.9200
2019-06-04,89.2800
2019-06-05,86.1600
2019-06-06,88.4800
2019-06-07,89.8400
2019-06-10,88.8800
2019-06-11,88.8800
2019-06-12,85.1200
2019-06-13,87.0400
2019-06-14,87.5200
2019-06-17,86.4800
2019-06-18,90.0000
2019-06-19,90.6400
2019-06-20,94.8000
2019-06-21,95.7600
2019-06-24,96.0800
2019-06-25,96.0000
2019-06-26,98.3200
2019-06-27,98.3200
2019-06-28,96.3200
2019-07-01,98.2400
2019-07-02,93.6000
2019-07-03,94.1600
2019-07-05,95.6000
2019-07-08,95.4400
2019-07-09,96.3200
2019-07-10,100.2400
2019-07-11,100.4000
2019-07-12,100.1600
2019-07-15,98.4000
2019-07-16,96.5600
2019-07-17,94.0000
2019-07-18,92.4800
2019-07-19,93.3600
2019-07-22,93.4400
2019-07-23,94.4800
2019-07-24,92.7200
2019-07-25,92.8000
2019-07-26,93.2000
2019-07-29,94.5600
2019-07-30,96.6400
2019-07-31,96.3200
2019-08-01,90.4800
2019-08-02,91.8400
2019-08-05,90.9600
2019-08-06,89.1200
2019-08-07,86.7200
2019-08-08,87.6800
2019-08-09,90.2400
2019-08-12,90.8800
2019-08-13,94.9600
2019-08-14,91.5200
2019-08-15,90.8000
2019-08-16,91.2000
2019-08-19,93.2800
2019-08-20,93.0400
2019-08-21,92.8800
2019-08-22,92.2400
2019-08-23,89.5200
2019-08-26,89.4400
2019-08-27,91.3600
2019-08-28,93.1200
2019-08-29,94.2400
2019-08-30,91.6800
2019-09-03,89.7600
2019-09-04,93.6800
2019-09-05,93.6000
2019-09-06,94.1600
2019-09-09,96.6400
2019-09-10,95.8400
2019-09-11,93.4400
2019-09-12,91.7600
2019-09-13,91.5200
2019-09-16,102.6400
2019-09-17,98.3200
2019-09-18,96.8000
2019-09-19,97.5200
2019-09-20,97.6000
2019-09-23,97.6800
2019-09-24,95.2000
2019-09-25,94.4000
2019-09-26,94.4000
2019-09-27,93.2800
2019-09-30,90.7200
2019-10-01,89.5200
2019-10-02,87.8400
2019-10-03,87.4400
2019-10-04,88.3200
2019-10-07,88.3200
2019-10-08,87.1200
2019-10-09,87.9200
2019-10-10,89.5200
2019-10-11,91.3600
2019-10-14,89.4400
2019-10-15,88.4800
2019-10-16,89.1200
2019-10-17,90.2400
2019-10-18,89.7600
2019-10-21,89.6800
2019-10-22,90.7200
2019-10-23,93.2000
2019-10-24,93.8400
2019-10-25,94.6400
2019-10-28,93.2000
2019-10-29,92.6400
2019-10-30,91.7600
2019-10-31,90.4000
2019-11-01,93.5200
2019-11-04,94.4800
2019-11-05,95.4400
2019-11-06,94.4800
2019-11-07,95.0400
2019-11-08,95.9200
2019-11-11,95.1200
2019-11-12,94.9600
2019-11-13,95.6800
2019-11-14,95.2800
2019-11-15,96.6400
2019-11-18,95.2000
2019-11-19,92.5600
2019-11-20,95.2000
2019-11-21,97.6000
2019-11-22,96.8800
2019-11-25,96.8800
2019-11-26,97.5200
2019-11-27,97.1200
2019-11-29,92.9600
2019-12-02,93.3600
2019-12-03,94.0800
2019-12-04,97.5200
2019-12-05,97.5200
2019-12-06,98.5600
2019-12-09,98.6400
2019-12-10,99.1200
2019-12-11,98.4000
2019-12-12,98.9600
2019-12-13,99.9200
2019-12-16,100.7200
2019-12-17,101.7600
2019-12-18,101.9200
2019-12-19,102.2400
2019-12-20,101.0400
2019-12-23,101.6000
2019-12-24,102.1600
2019-12-26,103.1200
2019-12-27,103.2800
2019-12-30,103.1200
2019-12-31,102.4800
2020-01-02,102.4800
2020-01-03,105.4400
2020-01-06,105.2800
2020-01-07,105.0400
2020-01-08,101.2800
2020-01-09,99.9200
2020-01-10,99.2800
2020-01-13,97.6000
2020-01-14,98.2400
2020-01-15,97.4400
2020-01-16,98.3200
2020-01-17,98.6400
2020-01-21,97.9200
2020-01-22,95.2000
2020-01-23,93.2800
2020-01-24,91.4400
2020-01-27,88.8000
2020-01-28,90.0000
2020-01-29,89.2800
2020-01-30,88.6400
2020-01-31,86.7200
2020-02-03,83.9200
2020-02-04,83.5200
2020-02-05,85.6000
2020-02-06,85.9200
2020-02-07,84.6400
2020-02-10,83.3600
2020-02-11,84.0000
2020-02-12,86.4800
2020-02-13,86.7200
2020-02-14,87.6000
2020-02-18,87.6000
2020-02-19,89.4400
2020-02-20,90.2400
2020-02-21,89.2800
2020-02-24,85.9200
2020-02-25,83.2000
2020-02-26,81.5200
2020-02-27,78.2400
2020-02-28,75.6000
2020-03-02,79.3600
2020-03-03,79.1200
2020-03-04,78.8800
2020-03-05,76.8800
2020-03-06,69.8400
2020-03-09,52.1600
2020-03-10,57.9200
2020-03-11,55.5200
2020-03-12,52.3200
2020-03-13,55.6800
2020-03-16,48.4000
2020-03-17,45.6800
2020-03-18,37.6800
2020-03-19,42.9600
2020-03-20,39.5200
2020-03-23,39.0400
2020-03-24,39.8400
2020-03-25,40.6400
2020-03-26,38.6400
2020-03-27,35.7600
2020-03-30,33.8400
2020-03-31,33.6800
2020-04-01,35.0400
2020-04-02,40.8800
2020-04-03,47.2000
2020-04-06,43.8400
2020-04-07,40.7200
2020-04-08,42.9600
2020-04-09,39.8400
2020-04-13,39.4400
2020-04-14,37.2800
2020-04-15,35.4400
2020-04-16,34.8800
2020-04-17,33.6800
2020-04-20,30.0000
2020-04-21,22.4800
2020-04-22,20.0800
2020-04-23,21.1200
2020-04-24,20.5600
2020-04-27,17.5200
2020-04-28,17.0400
2020-04-29,18.0000
2020-04-30,19.1200
2020-05-01,18.8600
2020-05-04,19.6700
2020-05-05,21.5100
2020-05-06,20.8500
2020-05-07,20.4700
2020-05-08,21.4700
2020-05-11,21.1700
2020-05-12,20.9700
2020-05-13,20.6000
2020-05-14,21.4500
2020-05-15,22.3900
2020-05-18,24.3100
2020-05-19,24.4400
2020-05-20,25.3400
2020-05-21,26.6000
2020-05-22,25.5700
2020-05-26,25.6600
2020-05-27,25.0000
2020-05-28,25.0300
2020-05-29,25.8800
2020-06-01,26.2200
2020-06-02,27.0700
2020-06-03,27.1200
2020-06-04,27.5000
2020-06-05,28.8700
2020-06-08,28.3700
2020-06-09,28.4200
2020-06-10,28.4300
2020-06-11,26.3600
2020-06-12,26.4300
2020-06-15,26.9800
2020-06-16,27.6400
2020-06-17,27.2800
2020-06-18,27.8900
2020-06-19,28.2300
2020-06-22,28.9800
2020-06-23,28.7200
2020-06-24,27.2500
2020-06-25,27.9400
2020-06-26,27.3600
2020-06-29,28.2700
2020-06-30,28.0600
2020-07-01,28.3500
2020-07-02,28.7500
2020-07-06,28.9600
2020-07-07,28.7900
2020-07-08,29.1800
2020-07-09,28.4100
2020-07-10,29.0300
2020-07-13,28.5000
2020-07-14,28.8800
2020-07-15,29.2900
2020-07-16,29.1600
2020-07-17,29.1000
2020-07-20,29.1200
2020-07-21,29.7200
2020-07-22,29.7500
2020-07-23,29.4100
2020-07-24,29.4400
2020-07-27,29.7200
2020-07-28,29.3500
2020-07-29,29.5700
2020-07-30,28.9300
2020-07-31,29.0700
2020-08-03,29.3400
2020-08-04,29.7800
2020-08-05,30.2300
2020-08-06,30.1800
2020-08-07,29.8500
2020-08-10,30.1600
2020-08-11,29.8200
2020-08-12,30.5600
2020-08-13,30.4000
2020-08-14,30.3300
2020-08-17,30.7700
2020-08-18,30.6000
2020-08-19,30.6600
2020-08-20,30.5200
2020-08-21,30.1800
2020-08-24,30.3500
2020-08-25,30.9200
2020-08-26,30.9300
2020-08-27,30.6700
2020-08-28,30.7200
2020-08-31,30.5800
2020-09-01,30.6100
2020-09-02,29.8600
2020-09-03,29.6400
2020-09-04,28.5100
2020-09-08,26.7500
2020-09-09,27.4100
2020-09-10,26.7900
2020-09-11,27.0400
2020-09-14,26.9400
2020-09-15,27.5200
2020-09-16,28.7000
2020-09-17,29.2300
2020-09-18,29.0600
2020-09-21,28.2900
2020-09-22,28.1700
2020-09-23,28.0300
2020-09-24,28.5000
2020-09-25,28.3500
2020-09-28,28.6900
2020-09-29,27.7000
2020-09-30,28.2900
2020-10-01,27.5100
2020-10-02,26.3500
2020-10-05,27.9300
2020-10-06,28.3900
2020-10-07,28.3900
2020-10-08,29.1400
2020-10-09,28.6900
2020-10-12,28.0700
2020-10-13,28.4600
2020-10-14,28.9800
2020-10-15,28.9400
2020-10-16,28.7200
2020-10-19,28.5900
2020-10-20,29.0500
2020-10-21,28.1000
2020-10-22,28.5100
2020-10-23,27.8800
2020-10-26,27.1100
2020-10-27,27.6900
2020-10-28,26.3100
2020-10-29,25.6000
2020-10-30,25.2500
2020-11-02,26.2600
2020-11-03,26.7200
2020-11-04,27.4400
2020-11-05,27.1600
2020-11-06,26.4700
2020-11-09,28.0700
2020-11-10,28.9100
2020-11-11,29.0400
2020-11-12,28.6600
2020-11-13,28.1300
2020-11-16,28.8100
2020-11-17,28.8700
2020-11-18,29.0000
2020-11-19,29.0900
2020-11-20,29.2700
2020-11-23,29.5200
2020-11-24,30.8000
2020-11-25,31.3700
2020-11-27,31.2200
2020-11-30,30.9700
2020-12-01,30.6200
2020-12-02,30.9700
2020-12-03,31.2500
2020-12-04,31.5600
2020-12-07,31.4000
2020-12-08,31.4100
2020-12-09,31.3400
2020-12-10,32.1100
2020-12-11,31.9400
2020-12-14,32.1700
2020-12-15,32.5400
2020-12-16,32.7400
2020-12-17,33.1600
2020-12-18,33.4800
2020-12-21,32.6400
2020-12-22,32.0900
2020-12-23,32.7500
2020-12-24,32.9200
2020-12-28,32.5900
2020-12-29,32.7800
2020-12-30,32.9100
2020-12-31,33.0100
2021-01-04,32.3800
2021-01-05,33.9400
2021-01-06,34.1100
2021-01-07,34.5300
2021-01-08,35.4300
2021-01-11,35.2600
2021-01-12,35.9000
2021-01-13,35.8000
2021-01-14,36.2400
2021-01-15,35.3400
2021-01-19,35.7500
2021-01-20,35.7900
2021-01-21,35.7600
2021-01-22,35.2300
2021-01-25,35.5900
2021-01-26,35.4500
2021-01-27,35.5000
2021-01-28,35.2500
2021-01-29,35.1800
2021-02-01,36.1200
2021-02-02,36.8200
2021-02-03,37.4400
2021-02-04,37.8100
2021-02-05,38.1900
2021-02-08,38.9400
2021-02-09,39.1700
2021-02-10,39.2800
2021-02-11,38.9700
2021-02-12,39.9400
2021-02-16,40.4500
2021-02-17,40.8900
2021-02-18,40.2700
2021-02-19,39.6800
2021-02-22,41.2800
2021-02-23,41.6200
2021-02-24,42.5000
2021-02-25,42.4600
2021-02-26,41.3100
2021-03-01,40.6000
2021-03-02,40.0700
2021-03-03,41.1400
2021-03-04,43.0700
2021-03-05,44.4400
2021-03-08,43.5000
2021-03-09,43.1100
2021-03-10,43.7400
2021-03-11,44.6000
2021-03-12,44.3500
2021-03-15,44.2600
2021-03-16,43.8300
2021-03-17,43.8200
2021-03-18,40.4700
2021-03-19,41.7700
2021-03-22,41.7100
2021-03-23,39.3700
2021-03-24,41.4500
2021-03-25,39.8900
2021-03-26,41.5300
2021-03-29,41.9200
2021-03-30,41.1700
2021-03-31,40.5300
2021-04-01,41.8400
2021-04-05,40.2800
2021-04-06,40.7000
2021-04-07,40.8600
2021-04-08,40.8200
2021-04-09,40.6400
2021-04-12,40.9000
2021-04-13,41.4000
2021-04-14,43.0400
2021-04-15,43.2700
2021-04-16,43.1800
2021-04-19,43.3200
2021-04-20,42.7400
2021-04-21,41.7700
2021-04-22,42.0900
2021-04-23,42.4600
2021-04-26,42.3300
2021-04-27,43.1100
2021-04-28,43.5300
2021-04-29,44.2600
2021-04-30,43.2700
2021-05-03,43.9800
2021-05-04,44.8700
2021-05-05,44.6600
2021-05-06,44.4100
2021-05-07,44.4300
2021-05-10,44.4800
2021-05-11,44.8700
2021-05-12,45.2200
2021-05-13,43.8100
2021-05-14,44.7100
2021-05-17,45.3900
2021-05-18,44.8400
2021-05-19,43.4300
2021-05-20,42.4800
2021-05-21,43.7000
2021-05-24,45.0200
2021-05-25,44.9200
2021-05-26,45.2000
2021-05-27,45.5500
2021-05-28,45.4200
2021-06-01,46.3300
2021-06-02,46.9000
2021-06-03,46.9700
2021-06-04,47.2600
2021-06-07,47.2700
2021-06-08,47.8800
2021-06-09,47.5800
2021-06-10,47.8300
2021-06-11,48.0700
2021-06-14,48.3200
2021-06-15,48.9800
2021-06-16,48.7500
2021-06-17,48.0400
2021-06-18,48.3600
2021-06-21,49.3600
2021-06-22,49.4200
2021-06-23,49.7200
2021-06-24,49.8400
2021-06-25,50.2500
2021-06-28,49.5400
2021-06-29,49.8900
2021-06-30,49.8800
2021-07-01,50.6200
2021-07-02,50.9300
2021-07-06,49.9000
2021-07-07,48.6600
2021-07-08,49.5200
2021-07-09,50.4100
2021-07-12,50.3100
2021-07-13,51.1500
2021-07-14,49.7000
2021-07-15,49.0400
2021-07-16,49.1400
2021-07-19,45.8400
2021-07-20,46.5100
2021-07-21,48.2700
2021-07-22,49.1700
2021-07-23,49.4700
2021-07-26,49.6700
2021-07-27,49.4700
2021-07-28,49.7200
2021-07-29,50.6400
2021-07-30,50.6600
2021-08-02,49.1800
2021-08-03,48.8500
2021-08-04,47.2000
2021-08-05,48.1000
2021-08-06,47.5700
2021-08-09,46.6000
2021-08-10,47.6800
2021-08-11,48.3000
2021-08-12,48.1000
2021-08-13,47.4300
2021-08-16,47.0400
2021-08-17,46.5800
2021-08-18,45.4000
2021-08-19,44.7700
2021-08-20,43.4300
2021-08-23,45.8500
2021-08-24,47.3700
2021-08-25,47.8100
2021-08-26,47.4800
2021-08-27,48.1500
2021-08-30,48.4000
2021-08-31,48.0400
2021-09-01,47.9300
2021-09-02,48.9500
2021-09-03,48.6600
2021-09-07,48.0400
2021-09-08,48.5900
2021-09-09,47.7500
2021-09-10,48.8000
2021-09-13,49.4800
2021-09-14,49.3100
2021-09-15,50.6900
2021-09-16,50.7000
2021-09-17,50.3200
2021-09-20,49.6000
2021-09-21,49.5800
2021-09-22,50.4800
2021-09-23,51.3800
2021-09-24,51.8200
2021-09-27,52.9100
2021-09-28,52.4000
2021-09-29,52.3200
2021-09-30,52.5600
2021-10-01,53.2600
2021-10-04,54.4900
2021-10-05,55.6300
2021-10-06,54.1600
2021-10-07,55.3600
2021-10-08,55.4700
2021-10-11,56.1800
2021-10-12,56.1100
2021-10-13,56.1600
2021-10-14,56.8100
2021-10-15,57.1500
2021-10-18,56.9600
2021-10-19,57.4200
2021-10-20,58.1200
2021-10-21,57.4100
2021-10-22,58.0300
2021-10-25,57.8300
2021-10-26,58.4500
2021-10-27,56.9000
2021-10-28,57.4000
2021-10-29,57.1500
2021-11-01,57.5300
2021-11-02,57.5300
2021-11-03,55.3400
2021-11-04,54.9200
2021-11-05,56.5500
2021-11-08,57.0900
2021-11-09,57.9700
2021-11-10,56.3200
2021-11-11,56.2200
2021-11-12,55.9800
2021-11-15,56.0700
2021-11-16,56.2000
2021-11-17,55.0000
2021-11-18,55.5500
2021-11-19,53.7800
2021-11-22,54.4500
2021-11-23,56.2000
2021-11-24,55.8800
2021-11-26,49.6300
2021-11-29,50.1700
2021-11-30,47.9100
2021-12-01,47.0400
2021-12-02,48.2900
2021-12-03,48.0000
2021-12-06,50.5100
2021-12-07,51.5900
2021-12-08,52.4200
2021-12-09,51.0200
2021-12-10,52.0300
2021-12-13,51.4400
2021-12-14,50.9200
2021-12-15,51.6200
2021-12-16,51.8700
2021-12-17,50.7800
2021-12-20,49.9000
2021-12-21,51.5700
2021-12-22,52.4800
2021-12-23,53.1300
2021-12-27,54.5200
2021-12-28,54.6700
2021-12-29,55.0800
2021-12-30,55.1000
2021-12-31,54.3600
2022-01-03,54.8300
2022-01-04,55.5900
2022-01-05,55.4300
2022-01-06,56.8900
2022-01-07,56.6700
2022-01-10,56.1600
2022-01-11,58.1600
2022-01-12,58.9100
2022-01-13,58.2700
2022-01-14,59.9700
2022-01-18,60.9700
2022-01-19,61.0500
2022-01-20,60.6600
2022-01-21,60.7800
2022-01-24,60.1100
2022-01-25,60.9700
2022-01-26,61.6800
2022-01-27,61.8600
2022-01-28,61.9700
2022-01-31,62.4800
2022-02-01,62.5300
2022-02-02,62.5200
2022-02-03,63.5100
2022-02-04,64.9100
2022-02-07,64.6800
2022-02-08,63.6200
2022-02-09,64.1700
2022-02-10,63.9600
2022-02-11,65.7400
2022-02-14,66.3600
2022-02-15,64.2800
2022-02-16,63.5400
2022-02-17,64.1700
2022-02-18,64.7400
2022-02-22,65.5400
2022-02-23,66.2400
2022-02-24,66.3400
2022-02-25,65.8000
2022-02-28,67.4800
2022-03-01,71.8200
2022-03-02,75.4200
2022-03-03,74.5300
2022-03-04,79.4600
2022-03-07,82.3700
2022-03-08,85.4300
2022-03-09,75.4700
2022-03-10,74.0600
2022-03-11,76.4000
2022-03-14,72.8400
2022-03-15,68.6300
2022-03-16,68.2800
2022-03-17,73.6800
2022-03-18,74.6400
2022-03-21,79.5400
2022-03-22,78.5600
2022-03-23,81.9500
2022-03-24,79.7500
2022-03-25,80.7400
2022-03-28,74.5300
2022-03-29,76.1500
2022-03-30,77.9100
2022-03-31,74.1200
2022-04-01,74.1700
2022-04-04,76.8600
2022-04-05,74.8000
2022-04-06,73.0500
2022-04-07,73.1100
2022-04-08,74.1100
2022-04-11,72.3000
2022-04-12,75.9800
2022-04-13,78.4200
2022-04-14,79.5700
2022-04-18,80.4100
2022-04-19,76.8600
2022-04-20,77.2400
2022-04-21,78.1200
2022-04-22,76.3100
2022-04-25,74.6500
2022-04-26,76.4600
2022-04-27,76.3700
2022-04-28,78.0800
2022-04-29,77.1600
2022-05-02,78.3800
2022-05-03,76.6900
2022-05-04,80.2200
2022-05-05,80.4800
2022-05-06,82.1300
2022-05-09,76.5700
2022-05-10,74.5300
2022-05-11,78.1800
2022-05-12,79.2300
2022-05-13,81.2800
2022-05-16,83.1100
2022-05-17,81.1100
2022-05-18,79.2900
2022-05-19,80.5800
2022-05-20,81.6500
2022-05-23,81.9700
2022-05-24,82.0000
2022-05-25,82.4800
2022-05-26,84.5900
2022-05-27,85.4600
2022-05-31,85.4700
2022-06-01,85.5400
2022-06-02,87.2500
2022-06-03,89.4700
2022-06-06,88.3900
2022-06-07,90.0400
2022-06-08,91.9900
2022-06-09,91.0800
2022-06-10,90.1300
2022-06-13,90.3600
2022-06-14,88.4500
2022-06-15,86.9300
2022-06-16,87.6600
2022-06-17,83.3400
2022-06-21,84.0500
2022-06-22,80.8800
2022-06-23,78.9800
2022-06-24,81.2700
2022-06-27,82.9300
2022-06-28,84.7200
2022-06-29,82.9500
2022-06-30,80.3500
2022-07-01,81.6700
2022-07-05,74.7800
2022-07-06,73.6700
2022-07-07,76.5500
2022-07-08,78.5400
2022-07-11,78.2300
2022-07-12,72.8100
2022-07-13,73.1900
2022-07-14,72.8500
2022-07-15,73.7400
2022-07-18,76.8100
2022-07-19,78.0500
2022-07-20,77.6400
2022-07-21,75.4900
2022-07-22,74.5300
2022-07-25,76.2200
2022-07-26,75.1600
2022-07-27,77.8700
2022-07-28,77.1300
2022-07-29,78.0500
2022-08-01,75.1300
2022-08-02,75.9300
2022-08-03,73.5300
2022-08-04,71.5300
2022-08-05,71.5400
2022-08-08,73.5400
2022-08-09,73.4500
2022-08-10,74.3200
2022-08-11,76.2800
2022-08-12,74.9800
2022-08-15,72.8800
2022-08-16,71.2400
2022-08-17,72.0500
2022-08-18,74.2100
2022-08-19,74.0600
2022-08-22,74.6800
2022-08-23,76.8300
2022-08-24,78.0400
2022-08-25,76.5000
2022-08-26,75.8500
2022-08-29,78.6900
2022-08-30,75.4700
2022-08-31,73.1100
2022-09-01,70.9500
2022-09-02,71.4300
2022-09-06,71.4200
2022-09-07,67.6200
2022-09-08,68.0900
2022-09-09,71.1000
2022-09-12,72.3700
2022-09-13,72.0100
2022-09-14,72.7300
2022-09-15,69.7600
2022-09-16,69.9000
2022-09-19,70.0500
2022-09-20,69.2200
2022-09-21,68.6800
2022-09-22,68.9700
2022-09-23,65.3200
2022-09-26,63.2000
2022-09-27,64.4200
2022-09-28,67.1300
2022-09-29,66.7700
2022-09-30,65.2800
2022-10-03,67.8900
2022-10-04,70.2800
2022-10-05,71.9400
2022-10-06,72.9900
2022-10-07,75.1000
2022-10-10,73.7800
2022-10-11,71.7500
2022-10-12,70.9300
2022-10-13,72.5200
2022-10-14,70.1700
2022-10-17,70.1300
2022-10-18,68.7000
2022-10-19,70.0400
2022-10-20,70.1800
2022-10-21,70.5700
2022-10-24,70.3800
2022-10-25,70.6100
2022-10-26,72.9700
2022-10-27,73.6200
2022-10-28,72.8200
2022-10-31,71.5300
2022-11-01,73.1200
2022-11-02,74.0800
2022-11-03,73.2900
2022-11-04,76.8200
2022-11-07,76.5600
2022-11-08,74.4700
2022-11-09,71.6700
2022-11-10,72.2400
2022-11-11,74.3800
2022-11-14,71.9100
2022-11-15,73.2500
2022-11-16,72.0400
2022-11-17,70.1400
2022-11-18,69.0300
2022-11-21,69.0300
2022-11-22,69.9800
2022-11-23,67.4100
2022-11-25,66.9600
2022-11-28,66.8800
2022-11-29,68.3400
2022-11-30,70.2300
2022-12-01,70.4500
2022-12-02,69.8400
2022-12-05,67.7200
2022-12-06,65.2300
2022-12-07,63.6500
2022-12-08,62.7100
2022-12-09,62.8500
2022-12-12,64.4100
2022-12-13,65.8600
2022-12-14,67.3600
2022-12-15,66.1500
2022-12-16,64.9000
2022-12-19,66.0700
2022-12-20,66.2200
2022-12-21,68.0600
2022-12-22,67.7000
2022-12-23,69.3200
2022-12-27,69.5300
2022-12-28,68.5800
2022-12-29,68.5300
2022-12-30,70.1100
2023-01-03,67.6400
2023-01-04,64.3000
2023-01-05,64.7800
2023-01-06,64.8300
2023-01-09,65.8800
2023-01-10,65.9000
2023-01-11,68.0500
2023-01-12,68.6100
2023-01-13,70.0500
2023-01-17,70.8600
2023-01-18,69.5100
2023-01-19,70.5900
2023-01-20,71.5500
2023-01-23,71.5000
2023-01-24,70.2200
2023-01-25,70.5100
2023-01-26,70.9300
2023-01-27,69.5000
2023-01-30,68.1000
2023-01-31,69.3200
2023-02-01,67.3600
2023-02-02,66.5700
2023-02-03,64.4000
2023-02-06,65.5000
2023-02-07,67.7600
2023-02-08,68.6800
2023-02-09,67.9200
2023-02-10,69.8700
2023-02-13,69.5000
2023-02-14,69.4000
2023-02-15,69.0200
2023-02-16,68.4500
2023-02-17,67.0200
2023-02-21,66.6900
2023-02-22,64.9200
2023-02-23,66.3800
2023-02-24,67.1000
2023-02-27,66.2500
2023-02-28,67.2100
2023-03-01,68.0700
2023-03-02,68.3000
2023-03-03,69.8600
2023-03-06,70.4900
2023-03-07,67.8500
2023-03-08,67.1000
2023-03-09,66.2400
2023-03-10,67.1400
2023-03-13,65.2500
2023-03-14,62.9300
2023-03-15,60.0200
2023-03-16,60.0500
2023-03-17,58.6600
2023-03-20,59.7900
2023-03-21,61.2300
2023-03-22,61.6100
2023-03-23,60.9900
2023-03-24,60.9600
2023-03-27,64.1500
2023-03-28,64.5500
2023-03-29,64.1500
2023-03-30,65.3200
2023-03-31,66.4400
2023-04-03,70.2700
2023-04-04,70.2700
2023-04-05,70.2400
2023-04-06,70.2600
2023-04-10,69.7600
2023-04-11,71.0700
2023-04-12,72.4300
2023-04-13,71.8000
2023-04-14,72.0900
2023-04-17,70.8400
2023-04-18,70.7300
2023-04-19,69.3000
2023-04-20,67.6000
2023-04-21,68.2100
2023-04-24,69.2500
2023-04-25,67.6200
2023-04-26,65.3600
2023-04-27,65.8100
2023-04-28,67.5000
2023-05-01,66.5500
2023-05-02,63.0500
2023-05-03,60.3100
2023-05-04,60.7000
2023-05-05,63.0300
2023-05-08,64.2600
2023-05-09,64.8700
2023-05-10,64.3900
2023-05-11,63.2500
2023-05-12,62.0700
2023-05-15,62.9900
2023-05-16,62.5400
2023-05-17,64.6000
2023-05-18,64.0400
2023-05-19,63.9000
2023-05-22,63.9100
2023-05-23,64.8700
2023-05-24,65.6600
2023-05-25,64.0900
2023-05-26,64.8000
2023-05-30,62.3000
2023-05-31,60.6300
2023-06-01,62.5500
2023-06-02,64.1500
2023-06-05,64.0300
2023-06-06,63.7900
2023-06-07,64.7100
2023-06-08,63.4600
2023-06-09,62.9300
2023-06-12,60.2400
2023-06-13,62.1400
2023-06-14,61.8300
2023-06-15,63.4100
2023-06-16,64.3500
2023-06-20,63.9200
2023-06-21,65.0400
2023-06-22,62.5200
2023-06-23,62.4200
2023-06-26,62.7300
2023-06-27,61.3000
2023-06-28,62.5200
2023-06-29,62.9600
2023-06-30,63.5500
2023-07-03,63.3900
2023-07-05,64.6300
2023-07-06,64.4400
2023-07-07,65.8500
2023-07-10,65.5400
2023-07-11,67.0300
2023-07-12,67.8700
2023-07-13,69.0900
2023-07-14,67.4700
2023-07-17,66.5800
2023-07-18,67.9600
2023-07-19,67.6900
2023-07-20,68.0500
2023-07-21,68.9900
2023-07-24,70.6900
2023-07-25,71.1600
2023-07-26,70.6600
2023-07-27,71.4300
2023-07-28,72.0900
2023-07-31,73.1700
2023-08-01,72.9600
2023-08-02,71.4800
2023-08-03,73.1400
2023-08-04,73.7900
2023-08-07,73.8200
2023-08-08,74.0600
2023-08-09,75.1000
2023-08-10,74.2000
2023-08-11,74.2500
2023-08-14,73.8100
2023-08-15,72.6200
2023-08-16,71.3700
2023-08-17,71.9800
2023-08-18,72.7900
2023-08-21,72.5800
2023-08-22,72.2800
2023-08-23,71.3600
2023-08-24,71.4100
2023-08-25,72.4500
2023-08-28,72.4100
2023-08-29,73.3200
2023-08-30,73.6600
2023-08-31,75.0600
2023-09-01,76.9200
2023-09-05,77.7600
2023-09-06,78.5200
2023-09-07,77.9500
2023-09-08,78.3000
2023-09-11,78.3700
2023-09-12,79.7000
2023-09-13,79.6800
2023-09-14,81.1200
2023-09-15,81.2900
2023-09-18,81.4500
2023-09-19,81.5000
2023-09-20,80.1400
2023-09-21,80.4100
2023-09-22,80.6300
2023-09-25,80.3900
2023-09-26,80.8800
2023-09-27,82.9000
2023-09-28,81.5700
2023-09-29,80.8600
2023-10-02,79.3900
2023-10-03,79.9300
2023-10-04,75.5900
2023-10-05,73.9900
2023-10-06,74.1600
2023-10-09,77.1300
2023-10-10,76.7100
2023-10-11,75.6700
2023-10-12,75.4200
2023-10-13,78.9900
2023-10-16,78.3900
2023-10-17,78.8000
2023-10-18,79.8400
2023-10-19,81.6800
2023-10-20,80.7000
2023-10-23,78.8900
2023-10-24,76.9300
2023-10-25,78.4600
2023-10-26,76.8900
2023-10-27,78.3600
2023-10-30,76.0500
2023-10-31,75.0200
2023-11-01,74.7500
2023-11-02,76.1800
2023-11-03,74.8500
2023-11-06,74.9100
2023-11-07,71.8000
2023-11-08,70.1900
2023-11-09,70.2500
2023-11-10,71.7900
2023-11-13,72.9200
2023-11-14,72.6900
2023-11-15,71.3400
2023-11-16,68.0500
2023-11-17,70.7500
2023-11-20,72.3000
2023-11-21,72.5300
2023-11-22,71.6100
2023-11-24,70.8200
2023-11-27,69.9600
2023-11-28,71.2600
2023-11-29,72.5200
2023-11-30,70.1400
2023-12-01,69.2400
2023-12-04,68.4700
2023-12-05,67.5800
2023-12-06,64.7600
2023-12-07,65.1100
2023-12-08,66.5300
2023-12-11,66.8000
2023-12-12,64.2500
2023-12-13,65.3300
2023-12-14,67.1600
2023-12-15,67.1500
2023-12-18,68.0900
2023-12-19,69.3600
2023-12-20,68.7900
2023-12-21,69.0300
2023-12-22,68.6900
2023-12-26,70.2100
2023-12-27,68.9200
2023-12-28,67.1800
2023-12-29,66.6500
2024-01-02,65.7700
2024-01-03,68.1900
2024-01-04,67.5700
2024-01-05,69.0300
2024-01-08,66.4000
2024-01-09,67.3900
2024-01-10,66.5600
2024-01-11,67.6500
2024-01-12,68.0200
2024-01-16,67.2500
2024-01-17,67.9400
2024-01-18,69.0600
2024-01-19,68.8200
2024-01-22,69.6900
2024-01-23,69.6600
2024-01-24,70.5400
2024-01-25,72.2300
2024-01-26,73.1000
2024-01-29,72.0500
2024-01-30,72.8100
2024-01-31,70.9200
2024-02-01,69.0700
2024-02-02,67.5100
2024-02-05,68.1800
2024-02-06,68.8100
2024-02-07,69.4200
2024-02-08,71.5200
2024-02-09,71.6700
2024-02-12,72.1100
2024-02-13,72.6500
2024-02-14,71.5500
2024-02-15,72.8400
2024-02-16,73.4100
2024-02-20,72.4200
2024-02-21,73.2000
2024-02-22,73.6000
2024-02-23,71.9200
2024-02-26,72.7900
2024-02-27,73.8500
2024-02-28,73.6200
2024-02-29,73.3600
2024-03-01,74.9600
2024-03-04,74.0100
2024-03-05,73.4500
2024-03-06,74.3400
2024-03-07,74.2300
2024-03-08,73.3600
2024-03-11,73.6200
2024-03-12,73.3500
2024-03-13,75.0900
2024-03-14,76.3000
2024-03-15,76.3300
2024-03-18,77.9800
2024-03-19,78.4300
2024-03-20,77.2500
2024-03-21,76.8200
2024-03-22,76.6800
2024-03-25,77.7600
2024-03-26,77.2900
2024-03-27,77.5100
2024-03-28,78.7300
2024-04-01,79.6700
2024-04-02,80.7900
2024-04-03,81.2500
2024-04-04,82.2700
2024-04-05,82.4000
2024-04-08,82.2000
2024-04-09,81.1500
2024-04-10,82.0900
2024-04-11,81.5500
2024-04-12,81.5300
2024-04-15,81.6500
2024-04-16,81.3300
2024-04-17,78.9100
2024-04-18,78.7800
2024-04-19,78.8500
2024-04-22,78.7800
2024-04-23,79.9800
2024-04-24,79.6400
2024-04-25,80.4400
2024-04-26,80.3900
2024-04-29,79.5000
2024-04-30,78.3800
2024-05-01,75.9300
2024-05-02,75.9300
2024-05-03,75.1300
2024-05-06,75.6600
2024-05-07,75.5000
2024-05-08,76.1100
2024-05-09,76.5200
2024-05-10,75.3000
2024-05-13,76.1300
2024-05-14,75.2100
2024-05-15,75.8800
2024-05-16,76.2500
2024-05-17,76.9700
2024-05-20,76.7300
2024-05-21,76.1600
2024-05-22,74.8700
2024-05-23,74.4500
2024-05-24,75.3500
2024-05-28,77.6600
2024-05-29,76.5700
2024-05-30,75.5300
2024-05-31,74.8200
2024-06-03,71.8300
2024-06-04,71.0900
2024-06-05,71.8900
2024-06-06,73.2600
2024-06-07,73.0200
2024-06-10,75.4600
2024-06-11,75.5100
2024-06-12,75.9800
2024-06-13,75.7400
2024-06-14,76.0800
2024-06-17,77.7900
2024-06-18,78.6700
2024-06-20,79.4100
2024-06-21,78.6500
2024-06-24,79.7000
2024-06-25,78.9000
2024-06-26,78.7500
2024-06-27,79.9200
2024-06-28,79.5900
2024-07-01,81.5400
2024-07-02,81.1100
2024-07-03,81.2700
2024-07-05,81.3100
2024-07-08,80.4200
2024-07-09,79.7700
2024-07-10,80.4800
2024-07-11,80.9400
2024-07-12,80.2500
2024-07-15,80.1200
2024-07-16,79.0600
2024-07-17,80.6200
2024-07-18,79.9000
2024-07-19,78.0000
2024-07-22,77.6200
2024-07-23,76.6200
2024-07-24,76.8100
2024-07-25,77.4600
2024-07-26,76.1100
2024-07-29,75.1900
2024-07-30,74.4600
2024-07-31,77.7400
2024-08-01,76.2900
2024-08-02,73.3900
2024-08-05,73.2200
2024-08-06,72.4500
2024-08-07,74.6900
2024-08-08,75.3600
2024-08-09,76.2200
2024-08-12,78.6300
2024-08-13,77.6400
2024-08-14,76.5900
2024-08-15,77.4100
2024-08-16,76.3200
2024-08-19,74.3800
2024-08-20,73.8300
2024-08-21,72.6000
2024-08-22,73.5800
2024-08-23,75.5500
2024-08-26,77.8300
2024-08-27,76.4900
2024-08-28,75.4800
2024-08-29,76.7700
2024-08-30,74.3400
2024-09-03,71.0900
2024-09-04,69.6100
2024-09-05,69.8900
2024-09-06,68.9300
2024-09-09,69.2700
2024-09-10,66.9600
2024-09-11,67.8500
2024-09-12,69.8900
2024-09-13,69.8400
2024-09-16,70.8800
2024-09-17,71.7200
2024-09-18,70.6600
2024-09-19,72.7500
2024-09-20,72.9200
2024-09-23,72.2500
2024-09-24,73.2900
2024-09-25,71.4800
2024-09-26,69.0100
2024-09-27,70.2700
2024-09-30,69.9200
2024-10-01,72.1100
2024-10-02,72.7600
2024-10-03,75.7300
2024-10-04,76.3500
2024-10-07,79.2000
2024-10-08,75.7900
2024-10-09,75.2500
2024-10-10,77.7700
2024-10-11,77.4900
2024-10-14,75.9300
2024-10-15,72.7600
2024-10-16,72.4000
2024-10-17,72.6200
2024-10-18,71.3800
2024-10-21,72.2600
2024-10-22,73.9800
2024-10-23,73.5500
2024-10-24,73.0600
2024-10-25,74.2300
2024-10-28,70.4300
2024-10-29,69.6600
2024-10-30,71.3600
2024-10-31,73.0800
2024-11-01,72.0200
2024-11-04,74.2900
2024-11-05,74.7300
2024-11-06,74.5400
2024-11-07,74.6600
2024-11-08,73.1300
2024-11-11,70.9400
2024-11-12,70.6900
2024-11-13,70.7300
2024-11-14,71.2900
2024-11-15,69.7500
2024-11-18,72.0700
2024-11-19,72.3100
2024-11-20,72.0200
2024-11-21,73.2000
2024-11-22,74.2500
2024-11-25,72.1000
2024-11-26,71.6100
2024-11-27,71.7200
2024-11-29,71.6100
2024-12-02,71.0400
2024-12-03,73.0400
2024-12-04,71.8800
2024-12-05,71.4700
2024-12-06,70.2400
2024-12-09,71.1700
2024-12-10,71.4000
2024-12-11,73.3300
2024-12-12,73.2100
2024-12-13,74.2100
2024-12-16,73.7000
2024-12-17,73.3000
2024-12-18,72.9400
2024-12-19,72.6100
2024-12-20,73.1000
2024-12-23,73.0600
2024-12-24,73.6500
2024-12-26,73.1300
2024-12-27,73.8500
2024-12-30,74.8200
2024-12-31,75.5500
2025-01-02,76.9300
2025-01-03,77.9200
2025-01-06,77.3000
2025-01-07,78.1700
2025-01-08,77.3000
2025-01-10,80.6400
2025-01-13,82.2300
2025-01-14,81.6700
2025-01-15,84.3400
2025-01-16,82.9400
2025-01-17,82.5200
2025-01-21,81.1100
2025-01-22,80.4300
2025-01-23,79.2100
2025-01-24,79.6000
2025-01-27,77.9300
2025-01-28,78.8600
2025-01-29,77.7800
2025-01-30,77.7500
2025-01-31,78.0200
2025-02-03,77.8200
2025-02-04,77.5100
2025-02-05,76.0900
2025-02-06,75.4500
2025-02-07,75.8600
2025-02-10,77.4000
2025-02-11,78.2700
2025-02-12,76.3200
2025-02-13,76.3900
2025-02-14,75.8200
2025-02-18,76.9600
2025-02-19,77.4500
2025-02-20,77.7600
2025-02-21,75.3500
2025-02-24,75.9700
2025-02-25,74.1300
2025-02-26,73.8500
2025-02-27,75.2800
2025-02-28,75.2200
2025-03-03,73.3200
2025-03-04,73.3100
2025-03-05,71.4200
2025-03-06,71.1300
2025-03-07,72.0900
2025-03-10,70.8900
2025-03-11,71.4500
2025-03-12,72.8000
2025-03-13,71.6200
2025-03-14,72.2800
2025-03-17,72.7100
2025-03-18,72.2100
2025-03-19,72.4200
2025-03-20,73.7300
2025-03-21,73.7900
2025-03-24,74.8800
2025-03-25,74.8200
2025-03-26,75.4200
2025-03-27,75.4800
2025-03-28,74.7700
2025-03-31,77.3300
2025-04-01,77.0800
2025-04-02,77.7400
2025-04-03,72.2500
2025-04-04,67.9200
2025-04-07,65.9800
2025-04-08,63.3400
2025-04-09,67.5800
2025-04-10,65.3200
2025-04-11,66.4600
2025-04-14,66.6600
2025-04-15,66.4800
2025-04-16,67.7500
2025-04-17,69.4800
2025-04-21,68.6200
2025-04-22,69.3700
2025-04-23,68.0500
2025-04-24,68.4600
2025-04-25,69.0300
2025-04-28,67.7600
2025-04-29,65.8500
2025-04-30,63.5600
2025-05-01,64.5200
2025-05-02,64.0100
2025-05-05,62.3700
2025-05-06,64.6000
2025-05-07,63.5100
2025-05-08,65.6000
2025-05-09,66.6100
2025-05-12,67.6000
2025-05-13,69.5900
2025-05-14,68.7300
2025-05-15,67.5900
2025-05-16,68.1000
2025-05-19,68.5100
2025-05-20,68.6600
2025-05-21,67.5900
2025-05-22,67.1400
2025-05-23,67.9900
2025-05-27,67.2800
2025-05-28,67.8900
2025-05-29,67.1900
2025-05-30,67.1500
2025-06-02,69.5500
2025-06-03,69.8900
2025-06-04,69.3400
2025-06-05,69.9300
2025-06-06,71.3800
2025-06-09,72.0500
2025-06-10,71.6000
2025-06-11,74.8200
2025-06-12,75.0500
2025-06-13,80.2200
2025-06-16,78.5900
2025-06-17,82.3000
2025-06-18,82.2700
2025-06-20,83.1200
2025-06-23,76.4100
2025-06-24,73.0000
2025-06-25,73.3100
2025-06-26,73.5900
2025-06-27,73.2800
2025-06-30,73.1100
2025-07-01,73.9300
2025-07-02,75.5900
2025-07-03,75.1900
2025-07-07,76.4800
2025-07-08,76.9600
2025-07-09,76.9300
2025-07-10,75.3900
2025-07-11,77.2900
2025-07-14,75.6200
2025-07-15,75.2600
2025-07-16,75.1900
2025-07-17,76.1600
2025-07-18,75.9300
2025-07-21,75.5900
2025-07-22,75.3500
2025-07-23,75.2800
2025-07-24,76.0900
2025-07-25,74.8500
2025-07-28,77.1700
2025-07-29,79.8000
2025-07-30,81.0400
2025-07-31,79.5900
2025-08-01,77.4600
2025-08-04,76.1100
2025-08-05,75.0200
2025-08-06,73.7900
2025-08-07,73.4200
2025-08-08,73.3000
2025-08-11,73.8000
2025-08-12,72.9500
2025-08-13,72.4600
2025-08-14,73.7400
2025-08-15,72.8000
2025-08-18,73.1700
2025-08-19,72.3000
2025-08-20,73.5200
2025-08-21,74.1300
2025-08-22,74.6400
2025-08-25,75.7500
2025-08-26,74.0500
2025-08-27,74.6800
2025-08-28,75.2400
2025-08-29,74.8400
2025-09-02,76.7600
2025-09-03,74.8300
2025-09-04,74.1800
2025-09-05,72.6300
2025-09-08,73.0400
2025-09-09,73.3900
2025-09-10,74.7100
2025-09-11,73.0000
2025-09-12,73.3100
2025-09-15,74.2300
2025-09-16,75.6700
2025-09-17,74.9700
2025-09-18,74.6900
2025-09-19,73.5200
2025-09-22,73.4500
2025-09-23,75.0500
2025-09-24,76.3900
2025-09-25,76.9900
2025-09-26,77.0200
2025-09-29,74.5900
2025-09-30,73.7500
2025-10-01,73.1400
2025-10-02,71.5400
2025-10-03,71.7100
2025-10-06,72.8700
2025-10-07,73.2000
2025-10-08,73.5300
2025-10-09,72.5100
2025-10-10,69.3900
2025-10-13,70.2800
2025-10-14,69.0000
2025-10-15,68.9900
2025-10-16,67.8100
2025-10-17,67.9800
2025-10-20,67.8300
2025-10-21,68.2700
2025-10-22,70.6300
2025-10-23,73.2900
2025-10-24,73.1800
2025-10-27,73.1200
2025-10-28,71.3900
2025-10-29,71.8000
2025-10-30,71.7100
2025-10-31,72.5600
2025-11-03,72.7400
2025-11-04,71.9300
2025-11-05,71.0300
2025-11-06,70.8800
2025-11-07,71.2600
2025-11-10,71.6800
2025-11-11,72.7200
2025-11-12,69.7900
2025-11-13,69.8500
2025-11-14,71.3800
2025-11-17,71.3000
2025-11-18,72.5000
2025-11-19,70.8800
2025-11-20,70.1500
2025-11-21,69.3000
2025-11-24,70.4200
2025-11-25,69.2500
2025-11-26,70.0400
2025-11-28,71.0700
2025-12-01,71.0600
2025-12-02,70.2000
2025-12-03,70.6600
2025-12-04,71.3900
2025-12-05,71.9200
2025-12-08,70.4900
2025-12-09,69.8600
2025-12-10,70.5400
2025-12-11,69.2500
2025-12-12,68.8100
2025-12-15,67.8900
2025-12-16,66.1700
2025-12-17,67.9800
2025-12-18,67.1900
2025-12-19,68.0300
2025-12-22,69.7300
2025-12-23,70.3000
2025-12-24,70.2000
2025-12-26,68.4800
2025-12-29,69.6100
2025-12-30,69.7400
2025-12-31,69.1600
2026-01-02,68.9600
2026-01-05,70.2200
2026-01-06,68.5100
2026-01-07,67.7900
2026-01-08,70.5400
2026-01-09,70.7800
2026-01-12,71.6500
2026-01-13,73.4800
2026-01-14,72.6100
2026-01-15,71.1300
2026-01-16,71.6500
2026-01-20,71.8600
2026-01-21,73.3400
2026-01-22,71.8200
2026-01-23,73.9500
2026-01-26,73.4800
2026-01-27,75.6600
2026-01-28,76.6200
2026-01-29,79.1400
2026-01-30,79.5200
2026-02-02,75.3300
2026-02-03,77.4700
2026-02-04,77.8800
2026-02-05,76.6900
2026-02-06,76.9900
2026-02-09,78.0200
2026-02-10,78.0300
2026-02-11,78.8900
2026-02-12,76.3800
2026-02-13,76.2200
2026-02-17,75.7300
2026-02-18,79.4000
2026-02-19,81.1900
2026-02-20,80.8500
2026-02-23,80.9000
2026-02-24,80.7600
2026-02-25,79.7300
2026-02-26,79.7700
2026-02-27,81.9500
2026-03-02,87.1900
2026-03-03,90.2000
2026-03-04,91.5600
2026-03-05,96.3100
2026-03-06,108.7700
2026-03-09,104.3300
2026-03-10,105.8600
2026-03-11,108.0500
2026-03-12,118.3900
2026-03-13,119.8900
2026-03-16,115.0300
2026-03-17,118.8400
2026-03-18,121.6700
2026-03-19,117.3600
2026-03-20,121.4300
2026-03-23,110.5600
2026-03-24,114.5400
2026-03-25,113.3900
2026-03-26,117.2600
2026-03-27,124.2000
2026-03-30,129.8300
2026-03-31,127.2500
2026-04-01,124.0900
2026-04-02,137.9200
2026-04-06,138.9400
2026-04-07,138.0800
2026-04-08,124.5800
2026-04-09,126.9600
2026-04-10,124.8200
2026-04-13,128.4700
2026-04-14,123.8500
2026-04-15,122.5900
2026-04-16,125.8400
2026-04-17,116.0400
2026-04-20,121.3200
2026-04-21,128.2500
2026-04-22,129.4000
2026-04-23,134.7200
2026-04-24,132.4000
2026-04-27,134.7200
2026-04-28,139.6000
2026-04-29,150.6300
2026-04-30,147.0900
2026-05-01,142.8000
