date,PFIX_close
2021-05-11,22.7891
2021-05-12,23.1262
2021-05-13,22.7982
2021-05-14,22.1694
2021-05-17,22.0282
2021-05-18,22.0601
2021-05-19,22.7799
2021-05-20,22.9030
2021-05-21,22.9531
2021-05-24,22.9121
2021-05-25,22.5294
2021-05-26,22.5749
2021-05-27,22.4656
2021-05-28,22.2756
2021-06-01,22.1512
2021-06-02,21.6956
2021-06-03,21.6409
2021-06-04,21.1854
2021-06-07,21.0669
2021-06-08,20.7981
2021-06-09,20.6865
2021-06-10,20.3425
2021-06-11,20.3881
2021-06-14,20.8345
2021-06-15,20.8254
2021-06-16,20.7525
2021-06-17,20.2796
2021-06-18,19.3698
2021-06-21,20.0500
2021-06-22,19.7065
2021-06-23,19.5689
2021-06-24,19.4937
2021-06-25,19.7274
2021-06-28,19.1716
2021-06-29,19.1074
2021-06-30,18.8673
2021-07-01,18.4818
2021-07-02,18.2850
2021-07-06,18.0508
2021-07-07,17.9998
2021-07-08,18.4335
2021-07-09,18.3738
2021-07-12,18.4290
2021-07-13,18.7889
2021-07-14,18.3647
2021-07-15,17.9734
2021-07-16,18.0873
2021-07-19,17.6695
2021-07-20,18.0736
2021-07-21,18.3470
2021-07-22,18.2741
2021-07-23,18.3561
2021-07-26,18.4973
2021-07-27,18.3014
2021-07-28,18.3862
2021-07-29,18.4499
2021-07-30,18.4745
2021-08-02,18.2622
2021-08-03,18.2103
2021-08-04,18.1151
2021-08-05,18.2969
2021-08-06,18.8709
2021-08-09,18.7032
2021-08-10,18.7042
2021-08-11,18.4782
2021-08-12,18.5866
2021-08-13,18.2148
2021-08-16,17.9870
2021-08-17,18.0522
2021-08-18,17.9634
2021-08-19,17.9533
2021-08-20,17.9889
2021-08-23,17.9287
2021-08-24,18.0973
2021-08-25,18.3333
2021-08-26,18.2559
2021-08-27,18.0823
2021-08-30,17.9114
2021-08-31,18.1160
2021-09-01,18.1009
2021-09-02,17.9233
2021-09-03,18.1684
2021-09-07,18.3379
2021-09-08,18.3424
2021-09-09,17.9870
2021-09-10,18.2376
2021-09-13,17.9734
2021-09-14,17.6636
2021-09-15,17.8139
2021-09-16,17.9552
2021-09-17,17.9870
2021-09-20,17.6317
2021-09-21,17.6135
2021-09-22,17.5542
2021-09-23,18.0463
2021-09-24,18.1921
2021-09-27,18.1556
2021-09-28,18.6249
2021-09-29,18.5975
2021-09-30,18.5292
2021-10-01,18.4199
2021-10-04,18.3606
2021-10-05,18.6203
2021-10-06,18.5743
2021-10-07,18.9074
2021-10-08,19.2062
2021-10-11,19.1625
2021-10-12,18.6659
2021-10-13,18.3287
2021-10-14,18.2422
2021-10-15,18.4882
2021-10-18,18.3834
2021-10-19,18.7625
2021-10-20,19.0076
2021-10-21,18.9985
2021-10-22,18.6932
2021-10-25,19.0167
2021-10-26,18.8276
2021-10-27,18.3333
2021-10-28,18.3461
2021-10-29,18.2786
2021-11-01,18.7206
2021-11-02,18.5019
2021-11-03,18.6386
2021-11-04,18.1101
2021-11-05,17.6772
2021-11-08,17.6727
2021-11-09,17.6180
2021-11-10,18.1465
2021-11-11,18.1921
2021-11-12,18.3971
2021-11-15,18.8026
2021-11-16,18.7616
2021-11-17,18.3196
2021-11-18,18.1283
2021-11-19,17.9050
2021-11-22,18.1738
2021-11-23,18.5748
2021-11-24,18.2604
2021-11-26,18.0399
2021-11-29,18.2969
2021-11-30,18.0039
2021-12-01,18.1830
2021-12-02,18.0508
2021-12-03,17.7365
2021-12-06,18.3971
2021-12-07,18.3470
2021-12-08,18.4176
2021-12-09,18.0144
2021-12-10,17.9552
2021-12-13,17.6226
2021-12-14,17.6681
2021-12-15,17.7182
2021-12-16,17.6089
2021-12-17,17.3492
2021-12-20,17.6863
2021-12-21,17.6454
2021-12-22,17.4039
2021-12-23,17.4403
2021-12-27,17.3264
2021-12-28,17.2763
2021-12-29,17.6454
2021-12-30,17.1925
2021-12-31,17.1032
2022-01-03,17.7684
2022-01-04,17.5998
2022-01-05,17.6135
2022-01-06,17.5588
2022-01-07,17.5998
2022-01-10,17.7911
2022-01-11,17.8686
2022-01-12,18.0235
2022-01-13,17.9825
2022-01-14,18.0645
2022-01-18,18.6659
2022-01-19,18.2057
2022-01-20,18.2741
2022-01-21,17.9734
2022-01-24,18.1830
2022-01-25,18.3515
2022-01-26,18.4071
2022-01-27,18.0699
2022-01-28,18.3205
2022-01-31,18.5210
2022-02-01,18.6349
2022-02-02,18.4527
2022-02-03,18.6987
2022-02-04,18.8855
2022-02-07,19.1315
2022-02-08,19.5917
2022-02-09,19.2865
2022-02-10,19.9016
2022-02-11,19.8924
2022-02-14,20.5713
2022-02-15,20.9928
2022-02-16,20.7718
2022-02-17,20.4437
2022-02-18,20.0533
2022-02-22,20.0018
2022-02-23,20.3708
2022-02-24,20.2205
2022-02-25,20.0474
2022-02-28,19.4140
2022-03-01,19.5735
2022-03-02,20.8356
2022-03-03,20.1977
2022-03-04,19.6505
2022-03-07,20.3663
2022-03-08,20.7353
2022-03-09,20.6761
2022-03-10,20.7581
2022-03-11,20.4301
2022-03-14,21.1910
2022-03-15,21.2320
2022-03-16,21.3595
2022-03-17,21.3003
2022-03-18,20.4027
2022-03-21,21.2684
2022-03-22,21.6238
2022-03-23,20.8538
2022-03-24,21.6876
2022-03-25,22.7355
2022-03-28,23.2731
2022-03-29,22.9269
2022-03-30,22.7856
2022-03-31,22.7082
2022-04-01,21.7833
2022-04-04,21.8379
2022-04-05,22.4257
2022-04-06,23.1365
2022-04-07,24.3165
2022-04-08,25.7426
2022-04-11,26.8634
2022-04-12,26.3395
2022-04-13,25.3007
2022-04-14,26.1117
2022-04-18,26.3759
2022-04-19,26.8407
2022-04-20,25.3007
2022-04-21,25.5376
2022-04-22,25.8702
2022-04-25,25.4647
2022-04-26,25.0601
2022-04-27,25.8802
2022-04-28,25.9076
2022-04-29,26.6229
2022-05-02,27.5934
2022-05-03,26.8781
2022-05-04,26.4817
2022-05-05,27.9215
2022-05-06,28.7143
2022-05-09,27.8577
2022-05-10,28.1903
2022-05-11,26.5409
2022-05-12,26.9282
2022-05-13,27.8577
2022-05-16,26.6822
2022-05-17,27.6208
2022-05-18,25.7937
2022-05-19,25.3881
2022-05-20,23.6932
2022-05-23,24.4586
2022-05-24,23.7068
2022-05-25,23.8408
2022-05-26,23.9456
2022-05-27,23.3305
2022-05-31,24.9116
2022-06-01,24.4696
2022-06-02,24.4696
2022-06-03,24.3238
2022-06-06,25.4266
2022-06-07,24.9344
2022-06-08,25.6680
2022-06-09,25.7956
2022-06-10,26.3743
2022-06-13,28.4385
2022-06-14,29.3818
2022-06-15,27.4315
2022-06-16,26.9804
2022-06-17,27.3176
2022-06-21,28.5661
2022-06-22,27.5545
2022-06-23,26.9804
2022-06-24,28.0558
2022-06-27,28.0558
2022-06-28,27.4907
2022-06-29,26.3789
2022-06-30,25.7318
2022-07-01,25.8667
2022-07-05,25.9141
2022-07-06,26.6842
2022-07-07,26.6979
2022-07-08,27.2994
2022-07-11,26.2923
2022-07-12,26.1237
2022-07-13,25.2534
2022-07-14,25.5496
2022-07-15,24.3785
2022-07-18,24.8934
2022-07-19,25.1714
2022-07-20,25.2671
2022-07-21,24.6474
2022-07-22,23.9866
2022-07-25,24.5425
2022-07-26,24.0745
2022-07-27,24.4026
2022-07-28,23.7736
2022-07-29,23.1219
2022-08-01,21.8685
2022-08-02,23.3087
2022-08-03,22.3972
2022-08-04,22.3653
2022-08-05,23.3680
2022-08-08,22.3334
2022-08-09,22.6251
2022-08-10,22.5840
2022-08-11,23.8466
2022-08-12,22.3926
2022-08-15,22.7071
2022-08-16,22.5704
2022-08-17,23.3179
2022-08-18,23.8238
2022-08-19,25.3734
2022-08-22,26.1938
2022-08-23,25.7153
2022-08-24,26.5448
2022-08-25,25.3871
2022-08-26,24.4631
2022-08-29,25.0560
2022-08-30,24.9146
2022-08-31,25.7720
2022-09-01,27.2132
2022-09-02,26.8848
2022-09-06,28.7273
2022-09-07,27.6601
2022-09-08,28.3442
2022-09-09,28.1572
2022-09-12,28.4628
2022-09-13,28.1390
2022-09-14,27.4594
2022-09-15,27.9429
2022-09-16,28.6863
2022-09-19,28.8550
2022-09-20,29.2062
2022-09-21,27.9064
2022-09-22,29.1195
2022-09-23,28.5449
2022-09-26,29.8674
2022-09-27,31.1175
2022-09-28,29.6753
2022-09-29,30.5014
2022-09-30,31.1221
2022-10-03,29.9537
2022-10-04,29.8031
2022-10-05,30.8209
2022-10-06,30.8437
2022-10-07,30.9350
2022-10-10,31.9893
2022-10-11,31.8067
2022-10-12,32.0714
2022-10-13,32.4183
2022-10-14,32.5689
2022-10-17,33.4361
2022-10-18,33.1211
2022-10-19,34.6775
2022-10-20,37.0690
2022-10-21,38.8581
2022-10-24,39.7436
2022-10-25,36.9549
2022-10-26,35.1702
2022-10-27,33.7909
2022-10-28,35.0606
2022-10-31,35.4670
2022-11-01,35.1314
2022-11-02,34.8870
2022-11-03,35.1268
2022-11-04,35.7684
2022-11-07,36.6225
2022-11-08,35.6999
2022-11-09,35.7365
2022-11-10,33.2064
2022-11-11,32.7405
2022-11-14,32.8136
2022-11-15,31.5120
2022-11-16,30.4936
2022-11-17,30.9777
2022-11-18,31.4390
2022-11-21,30.5347
2022-11-22,29.8040
2022-11-23,29.8177
2022-11-25,30.2464
2022-11-28,29.7111
2022-11-29,30.8640
2022-11-30,30.9189
2022-12-01,28.5307
2022-12-02,28.5032
2022-12-05,29.5418
2022-12-06,28.9791
2022-12-07,28.4621
2022-12-08,29.0523
2022-12-09,30.5758
2022-12-12,30.2144
2022-12-13,29.3771
2022-12-14,28.7595
2022-12-15,27.7712
2022-12-16,27.9497
2022-12-19,28.9379
2022-12-20,30.1549
2022-12-21,30.0679
2022-12-22,30.5392
2022-12-23,31.7196
2022-12-27,33.0860
2022-12-28,33.4255
2022-12-29,32.5861
2022-12-30,32.8475
2023-01-03,30.9577
2023-01-04,30.7604
2023-01-05,30.2972
2023-01-06,28.6183
2023-01-09,28.4165
2023-01-10,29.7238
2023-01-11,28.4486
2023-01-12,28.2789
2023-01-13,29.2146
2023-01-17,29.3110
2023-01-18,28.1642
2023-01-19,27.9853
2023-01-20,28.7284
2023-01-23,28.7605
2023-01-24,27.8316
2023-01-25,27.7009
2023-01-26,27.8112
2023-01-27,27.9582
2023-01-30,28.0777
2023-01-31,27.4390
2023-02-01,27.3287
2023-02-02,26.9474
2023-02-03,27.1266
2023-02-06,26.9887
2023-02-07,27.6274
2023-02-08,27.0393
2023-02-09,27.2874
2023-02-10,28.0869
2023-02-13,27.8801
2023-02-14,28.0042
2023-02-15,28.6060
2023-02-16,29.7271
2023-02-17,29.6996
2023-02-21,31.2342
2023-02-22,31.0963
2023-02-23,30.0166
2023-02-24,30.2417
2023-02-27,30.3888
2023-02-28,29.7593
2023-03-01,30.6001
2023-03-02,31.4639
2023-03-03,30.0487
2023-03-06,30.8298
2023-03-07,30.1912
2023-03-08,29.7042
2023-03-09,29.4652
2023-03-10,28.5739
2023-03-13,29.5709
2023-03-14,30.8666
2023-03-15,32.0979
2023-03-16,30.0534
2023-03-17,29.4790
2023-03-20,29.2723
2023-03-21,29.4744
2023-03-22,28.2569
2023-03-23,29.1023
2023-03-24,28.9828
2023-03-27,29.5663
2023-03-28,29.3871
2023-03-29,29.0517
2023-03-30,28.6842
2023-03-31,28.0042
2023-04-03,27.9352
2023-04-04,27.9031
2023-04-05,27.7514
2023-04-06,27.6825
2023-04-10,27.9904
2023-04-11,27.4390
2023-04-12,27.5952
2023-04-13,27.7560
2023-04-14,28.0823
2023-04-17,28.9598
2023-04-18,28.9415
2023-04-19,28.8312
2023-04-20,28.6566
2023-04-21,29.5571
2023-04-24,29.4698
2023-04-25,29.3732
2023-04-26,30.2383
2023-04-27,29.5619
2023-04-28,28.8578
2023-05-01,30.7307
2023-05-02,29.4422
2023-05-03,29.4648
2023-05-04,30.0957
2023-05-05,30.4500
2023-05-08,30.4316
2023-05-09,30.2153
2023-05-10,30.1937
2023-05-11,29.3272
2023-05-12,29.7459
2023-05-15,30.1279
2023-05-16,29.9208
2023-05-17,30.0837
2023-05-18,30.4868
2023-05-19,30.9976
2023-05-22,31.6262
2023-05-23,31.3335
2023-05-24,31.4808
2023-05-25,31.4117
2023-05-26,31.2273
2023-05-30,30.5315
2023-05-31,30.4623
2023-06-01,30.2780
2023-06-02,30.7287
2023-06-05,30.4854
2023-06-06,29.8909
2023-06-07,30.4163
2023-06-08,29.9697
2023-06-09,29.7941
2023-06-12,29.3899
2023-06-13,29.9185
2023-06-14,29.1120
2023-06-15,28.7249
2023-06-16,28.9277
2023-06-20,28.3562
2023-06-21,28.2825
2023-06-22,28.9093
2023-06-23,28.3286
2023-06-26,28.5489
2023-06-27,28.6883
2023-06-28,28.3924
2023-06-29,29.3576
2023-06-30,28.9791
2023-07-03,29.1979
2023-07-05,29.6253
2023-07-06,30.6916
2023-07-07,31.8041
2023-07-10,31.9656
2023-07-11,31.3840
2023-07-12,30.8278
2023-07-13,30.1700
2023-07-14,29.7223
2023-07-17,29.2791
2023-07-18,28.9975
2023-07-19,28.5221
2023-07-20,29.3022
2023-07-21,29.6069
2023-07-24,29.5607
2023-07-25,29.6909
2023-07-26,29.6530
2023-07-27,30.9012
2023-07-28,31.4791
2023-07-31,31.3173
2023-08-01,32.2650
2023-08-02,33.3515
2023-08-03,35.7463
2023-08-04,35.3163
2023-08-07,35.9821
2023-08-08,35.2608
2023-08-09,34.9835
2023-08-10,35.4666
2023-08-11,35.5151
2023-08-14,35.4412
2023-08-15,36.3935
2023-08-16,36.8004
2023-08-17,37.8591
2023-08-18,37.9931
2023-08-21,39.5234
2023-08-22,39.0703
2023-08-23,37.1425
2023-08-24,37.1147
2023-08-25,36.5368
2023-08-28,35.8517
2023-08-29,35.4120
2023-08-30,35.4814
2023-08-31,35.3379
2023-09-01,36.6294
2023-09-05,37.6524
2023-09-06,37.4904
2023-09-07,37.4950
2023-09-08,37.3330
2023-09-11,37.8052
2023-09-12,37.2113
2023-09-13,37.3284
2023-09-14,37.3840
2023-09-15,37.7126
2023-09-18,37.4071
2023-09-19,37.8839
2023-09-20,37.6062
2023-09-21,39.7679
2023-09-22,39.3513
2023-09-25,41.9435
2023-09-26,42.6425
2023-09-27,43.6388
2023-09-28,43.7037
2023-09-29,44.2598
2023-10-02,45.9698
2023-10-03,49.0746
2023-10-04,48.1709
2023-10-05,48.5509
2023-10-06,49.8253
2023-10-09,48.3841
2023-10-10,48.3285
2023-10-11,45.4600
2023-10-12,47.5314
2023-10-13,46.1412
2023-10-16,47.2673
2023-10-17,48.2080
2023-10-18,49.1302
2023-10-19,51.4518
2023-10-20,51.6465
2023-10-23,50.1543
2023-10-24,48.5324
2023-10-25,50.6502
2023-10-26,49.4535
2023-10-27,49.6715
2023-10-30,50.0101
2023-10-31,49.8616
2023-11-01,47.9692
2023-11-02,46.1046
2023-11-03,46.0026
2023-11-06,45.7243
2023-11-07,44.8105
2023-11-08,43.0109
2023-11-09,44.7270
2023-11-10,44.6853
2023-11-13,44.8198
2023-11-14,43.0851
2023-11-15,43.9710
2023-11-16,43.0480
2023-11-17,42.5331
2023-11-20,41.8096
2023-11-21,42.0740
2023-11-22,41.2808
2023-11-24,41.8467
2023-11-27,40.7137
2023-11-28,40.6580
2023-11-29,39.8221
2023-11-30,40.6580
2023-12-01,39.5110
2023-12-04,39.8361
2023-12-05,38.0205
2023-12-06,37.0314
2023-12-07,37.1986
2023-12-08,37.7837
2023-12-11,37.6769
2023-12-12,37.2590
2023-12-13,36.1585
2023-12-14,33.5999
2023-12-15,32.9638
2023-12-18,33.3492
2023-12-19,33.1913
2023-12-20,32.9963
2023-12-21,33.7764
2023-12-22,34.2268
2023-12-26,34.2936
2023-12-27,33.6254
2023-12-28,34.2676
2023-12-29,34.7101
2024-01-02,35.0919
2024-01-03,35.4564
2024-01-04,37.4436
2024-01-05,38.2072
2024-01-08,38.0510
2024-01-09,38.1378
2024-01-10,38.5022
2024-01-11,37.7820
2024-01-12,37.4262
2024-01-16,39.5261
2024-01-17,38.9274
2024-01-18,40.6282
2024-01-19,39.7431
2024-01-22,39.8386
2024-01-23,40.5501
2024-01-24,42.1728
2024-01-25,41.1575
2024-01-26,41.3053
2024-01-29,40.2103
2024-01-30,38.6547
2024-01-31,37.7857
2024-02-01,35.9694
2024-02-02,38.6199
2024-02-05,40.3233
2024-02-06,38.9328
2024-02-07,39.6280
2024-02-08,41.0706
2024-02-09,41.2531
2024-02-12,41.2184
2024-02-13,44.0253
2024-02-14,43.4518
2024-02-15,43.0607
2024-02-16,43.7125
2024-02-20,43.3214
2024-02-21,43.5561
2024-02-22,43.3649
2024-02-23,41.2097
2024-02-26,41.7322
2024-02-27,41.9325
2024-02-28,41.1661
2024-02-29,40.6784
2024-03-01,40.1646
2024-03-04,40.7655
2024-03-05,38.9280
2024-03-06,38.3968
2024-03-07,38.8235
2024-03-08,38.9193
2024-03-11,38.8148
2024-03-12,39.4679
2024-03-13,39.8947
2024-03-14,41.7061
2024-03-15,41.5754
2024-03-18,41.9064
2024-03-19,41.6974
2024-03-20,41.7844
2024-03-21,41.2793
2024-03-22,40.4294
2024-03-25,41.2375
2024-03-26,40.7139
2024-03-27,39.4222
2024-03-28,39.0993
2024-04-01,41.1415
2024-04-02,42.0143
2024-04-03,42.0928
2024-04-04,41.0019
2024-04-05,42.8521
2024-04-08,42.8347
2024-04-09,41.4557
2024-04-10,44.3445
2024-04-11,45.3831
2024-04-12,44.5715
2024-04-15,47.2944
2024-04-16,47.9054
2024-04-17,46.2210
2024-04-18,46.2297
2024-04-19,46.0289
2024-04-22,45.7322
2024-04-23,45.5402
2024-04-24,46.6748
2024-04-25,48.3717
2024-04-26,47.6107
2024-04-29,46.4211
2024-04-30,47.4445
2024-05-01,46.5261
2024-05-02,45.9663
2024-05-03,44.8116
2024-05-06,43.8495
2024-05-07,42.8260
2024-05-08,43.3596
2024-05-09,42.9048
2024-05-10,43.6483
2024-05-13,43.1147
2024-05-14,42.7473
2024-05-15,41.2341
2024-05-16,41.2603
2024-05-17,42.1175
2024-05-20,42.1875
2024-05-21,41.5227
2024-05-22,41.4877
2024-05-23,42.1613
2024-05-24,41.8718
2024-05-28,43.4596
2024-05-29,45.1790
2024-05-30,44.0912
2024-05-31,43.4245
2024-06-03,41.8454
2024-06-04,40.4769
2024-06-05,39.9681
2024-06-06,39.9506
2024-06-07,41.5472
2024-06-10,42.5209
2024-06-11,41.7489
2024-06-12,40.8805
2024-06-13,39.0996
2024-06-14,38.4943
2024-06-17,39.6874
2024-06-18,38.5820
2024-06-20,39.6172
2024-06-21,39.6435
2024-06-24,39.2926
2024-06-25,39.0549
2024-06-26,40.8509
2024-06-27,40.6220
2024-06-28,42.1275
2024-07-01,44.8568
2024-07-02,44.1789
2024-07-03,43.2809
2024-07-05,42.6558
2024-07-08,42.6822
2024-07-09,43.1048
2024-07-10,42.8935
2024-07-11,41.2207
2024-07-12,40.6837
2024-07-15,42.1363
2024-07-16,40.8597
2024-07-17,40.7189
2024-07-18,41.1151
2024-07-19,42.3124
2024-07-22,42.8671
2024-07-23,42.7878
2024-07-24,43.8443
2024-07-25,43.2985
2024-07-26,42.7108
2024-07-29,42.0083
2024-07-30,41.3545
2024-07-31,39.9936
2024-08-01,38.7742
2024-08-02,35.8847
2024-08-05,35.7919
2024-08-06,38.0496
2024-08-07,38.9863
2024-08-08,39.6137
2024-08-09,38.3412
2024-08-12,37.9701
2024-08-13,37.7845
2024-08-14,36.9804
2024-08-15,37.3162
2024-08-16,37.0776
2024-08-19,35.8229
2024-08-20,35.7875
2024-08-21,35.8936
2024-08-22,36.9097
2024-08-23,36.2558
2024-08-26,36.2293
2024-08-27,36.6289
2024-08-28,36.7532
2024-08-29,37.1439
2024-08-30,37.6146
2024-09-03,37.0107
2024-09-04,35.6610
2024-09-05,35.5012
2024-09-06,35.1371
2024-09-09,34.8086
2024-09-10,34.0183
2024-09-11,34.1781
2024-09-12,34.1426
2024-09-13,33.8851
2024-09-16,33.4322
2024-09-17,33.5059
2024-09-18,34.6221
2024-09-19,35.8741
2024-09-20,35.6610
2024-09-23,35.4479
2024-09-24,36.2205
2024-09-25,36.9522
2024-09-26,37.1753
2024-09-27,37.2110
2024-09-30,36.6934
2024-10-01,35.6315
2024-10-02,36.6488
2024-10-03,37.7910
2024-10-04,39.1920
2024-10-07,39.6471
2024-10-08,39.3169
2024-10-09,39.5757
2024-10-10,40.4680
2024-10-11,40.7268
2024-10-14,40.9677
2024-10-15,39.6203
2024-10-16,39.9505
2024-10-17,41.5924
2024-10-18,41.3247
2024-10-21,43.7340
2024-10-22,43.7251
2024-10-23,44.2605
2024-10-24,43.4663
2024-10-25,43.2968
2024-10-28,43.4490
2024-10-29,44.0223
2024-10-30,43.8610
2024-10-31,43.2341
2024-11-01,44.7836
2024-11-04,43.4849
2024-11-05,42.2399
2024-11-06,45.5897
2024-11-07,43.8969
2024-11-08,42.7594
2024-11-11,42.6698
2024-11-12,44.1118
2024-11-13,45.2672
2024-11-14,44.6940
2024-11-15,44.8463
2024-11-18,44.9627
2024-11-19,44.7388
2024-11-20,44.7030
2024-11-21,44.8015
2024-11-22,44.9806
2024-11-25,42.2929
2024-11-26,42.8772
2024-11-27,42.2120
2024-11-29,40.9626
2024-12-02,40.1446
2024-12-03,41.2682
2024-12-04,40.3693
2024-12-05,40.1805
2024-12-06,39.4435
2024-12-09,40.2255
2024-12-10,40.3064
2024-12-11,41.1334
2024-12-12,42.7873
2024-12-13,44.4683
2024-12-16,44.3155
2024-12-17,43.8660
2024-12-18,44.6211
2024-12-19,46.4279
2024-12-20,45.9335
2024-12-23,47.4732
2024-12-24,47.2695
2024-12-26,46.7656
2024-12-27,47.1126
2024-12-30,46.6709
2024-12-31,47.1848
2025-01-02,47.1307
2025-01-03,47.3741
2025-01-06,48.2305
2025-01-07,49.5467
2025-01-08,49.7450
2025-01-10,50.0966
2025-01-13,50.9170
2025-01-14,51.4849
2025-01-15,49.5467
2025-01-16,48.8616
2025-01-17,48.4469
2025-01-21,48.1404
2025-01-22,48.3387
2025-01-23,49.0058
2025-01-24,48.8886
2025-01-27,47.7437
2025-01-28,47.3643
2025-01-29,47.5540
2025-01-30,46.7140
2025-01-31,47.8250
2025-02-03,46.8134
2025-02-04,45.9102
2025-02-05,44.6096
2025-02-06,44.9799
2025-02-07,46.1992
2025-02-10,46.6418
2025-02-11,47.3011
2025-02-12,49.8030
2025-02-13,47.6353
2025-02-14,45.7024
2025-02-18,47.6353
2025-02-19,48.0869
2025-02-20,47.1927
2025-02-21,45.2147
2025-02-24,44.3747
2025-02-25,41.9944
2025-02-26,40.7636
2025-02-27,41.8768
2025-02-28,41.2161
2025-03-03,40.2115
2025-03-04,41.1437
2025-03-05,42.7185
2025-03-06,43.2796
2025-03-07,43.9222
2025-03-10,42.9990
2025-03-11,45.0626
2025-03-12,45.8590
2025-03-13,44.2209
2025-03-14,45.3612
2025-03-17,44.3476
2025-03-18,43.5783
2025-03-19,43.0895
2025-03-20,43.0986
2025-03-21,43.5421
2025-03-24,45.0716
2025-03-25,44.7367
2025-03-26,45.3722
2025-03-27,46.2891
2025-03-28,44.7095
2025-03-31,43.9923
2025-04-01,43.2207
2025-04-02,43.5838
2025-04-03,42.3946
2025-04-04,41.1418
2025-04-07,44.8457
2025-04-08,47.5328
2025-04-09,49.0579
2025-04-10,50.9552
2025-04-11,50.4287
2025-04-14,49.9294
2025-04-15,49.8840
2025-04-16,48.2136
2025-04-17,49.7932
2025-04-21,52.2625
2025-04-22,52.5893
2025-04-23,50.5921
2025-04-24,50.2017
2025-04-25,48.1172
2025-04-28,47.9169
2025-04-29,46.9429
2025-04-30,48.3357
2025-05-01,48.8272
2025-05-02,50.5932
2025-05-05,51.4215
2025-05-06,50.9391
2025-05-07,50.4293
2025-05-08,52.5411
2025-05-09,52.1406
2025-05-12,53.8884
2025-05-13,53.8974
2025-05-14,55.0535
2025-05-15,53.3058
2025-05-16,52.9053
2025-05-19,53.1874
2025-05-20,54.1705
2025-05-21,57.4657
2025-05-22,56.8194
2025-05-23,56.0912
2025-05-27,53.2351
2025-05-28,54.2480
2025-05-29,53.0252
2025-05-30,52.8154
2025-06-02,54.2936
2025-06-03,54.6860
2025-06-04,53.2625
2025-06-05,52.8792
2025-06-06,54.0746
2025-06-09,53.6822
2025-06-10,53.3811
2025-06-11,52.6055
2025-06-12,50.6619
2025-06-13,51.7660
2025-06-16,54.2936
2025-06-17,50.7805
2025-06-18,50.5980
2025-06-20,51.1455
2025-06-23,50.2877
2025-06-24,49.1745
2025-06-25,49.2659
2025-06-26,49.0282
2025-06-27,49.8787
2025-06-30,48.3240
2025-07-01,48.1136
2025-07-02,49.4214
2025-07-03,50.2445
2025-07-07,50.7566
2025-07-08,51.7809
2025-07-09,50.0616
2025-07-10,50.1165
2025-07-11,51.9455
2025-07-14,52.7595
2025-07-15,54.3416
2025-07-16,55.0824
2025-07-17,55.4756
2025-07-18,55.2013
2025-07-21,53.9575
2025-07-22,53.4545
2025-07-23,55.0641
2025-07-24,54.9452
2025-07-25,53.8660
2025-07-28,54.5590
2025-07-29,52.1383
2025-07-30,52.2029
2025-07-31,51.2143
2025-08-01,48.8860
2025-08-04,49.1077
2025-08-05,48.5072
2025-08-06,49.2278
2025-08-07,49.8654
2025-08-08,50.2534
2025-08-11,50.3088
2025-08-12,50.6969
2025-08-13,49.6529
2025-08-14,50.0594
2025-08-15,51.2328
2025-08-18,52.0089
2025-08-19,51.1866
2025-08-20,50.9464
2025-08-21,52.0089
2025-08-22,51.1035
2025-08-25,50.8355
2025-08-26,51.8257
2025-08-27,52.2834
2025-08-28,51.2185
2025-08-29,52.2180
2025-09-02,54.0676
2025-09-03,52.5637
2025-09-04,51.5268
2025-09-05,49.4343
2025-09-08,47.3979
2025-09-09,47.1550
2025-09-10,46.0995
2025-09-11,44.1004
2025-09-12,43.5680
2025-09-15,42.9701
2025-09-16,43.0542
2025-09-17,42.5404
2025-09-18,43.8762
2025-09-19,43.9977
2025-09-22,44.9318
2025-09-23,44.3433
2025-09-24,45.2120
2025-09-25,44.6223
2025-09-26,45.3992
2025-09-29,44.6878
2025-09-30,45.0903
2025-10-01,44.7627
2025-10-02,44.0139
2025-10-03,44.1356
2025-10-06,45.2120
2025-10-07,45.5865
2025-10-08,45.3244
2025-10-09,45.6707
2025-10-10,44.3696
2025-10-13,43.8173
2025-10-14,43.2744
2025-10-15,43.8360
2025-10-16,43.7050
2025-10-17,43.4241
2025-10-20,42.6004
2025-10-21,41.7205
2025-10-22,42.0294
2025-10-23,42.5068
2025-10-24,42.4413
2025-10-27,41.6269
2025-10-28,41.6081
2025-10-29,41.6269
2025-10-30,42.3024
2025-10-31,42.7246
2025-11-03,42.7621
2025-11-04,42.8278
2025-11-05,43.6064
2025-11-06,43.0811
2025-11-07,43.3344
2025-11-10,43.1092
2025-11-11,43.1561
2025-11-12,43.4094
2025-11-13,44.0474
2025-11-14,45.4171
2025-11-17,45.5016
2025-11-18,45.5419
2025-11-19,45.2295
2025-11-20,45.0794
2025-11-21,45.6059
2025-11-24,44.6845
2025-11-25,43.7068
2025-11-26,43.8290
2025-11-28,44.0922
2025-12-01,45.2674
2025-12-02,45.8315
2025-12-03,45.4742
2025-12-04,46.1323
2025-12-05,46.9408
2025-12-08,47.6177
2025-12-09,47.4297
2025-12-10,47.1853
2025-12-11,47.2511
2025-12-12,48.1912
2025-12-15,48.3886
2025-12-16,47.7400
2025-12-17,47.8998
2025-12-18,47.5801
2025-12-19,47.3921
2025-12-22,47.6742
2025-12-23,47.4165
2025-12-24,46.6037
2025-12-26,46.7920
2025-12-29,46.0487
2025-12-30,46.3361
2025-12-31,47.5056
2026-01-02,48.7545
2026-01-05,47.7138
2026-01-06,47.1488
2026-01-07,46.4154
2026-01-08,46.5472
2026-01-09,45.8405
2026-01-12,46.7127
2026-01-13,45.9991
2026-01-14,45.6621
2026-01-15,45.5234
2026-01-16,45.9099
2026-01-20,48.6356
2026-01-21,46.8317
2026-01-22,46.1379
2026-01-23,45.7216
2026-01-26,45.2062
2026-01-27,45.4049
2026-01-28,45.6929
2026-01-29,46.2691
2026-01-30,47.1531
2026-02-02,47.4213
2026-02-03,47.4809
2026-02-04,47.4114
2026-02-05,46.5174
2026-02-06,46.2591
2026-02-09,46.5372
2026-02-10,45.0671
2026-02-11,45.2161
2026-02-12,44.0142
2026-02-13,42.9613
2026-02-17,42.9911
2026-02-18,42.8619
2026-02-19,42.9414
2026-02-20,42.9116
2026-02-23,42.6136
2026-02-24,42.4244
2026-02-25,42.0660
2026-02-26,41.6578
2026-02-27,41.3591
2026-03-02,42.0262
2026-03-03,42.9024
2026-03-04,42.0959
2026-03-05,42.6435
2026-03-06,43.8084
2026-03-09,43.0019
2026-03-10,43.2807
2026-03-11,45.6503
2026-03-12,45.8296
2026-03-13,46.3672
2026-03-16,45.4412
2026-03-17,45.3417
2026-03-18,45.8495
2026-03-19,44.6348
2026-03-20,48.4381
2026-03-23,47.1438
2026-03-24,46.7953
2026-03-25,46.7256
2026-03-26,48.7212
2026-03-27,49.4895
2026-03-30,48.0227
2026-03-31,46.1270
2026-04-01,45.3986
2026-04-02,44.8997
2026-04-06,44.8199
2026-04-07,45.8576
2026-04-08,44.9696
2026-04-09,45.1292
2026-04-10,45.1292
2026-04-13,44.5206
2026-04-14,43.7523
2026-04-15,43.9119
2026-04-16,44.5006
2026-04-17,44.2711
2026-04-20,44.9895
2026-04-21,44.7451
2026-04-22,44.8488
2026-04-23,44.3509
2026-04-24,44.7700
2026-04-27,45.8700
2026-04-28,45.8200
2026-04-29,46.9000
2026-04-30,47.6300
2026-05-01,46.8000
