date,JETS_close
2015-04-30,22.8583
2015-05-01,23.5028
2015-05-04,23.3043
2015-05-05,22.6806
2015-05-06,22.6617
2015-05-07,23.0964
2015-05-08,23.4555
2015-05-11,23.5973
2015-05-12,23.2854
2015-05-13,23.1626
2015-05-14,23.5122
2015-05-15,23.5217
2015-05-18,23.5973
2015-05-19,23.3138
2015-05-20,22.0852
2015-05-21,22.0758
2015-05-22,21.8490
2015-05-26,21.4332
2015-05-27,21.8773
2015-05-28,21.8206
2015-05-29,21.8301
2015-06-01,22.3498
2015-06-02,22.1514
2015-06-03,22.2459
2015-06-04,21.9161
2015-06-05,21.8395
2015-06-08,21.1308
2015-06-09,21.0174
2015-06-10,21.1969
2015-06-11,21.1818
2015-06-12,21.4048
2015-06-15,21.1591
2015-06-16,21.0457
2015-06-17,21.1119
2015-06-18,21.3103
2015-06-19,21.5277
2015-06-22,22.0663
2015-06-23,22.0947
2015-06-24,21.8962
2015-06-25,21.9151
2015-06-26,21.6978
2015-06-29,21.0363
2015-06-30,21.1591
2015-07-01,20.8473
2015-07-02,20.8851
2015-07-06,21.0363
2015-07-07,21.2347
2015-07-08,20.7868
2015-07-09,21.0646
2015-07-10,21.8301
2015-07-13,22.1041
2015-07-14,22.0569
2015-07-15,22.0474
2015-07-16,22.1703
2015-07-17,22.2837
2015-07-20,21.9529
2015-07-21,22.1986
2015-07-22,22.4160
2015-07-23,22.5200
2015-07-24,21.8962
2015-07-27,21.8017
2015-07-28,22.3309
2015-07-29,22.1986
2015-07-30,22.2648
2015-07-31,22.2648
2015-08-03,22.8035
2015-08-04,23.1153
2015-08-05,23.2004
2015-08-06,23.0303
2015-08-07,22.9263
2015-08-10,23.0586
2015-08-11,23.3138
2015-08-12,23.0208
2015-08-13,23.3138
2015-08-14,23.4083
2015-08-17,23.6351
2015-08-18,23.4555
2015-08-19,23.3894
2015-08-20,22.6901
2015-08-21,21.7356
2015-08-24,21.1119
2015-08-25,20.8662
2015-08-26,21.4993
2015-08-27,21.6978
2015-08-28,21.6033
2015-08-31,21.5466
2015-09-01,21.3765
2015-09-02,22.0474
2015-09-03,21.9718
2015-09-04,21.9624
2015-09-08,22.4255
2015-09-09,22.4538
2015-09-10,22.4822
2015-09-11,22.6239
2015-09-14,22.7184
2015-09-15,22.8129
2015-09-16,23.0681
2015-09-17,23.4461
2015-09-18,23.1531
2015-09-21,23.2287
2015-09-22,22.5483
2015-09-23,22.5861
2015-09-24,22.3120
2015-09-25,22.4255
2015-09-28,21.7450
2015-09-29,21.6883
2015-09-30,21.9340
2015-10-01,22.0663
2015-10-02,22.0295
2015-10-05,22.6428
2015-10-06,21.9057
2015-10-07,22.1703
2015-10-08,22.2742
2015-10-09,22.9452
2015-10-12,23.5311
2015-10-13,23.0775
2015-10-14,23.1909
2015-10-15,23.4744
2015-10-16,23.1059
2015-10-19,23.5028
2015-10-20,23.5311
2015-10-21,23.3610
2015-10-22,23.8912
2015-10-23,24.1926
2015-10-26,24.5423
2015-10-27,24.2588
2015-10-28,24.0320
2015-10-29,24.0320
2015-10-30,24.2493
2015-11-02,24.4195
2015-11-03,24.4951
2015-11-04,24.3155
2015-11-05,24.4204
2015-11-06,24.6151
2015-11-09,24.2210
2015-11-10,24.1548
2015-11-11,24.1170
2015-11-12,23.9375
2015-11-13,23.7296
2015-11-16,23.5122
2015-11-17,23.5623
2015-11-18,23.6162
2015-11-19,23.9280
2015-11-20,24.0509
2015-11-23,24.0225
2015-11-24,23.5028
2015-11-25,23.4083
2015-11-27,23.5217
2015-11-30,23.3043
2015-12-01,23.8713
2015-12-02,24.0981
2015-12-03,23.9091
2015-12-04,24.5329
2015-12-07,24.9581
2015-12-08,24.2304
2015-12-09,23.8808
2015-12-10,24.2588
2015-12-11,23.4272
2015-12-14,23.5406
2015-12-15,23.8241
2015-12-16,24.1170
2015-12-17,23.7390
2015-12-18,23.3421
2015-12-21,23.7768
2015-12-22,23.9347
2015-12-23,24.0603
2015-12-24,24.1170
2015-12-28,24.0556
2015-12-29,24.2620
2015-12-30,23.8313
2015-12-31,23.5899
2016-01-04,22.8042
2016-01-05,22.7739
2016-01-06,22.8326
2016-01-07,22.0658
2016-01-08,21.7818
2016-01-11,21.8860
2016-01-12,21.9939
2016-01-13,21.1571
2016-01-14,21.2612
2016-01-15,20.7973
2016-01-19,20.8437
2016-01-20,20.8731
2016-01-21,21.2233
2016-01-22,21.3653
2016-01-25,21.0245
2016-01-26,21.2801
2016-01-27,21.1192
2016-01-28,20.5512
2016-01-29,21.1287
2016-02-01,21.5253
2016-02-02,20.6743
2016-02-03,20.8541
2016-02-04,21.0435
2016-02-05,20.2388
2016-02-08,19.7466
2016-02-09,20.0495
2016-02-10,20.3714
2016-02-11,20.1536
2016-02-12,20.5417
2016-02-16,21.0529
2016-02-17,21.6777
2016-02-18,21.7430
2016-02-19,21.9995
2016-02-22,22.4918
2016-02-23,22.4255
2016-02-24,22.7379
2016-02-25,23.0030
2016-02-26,22.8042
2016-02-29,22.8610
2016-03-01,23.3248
2016-03-02,23.1923
2016-03-03,23.3816
2016-03-04,23.4006
2016-03-07,23.3343
2016-03-08,22.7474
2016-03-09,22.9746
2016-03-10,23.0408
2016-03-11,23.4195
2016-03-14,23.5236
2016-03-15,23.3816
2016-03-16,23.6372
2016-03-17,23.6088
2016-03-18,24.0632
2016-03-21,24.2146
2016-03-22,23.9591
2016-03-23,23.9023
2016-03-24,23.4857
2016-03-28,23.7224
2016-03-29,24.0253
2016-03-30,24.2080
2016-03-31,24.0064
2016-04-01,23.6940
2016-04-04,23.9023
2016-04-05,23.7035
2016-04-06,23.6618
2016-04-07,23.2964
2016-04-08,23.4857
2016-04-11,23.5804
2016-04-12,23.7224
2016-04-13,24.1768
2016-04-14,24.4892
2016-04-15,24.4381
2016-04-18,24.4608
2016-04-19,24.6122
2016-04-20,24.5270
2016-04-21,23.8739
2016-04-22,23.4100
2016-04-25,23.1544
2016-04-26,23.0787
2016-04-27,23.0598
2016-04-28,22.6811
2016-04-29,22.4255
2016-05-02,22.5202
2016-05-03,22.3782
2016-05-04,21.8055
2016-05-05,21.7629
2016-05-06,21.8292
2016-05-09,21.9617
2016-05-10,22.2267
2016-05-11,21.9995
2016-05-12,21.4410
2016-05-13,21.4600
2016-05-16,21.7440
2016-05-17,21.8386
2016-05-18,21.9049
2016-05-19,21.6114
2016-05-20,21.5925
2016-05-23,21.5452
2016-05-24,21.8102
2016-05-25,21.8576
2016-05-26,21.6379
2016-05-27,21.7250
2016-05-31,21.7724
2016-06-01,21.7156
2016-06-02,21.5736
2016-06-03,21.3464
2016-06-06,21.4221
2016-06-07,21.9144
2016-06-08,21.9806
2016-06-09,22.2078
2016-06-10,21.8386
2016-06-13,21.1760
2016-06-14,20.5891
2016-06-15,20.6080
2016-06-16,20.3240
2016-06-17,20.3903
2016-06-20,20.6667
2016-06-21,20.8447
2016-06-22,20.7879
2016-06-23,20.9109
2016-06-24,19.5667
2016-06-27,18.7905
2016-06-28,19.2922
2016-06-29,19.8412
2016-06-30,20.0306
2016-07-01,20.3051
2016-07-05,19.9738
2016-07-06,19.8128
2016-07-07,20.0874
2016-07-08,20.5039
2016-07-11,20.8541
2016-07-12,21.8954
2016-07-13,21.6777
2016-07-14,22.2457
2016-07-15,22.0658
2016-07-18,22.0545
2016-07-19,21.8860
2016-07-20,21.8102
2016-07-21,21.0624
2016-07-22,21.4316
2016-07-25,21.2318
2016-07-26,21.6020
2016-07-27,21.4410
2016-07-28,21.5452
2016-07-29,21.3274
2016-08-01,21.3558
2016-08-02,20.4774
2016-08-03,20.4755
2016-08-04,20.6279
2016-08-05,21.1287
2016-08-08,21.0719
2016-08-09,21.1107
2016-08-10,20.9488
2016-08-11,21.1476
2016-08-12,21.0558
2016-08-15,21.3132
2016-08-16,21.3615
2016-08-17,21.3937
2016-08-18,21.3511
2016-08-19,21.2139
2016-08-22,21.1003
2016-08-23,21.2517
2016-08-24,21.2754
2016-08-25,21.2612
2016-08-26,21.0151
2016-08-29,21.0529
2016-08-30,21.4950
2016-08-31,21.3369
2016-09-01,21.2811
2016-09-02,21.5357
2016-09-06,21.7061
2016-09-07,22.4066
2016-09-08,22.4918
2016-09-09,21.9380
2016-09-12,22.1037
2016-09-13,21.6758
2016-09-14,21.3256
2016-09-15,21.5064
2016-09-16,21.1003
2016-09-19,21.2044
2016-09-20,21.1665
2016-09-21,21.1854
2016-09-22,21.3653
2016-09-23,21.4410
2016-09-26,21.1192
2016-09-27,21.6304
2016-09-28,21.6370
2016-09-29,21.5925
2016-09-30,21.7913
2016-10-03,22.1605
2016-10-04,22.1321
2016-10-05,22.2457
2016-10-06,22.1955
2016-10-07,21.8576
2016-10-10,22.2173
2016-10-11,21.9806
2016-10-12,21.9522
2016-10-13,22.3687
2016-10-14,22.3100
2016-10-17,22.2078
2016-10-18,22.4918
2016-10-19,22.8799
2016-10-20,23.1355
2016-10-21,22.9556
2016-10-24,22.9556
2016-10-25,22.8610
2016-10-26,22.5013
2016-10-27,22.5429
2016-10-28,22.5202
2016-10-31,22.7190
2016-11-01,22.5865
2016-11-02,22.5817
2016-11-03,22.4823
2016-11-04,22.6802
2016-11-07,23.2680
2016-11-08,23.5142
2016-11-09,23.8171
2016-11-10,24.0206
2016-11-11,24.2146
2016-11-14,24.6974
2016-11-15,25.1613
2016-11-16,24.9511
2016-11-17,25.4623
2016-11-18,25.6535
2016-11-21,25.7198
2016-11-22,25.8239
2016-11-23,25.9943
2016-11-25,25.9725
2016-11-28,25.8144
2016-11-29,25.9564
2016-11-30,25.6630
2016-12-01,25.5873
2016-12-02,25.8712
2016-12-05,25.6346
2016-12-06,26.1647
2016-12-07,26.8936
2016-12-08,26.9504
2016-12-09,27.3196
2016-12-12,26.6475
2016-12-13,26.7611
2016-12-14,26.6191
2016-12-15,27.1303
2016-12-16,26.9693
2016-12-19,27.1397
2016-12-20,27.4426
2016-12-21,27.4426
2016-12-22,27.0829
2016-12-23,27.1871
2016-12-27,27.2155
2016-12-28,26.8013
2016-12-29,26.7623
2016-12-30,26.5310
2017-01-03,26.5786
2017-01-04,27.0165
2017-01-05,26.7595
2017-01-06,26.6024
2017-01-09,26.6262
2017-01-10,27.1974
2017-01-11,27.3649
2017-01-12,27.1307
2017-01-13,27.1545
2017-01-17,26.9784
2017-01-18,26.9927
2017-01-19,26.8832
2017-01-20,27.1878
2017-01-23,26.7566
2017-01-24,26.9308
2017-01-25,27.0546
2017-01-26,27.5972
2017-01-27,27.0165
2017-01-30,26.4548
2017-01-31,26.2930
2017-02-01,26.4168
2017-02-02,26.3787
2017-02-03,26.4929
2017-02-06,26.5976
2017-02-07,26.3787
2017-02-08,26.4834
2017-02-09,27.0260
2017-02-10,27.0450
2017-02-13,27.4734
2017-02-14,27.2545
2017-02-15,27.8066
2017-02-16,27.7305
2017-02-17,27.7543
2017-02-21,27.8066
2017-02-22,27.7685
2017-02-23,27.6067
2017-02-24,27.6543
2017-02-27,27.7685
2017-02-28,27.6448
2017-03-01,28.1874
2017-03-02,27.5401
2017-03-03,27.9113
2017-03-06,27.4639
2017-03-07,27.0593
2017-03-08,27.0926
2017-03-09,26.8927
2017-03-10,27.0831
2017-03-13,26.7214
2017-03-14,26.1121
2017-03-15,26.6547
2017-03-16,26.6547
2017-03-17,26.5995
2017-03-20,26.6072
2017-03-21,25.9884
2017-03-22,26.1312
2017-03-23,26.4263
2017-03-24,26.4929
2017-03-27,26.5500
2017-03-28,26.8927
2017-03-29,26.6357
2017-03-30,26.7166
2017-03-31,26.6833
2017-04-03,26.7404
2017-04-04,26.2644
2017-04-05,26.2978
2017-04-06,26.3596
2017-04-07,26.4644
2017-04-10,26.5529
2017-04-11,26.8166
2017-04-12,26.7166
2017-04-13,26.3882
2017-04-17,26.6738
2017-04-18,26.6262
2017-04-19,26.9499
2017-04-20,27.2545
2017-04-21,27.3021
2017-04-24,27.8447
2017-04-25,27.9399
2017-04-26,27.7209
2017-04-27,27.2545
2017-04-28,27.2354
2017-05-01,27.1593
2017-05-02,27.9208
2017-05-03,27.9304
2017-05-04,27.9494
2017-05-05,28.1969
2017-05-08,28.0922
2017-05-09,28.6063
2017-05-10,28.6348
2017-05-11,28.5491
2017-05-12,28.3302
2017-05-15,28.5872
2017-05-16,28.7586
2017-05-17,27.9304
2017-05-18,27.8828
2017-05-19,28.3207
2017-05-22,28.5063
2017-05-23,28.6824
2017-05-24,28.7871
2017-05-25,29.4535
2017-05-26,29.4725
2017-05-30,29.0632
2017-05-31,29.1765
2017-06-01,29.4916
2017-06-02,29.8248
2017-06-05,29.8438
2017-06-06,29.7676
2017-06-07,30.1294
2017-06-08,30.1199
2017-06-09,29.9580
2017-06-12,29.7105
2017-06-13,29.7962
2017-06-14,29.7581
2017-06-15,29.5582
2017-06-16,29.5392
2017-06-19,30.0056
2017-06-20,29.5106
2017-06-21,29.7105
2017-06-22,29.7867
2017-06-23,29.7676
2017-06-26,29.7962
2017-06-27,29.7391
2017-06-28,29.9580
2017-06-29,29.9009
2017-06-30,30.0056
2017-07-03,30.1389
2017-07-05,30.2912
2017-07-06,30.3959
2017-07-07,31.0052
2017-07-10,30.8148
2017-07-11,30.5482
2017-07-12,31.1480
2017-07-13,31.0242
2017-07-14,31.0623
2017-07-17,31.0909
2017-07-18,30.8338
2017-07-19,30.6149
2017-07-20,30.1103
2017-07-21,29.9104
2017-07-24,29.6439
2017-07-25,29.3821
2017-07-26,29.5011
2017-07-27,28.7110
2017-07-28,28.8442
2017-07-31,28.5587
2017-08-01,28.8442
2017-08-02,28.7491
2017-08-03,28.8157
2017-08-04,29.1013
2017-08-07,28.9680
2017-08-08,28.7529
2017-08-09,28.5682
2017-08-10,28.1588
2017-08-11,28.2207
2017-08-14,28.5587
2017-08-15,28.5587
2017-08-16,28.5777
2017-08-17,27.6257
2017-08-18,27.5534
2017-08-21,27.7114
2017-08-22,27.5877
2017-08-23,27.0736
2017-08-24,26.7119
2017-08-25,27.4639
2017-08-28,27.2450
2017-08-29,27.1974
2017-08-30,27.1450
2017-08-31,27.3116
2017-09-01,27.5020
2017-09-05,26.8927
2017-09-06,27.0736
2017-09-07,26.9689
2017-09-08,27.0593
2017-09-11,27.7057
2017-09-12,27.9494
2017-09-13,28.0655
2017-09-14,27.9589
2017-09-15,27.7971
2017-09-18,27.5496
2017-09-19,27.4639
2017-09-20,27.7495
2017-09-21,27.8733
2017-09-22,27.9875
2017-09-25,27.9970
2017-09-26,28.1208
2017-09-27,28.1588
2017-09-28,28.1779
2017-09-29,28.2141
2017-10-02,28.2921
2017-10-03,29.4535
2017-10-04,29.4249
2017-10-05,29.4249
2017-10-06,29.5582
2017-10-09,29.3012
2017-10-10,29.8343
2017-10-11,29.9676
2017-10-12,29.9009
2017-10-13,30.0018
2017-10-16,29.8248
2017-10-17,29.8724
2017-10-18,29.9485
2017-10-19,29.2060
2017-10-20,29.4916
2017-10-23,29.0727
2017-10-24,29.2821
2017-10-25,28.7110
2017-10-26,28.2921
2017-10-27,28.1112
2017-10-30,28.0446
2017-10-31,27.9970
2017-11-01,28.1350
2017-11-02,27.9780
2017-11-03,27.9684
2017-11-06,28.1493
2017-11-07,27.6638
2017-11-08,27.6257
2017-11-09,27.4068
2017-11-10,27.5781
2017-11-13,27.3592
2017-11-14,27.4639
2017-11-15,27.8352
2017-11-16,28.3683
2017-11-17,28.1493
2017-11-20,28.2255
2017-11-21,28.7300
2017-11-22,28.7491
2017-11-24,28.7015
2017-11-27,28.5777
2017-11-28,29.0251
2017-11-29,29.7867
2017-11-30,30.3388
2017-12-01,29.8914
2017-12-04,30.4435
2017-12-05,30.0627
2017-12-06,29.9390
2017-12-07,30.4911
2017-12-08,30.6434
2017-12-11,30.6910
2017-12-12,30.4626
2017-12-13,30.4435
2017-12-14,30.5387
2017-12-15,30.8529
2017-12-18,31.2089
2017-12-19,31.1480
2017-12-20,31.3955
2017-12-21,31.7192
2017-12-22,31.6716
2017-12-26,31.7791
2017-12-27,31.6049
2017-12-28,31.6455
2017-12-29,31.4812
2018-01-02,31.9549
2018-01-03,31.5691
2018-01-04,31.6165
2018-01-05,31.6455
2018-01-08,31.3941
2018-01-09,31.1814
2018-01-10,31.8196
2018-01-11,32.9411
2018-01-12,33.5116
2018-01-16,33.1152
2018-01-17,33.1635
2018-01-18,33.0475
2018-01-19,33.0475
2018-01-22,33.1055
2018-01-23,33.2989
2018-01-24,31.9066
2018-01-25,31.1718
2018-01-26,31.4812
2018-01-29,31.4521
2018-01-30,31.4908
2018-01-31,31.8389
2018-02-01,31.8099
2018-02-02,30.9590
2018-02-05,29.9052
2018-02-06,30.3693
2018-02-07,30.6497
2018-02-08,29.4894
2018-02-09,29.4604
2018-02-12,30.1082
2018-02-13,30.3113
2018-02-14,30.6013
2018-02-15,30.9784
2018-02-16,30.9397
2018-02-20,30.7463
2018-02-21,31.1041
2018-02-22,30.9687
2018-02-23,31.2394
2018-02-26,32.0419
2018-02-27,31.4231
2018-02-28,31.2975
2018-03-01,31.0461
2018-03-02,31.0557
2018-03-05,31.1524
2018-03-06,31.2781
2018-03-07,31.4618
2018-03-08,31.8002
2018-03-09,32.3223
2018-03-12,32.4384
2018-03-13,32.6994
2018-03-14,32.2546
2018-03-15,32.1870
2018-03-16,32.5350
2018-03-19,32.2933
2018-03-20,32.4287
2018-03-21,32.0216
2018-03-22,31.1524
2018-03-23,30.6883
2018-03-26,31.1234
2018-03-27,30.6206
2018-03-28,30.4950
2018-03-29,31.1234
2018-04-02,29.9922
2018-04-03,30.8140
2018-04-04,30.9881
2018-04-05,31.3564
2018-04-06,30.7077
2018-04-09,30.4563
2018-04-10,30.0985
2018-04-11,29.6054
2018-04-12,30.1952
2018-04-13,30.0309
2018-04-16,30.3306
2018-04-17,30.2629
2018-04-18,30.9590
2018-04-19,30.6980
2018-04-20,30.7077
2018-04-23,30.6787
2018-04-24,30.1759
2018-04-25,30.0889
2018-04-26,29.6248
2018-04-27,29.8568
2018-04-30,29.4894
2018-05-01,29.6441
2018-05-02,29.4411
2018-05-03,29.1317
2018-05-04,29.4121
2018-05-07,29.1607
2018-05-08,29.2574
2018-05-09,28.8900
2018-05-10,29.0833
2018-05-11,29.3444
2018-05-14,29.1220
2018-05-15,29.1800
2018-05-16,29.6054
2018-05-17,29.5088
2018-05-18,29.3637
2018-05-21,29.8181
2018-05-22,29.3927
2018-05-23,29.1703
2018-05-24,29.5764
2018-05-25,30.1565
2018-05-29,29.4991
2018-05-30,29.4314
2018-05-31,29.3154
2018-06-01,29.3908
2018-06-04,29.7891
2018-06-05,29.4507
2018-06-06,29.5571
2018-06-07,29.4121
2018-06-08,29.3831
2018-06-11,29.8085
2018-06-12,29.6538
2018-06-13,29.6248
2018-06-14,29.6731
2018-06-15,29.7698
2018-06-18,29.7505
2018-06-19,29.3057
2018-06-20,29.4797
2018-06-21,29.5329
2018-06-22,29.1897
2018-06-25,28.5419
2018-06-26,28.3002
2018-06-27,27.8457
2018-06-28,27.8071
2018-06-29,27.9357
2018-07-02,28.2325
2018-07-03,28.0101
2018-07-05,28.3098
2018-07-06,28.5148
2018-07-09,28.8223
2018-07-10,28.6869
2018-07-11,27.9134
2018-07-12,28.4355
2018-07-13,28.7739
2018-07-16,28.6579
2018-07-17,28.8706
2018-07-18,29.6538
2018-07-19,29.7070
2018-07-20,29.5281
2018-07-23,29.5958
2018-07-24,29.0205
2018-07-25,29.4217
2018-07-26,30.1275
2018-07-27,30.2919
2018-07-30,30.0599
2018-07-31,30.2919
2018-08-01,29.7505
2018-08-02,29.7698
2018-08-03,29.9922
2018-08-06,30.0309
2018-08-07,30.2242
2018-08-08,30.4369
2018-08-09,30.2890
2018-08-10,29.7553
2018-08-13,29.5861
2018-08-14,29.9052
2018-08-15,30.0599
2018-08-16,30.1643
2018-08-17,30.1275
2018-08-20,31.0074
2018-08-21,31.1814
2018-08-22,30.7463
2018-08-23,30.6883
2018-08-24,30.7850
2018-08-27,31.0171
2018-08-28,31.4231
2018-08-29,31.4812
2018-08-30,31.1766
2018-08-31,31.3651
2018-09-04,31.4328
2018-09-05,31.1814
2018-09-06,30.8527
2018-09-07,30.9204
2018-09-10,31.1805
2018-09-11,31.3458
2018-09-12,31.0171
2018-09-13,31.3071
2018-09-14,31.3690
2018-09-17,31.6455
2018-09-18,31.6842
2018-09-19,31.8679
2018-09-20,31.7712
2018-09-21,32.1966
2018-09-24,31.4270
2018-09-25,31.1428
2018-09-26,31.3845
2018-09-27,31.5778
2018-09-28,31.5005
2018-10-01,30.8914
2018-10-02,30.4079
2018-10-03,30.4853
2018-10-04,30.1759
2018-10-05,29.8085
2018-10-08,29.6344
2018-10-09,29.0060
2018-10-10,28.0391
2018-10-11,28.0294
2018-10-12,28.2605
2018-10-15,28.4935
2018-10-16,29.2864
2018-10-17,29.6151
2018-10-18,28.7643
2018-10-19,28.7933
2018-10-22,28.9576
2018-10-23,28.6869
2018-10-24,27.4107
2018-10-25,28.0681
2018-10-26,27.9038
2018-10-29,27.7152
2018-10-30,28.5167
2018-10-31,28.5032
2018-11-01,29.3444
2018-11-02,29.6151
2018-11-05,29.6470
2018-11-06,29.6054
2018-11-07,30.3113
2018-11-08,30.1798
2018-11-09,30.1565
2018-11-12,29.8568
2018-11-13,30.3306
2018-11-14,30.2919
2018-11-15,30.1469
2018-11-16,29.9342
2018-11-19,29.7215
2018-11-20,29.2574
2018-11-21,29.8239
2018-11-23,30.3596
2018-11-26,30.2465
2018-11-27,30.5820
2018-11-28,31.1041
2018-11-29,31.1447
2018-11-30,31.8389
2018-12-03,31.6745
2018-12-04,30.2146
2018-12-06,30.4215
2018-12-07,28.9286
2018-12-10,28.8416
2018-12-11,28.8464
2018-12-12,29.1317
2018-12-13,28.4162
2018-12-14,28.2218
2018-12-17,27.7200
2018-12-18,28.3620
2018-12-19,27.8245
2018-12-20,27.2076
2018-12-21,26.5985
2018-12-24,25.9613
2018-12-26,27.1399
2018-12-27,27.0819
2018-12-28,27.0868
2018-12-31,27.1257
2019-01-02,27.2911
2019-01-03,26.1041
2019-01-04,27.2327
2019-01-07,27.5343
2019-01-08,27.5538
2019-01-09,28.0695
2019-01-10,27.9430
2019-01-11,27.9332
2019-01-14,27.8457
2019-01-15,27.9235
2019-01-16,28.3127
2019-01-17,28.7019
2019-01-18,28.7992
2019-01-22,28.3030
2019-01-23,28.3127
2019-01-24,29.0327
2019-01-25,29.2273
2019-01-28,29.5094
2019-01-29,29.6845
2019-01-30,30.0737
2019-01-31,29.9083
2019-02-01,30.1078
2019-02-04,30.4434
2019-02-05,30.5407
2019-02-06,30.5115
2019-02-07,30.3461
2019-02-08,30.2586
2019-02-11,30.4629
2019-02-12,30.2975
2019-02-13,30.4532
2019-02-14,30.4337
2019-02-15,30.5018
2019-02-19,30.6575
2019-02-20,30.1516
2019-02-21,30.1224
2019-02-22,30.3559
2019-02-25,30.4824
2019-02-26,30.4629
2019-02-27,29.9959
2019-02-28,30.0056
2019-03-01,29.7721
2019-03-04,29.2467
2019-03-05,29.2564
2019-03-06,28.9256
2019-03-07,28.4976
2019-03-08,28.2835
2019-03-11,28.4878
2019-03-12,28.0500
2019-03-13,28.5121
2019-03-14,28.5754
2019-03-15,28.5170
2019-03-18,28.4178
2019-03-19,28.5365
2019-03-20,28.1084
2019-03-21,28.3010
2019-03-22,27.5927
2019-03-25,27.4370
2019-03-26,27.5051
2019-03-27,27.8846
2019-03-28,27.8749
2019-03-29,28.3954
2019-04-01,28.7894
2019-04-02,29.1981
2019-04-03,29.5872
2019-04-04,29.7332
2019-04-05,29.9180
2019-04-08,29.7322
2019-04-09,29.4287
2019-04-10,29.8110
2019-04-11,30.1516
2019-04-12,30.0932
2019-04-15,29.8499
2019-04-16,30.0348
2019-04-17,30.4201
2019-04-18,30.3559
2019-04-22,29.9570
2019-04-23,30.2099
2019-04-24,30.2099
2019-04-25,29.8694
2019-04-26,30.0037
2019-04-29,30.2975
2019-04-30,30.4726
2019-05-01,30.2780
2019-05-02,30.2002
2019-05-03,30.5115
2019-05-06,30.2488
2019-05-07,29.7429
2019-05-08,29.5581
2019-05-09,29.4608
2019-05-10,29.6164
2019-05-13,28.6435
2019-05-14,28.9159
2019-05-15,28.9023
2019-05-16,29.0132
2019-05-17,28.7602
2019-05-20,28.5481
2019-05-21,28.8867
2019-05-22,28.3448
2019-05-23,28.0695
2019-05-24,28.0403
2019-05-28,27.8262
2019-05-29,27.6404
2019-05-30,27.6024
2019-05-31,27.1160
2019-06-03,27.1919
2019-06-04,28.2835
2019-06-05,28.6727
2019-06-06,28.6435
2019-06-07,28.8089
2019-06-10,28.7904
2019-06-11,28.8186
2019-06-12,28.9354
2019-06-13,29.7429
2019-06-14,29.4929
2019-06-17,29.1786
2019-06-18,29.4316
2019-06-19,29.5872
2019-06-20,29.3343
2019-06-21,29.1105
2019-06-24,29.0619
2019-06-25,28.7408
2019-06-26,28.8186
2019-06-27,29.0813
2019-06-28,29.4121
2019-07-01,29.6456
2019-07-02,29.6164
2019-07-03,29.9832
2019-07-05,30.1224
2019-07-08,30.2099
2019-07-09,29.8791
2019-07-10,30.0543
2019-07-11,30.0834
2019-07-12,30.4629
2019-07-15,30.4532
2019-07-16,31.0564
2019-07-17,30.6186
2019-07-18,30.7742
2019-07-19,30.4717
2019-07-22,30.5018
2019-07-23,31.0467
2019-07-24,31.4261
2019-07-25,30.4337
2019-07-26,30.3170
2019-07-29,30.1613
2019-07-30,30.0426
2019-07-31,29.6456
2019-08-01,29.3537
2019-08-02,29.1883
2019-08-05,28.2932
2019-08-06,28.6143
2019-08-07,28.7797
2019-08-08,29.2370
2019-08-09,28.7408
2019-08-12,27.9916
2019-08-13,28.0500
2019-08-14,27.1549
2019-08-15,26.8922
2019-08-16,27.4468
2019-08-19,27.7095
2019-08-20,27.4565
2019-08-21,27.7387
2019-08-22,27.7970
2019-08-23,27.1160
2019-08-26,27.2035
2019-08-27,27.0381
2019-08-28,27.3008
2019-08-29,27.9332
2019-08-30,27.9430
2019-09-03,27.5927
2019-09-04,27.7873
2019-09-05,28.3322
2019-09-06,28.3322
2019-09-09,28.6143
2019-09-10,28.8575
2019-09-11,29.3732
2019-09-12,29.4900
2019-09-13,29.7916
2019-09-16,29.0716
2019-09-17,29.2662
2019-09-18,29.3537
2019-09-19,29.1300
2019-09-20,28.9646
2019-09-23,28.7924
2019-09-24,28.6668
2019-09-25,28.8575
2019-09-26,28.7505
2019-09-27,28.5384
2019-09-30,28.5559
2019-10-01,28.4100
2019-10-02,27.5830
2019-10-03,27.3300
2019-10-04,27.6608
2019-10-07,27.7785
2019-10-08,27.6608
2019-10-09,27.9916
2019-10-10,28.1570
2019-10-11,28.5657
2019-10-14,28.6192
2019-10-15,29.0521
2019-10-16,29.0132
2019-10-17,29.0910
2019-10-18,29.1183
2019-10-21,29.4326
2019-10-22,29.4316
2019-10-23,29.4248
2019-10-24,29.6067
2019-10-25,30.2488
2019-10-28,30.4726
2019-10-29,30.4142
2019-10-30,30.3286
2019-10-31,30.1613
2019-11-01,30.4434
2019-11-04,30.7869
2019-11-05,30.9591
2019-11-06,31.0369
2019-11-07,31.1829
2019-11-08,31.1732
2019-11-11,31.2218
2019-11-12,30.8813
2019-11-13,30.8034
2019-11-14,30.7888
2019-11-15,30.9825
2019-11-18,30.8676
2019-11-19,31.1002
2019-11-20,30.5592
2019-11-21,30.4337
2019-11-22,30.7061
2019-11-25,31.0272
2019-11-26,31.1634
2019-11-27,31.1284
2019-11-29,31.0564
2019-12-02,30.7081
2019-12-03,30.2518
2019-12-04,30.5115
2019-12-05,30.4074
2019-12-06,30.7110
2019-12-09,30.5894
2019-12-10,30.2917
2019-12-11,30.2586
2019-12-12,30.6088
2019-12-13,30.6867
2019-12-16,31.0272
2019-12-17,31.2257
2019-12-18,31.0467
2019-12-19,31.2802
2019-12-20,31.3950
2019-12-23,31.5880
2019-12-24,31.5309
2019-12-26,31.5654
2019-12-27,31.1360
2019-12-30,30.9547
2019-12-31,31.0257
2020-01-02,31.3694
2020-01-03,30.6987
2020-01-06,30.5706
2020-01-07,30.4751
2020-01-08,30.8021
2020-01-09,30.9518
2020-01-10,30.8848
2020-01-13,30.9350
2020-01-14,31.1862
2020-01-15,31.2610
2020-01-16,31.7131
2020-01-17,31.7623
2020-01-21,30.7617
2020-01-22,30.7381
2020-01-23,31.3684
2020-01-24,30.8080
2020-01-27,29.7926
2020-01-28,30.1964
2020-01-29,29.9216
2020-01-30,30.1353
2020-01-31,29.3888
2020-02-03,29.5936
2020-02-04,30.4328
2020-02-05,31.0306
2020-02-06,30.6888
2020-02-07,30.3441
2020-02-10,30.3737
2020-02-11,31.0040
2020-02-12,31.4373
2020-02-13,31.2010
2020-02-14,30.8602
2020-02-18,30.6297
2020-02-19,30.3737
2020-02-20,30.3540
2020-02-21,29.9817
2020-02-24,28.2168
2020-02-25,26.4932
2020-02-26,25.5674
2020-02-27,24.2773
2020-02-28,23.5386
2020-03-02,23.3909
2020-03-03,22.8886
2020-03-04,23.4500
2020-03-05,21.3325
2020-03-06,21.5984
2020-03-09,20.1309
2020-03-10,21.3719
2020-03-11,19.8749
2020-03-12,16.5361
2020-03-13,17.9346
2020-03-16,15.9747
2020-03-17,15.7384
2020-03-18,12.5671
2020-03-19,11.9761
2020-03-20,12.3011
2020-03-23,12.3898
2020-03-24,14.7436
2020-03-25,16.0732
2020-03-26,16.5657
2020-03-27,15.3149
2020-03-30,14.3792
2020-03-31,14.5073
2020-04-01,12.9019
2020-04-02,12.4686
2020-04-03,12.1140
2020-04-06,12.6163
2020-04-07,13.2072
2020-04-08,14.0444
2020-04-09,15.0686
2020-04-13,14.3398
2020-04-14,14.7830
2020-04-15,14.5664
2020-04-16,13.6012
2020-04-17,14.1330
2020-04-20,13.7785
2020-04-21,13.5224
2020-04-22,13.1974
2020-04-23,13.1974
2020-04-24,13.1580
2020-04-27,13.2072
2020-04-28,14.2118
2020-04-29,15.3937
2020-04-30,14.9603
2020-05-01,13.8769
2020-05-04,13.2762
2020-05-05,12.9118
2020-05-06,12.5178
2020-05-07,12.6064
2020-05-08,13.4337
2020-05-11,13.0496
2020-05-12,12.4883
2020-05-13,11.9663
2020-05-14,11.9663
2020-05-15,11.8185
2020-05-18,13.1875
2020-05-19,13.0102
2020-05-20,13.4830
2020-05-21,13.7095
2020-05-22,13.4928
2020-05-26,15.0785
2020-05-27,15.7482
2020-05-28,15.1080
2020-05-29,14.8618
2020-06-01,15.4330
2020-06-02,15.7679
2020-06-03,16.9202
2020-06-04,18.8801
2020-06-05,19.7862
2020-06-08,21.6082
2020-06-09,20.1506
2020-06-10,18.6339
2020-06-11,16.2406
2020-06-12,17.9839
2020-06-15,17.8362
2020-06-16,18.1907
2020-06-17,17.8559
2020-06-18,17.7771
2020-06-19,17.3043
2020-06-22,17.0286
2020-06-23,17.0876
2020-06-24,16.0831
2020-06-25,16.3293
2020-06-26,15.7778
2020-06-29,16.5755
2020-06-30,16.3982
2020-07-01,16.2702
2020-07-02,16.3391
2020-07-06,16.7035
2020-07-07,16.0535
2020-07-08,16.0831
2020-07-09,15.3740
2020-07-10,15.9353
2020-07-13,15.6891
2020-07-14,15.7581
2020-07-15,16.9793
2020-07-16,16.4179
2020-07-17,16.2406
2020-07-20,15.8861
2020-07-21,16.0240
2020-07-22,15.9550
2020-07-23,16.0437
2020-07-24,15.6891
2020-07-27,15.6005
2020-07-28,15.8172
2020-07-29,15.6300
2020-07-30,15.3937
2020-07-31,15.2065
2020-08-03,15.2853
2020-08-04,15.5118
2020-08-05,16.0338
2020-08-06,16.3884
2020-08-07,16.3982
2020-08-10,17.1861
2020-08-11,17.3634
2020-08-12,17.2846
2020-08-13,17.0483
2020-08-14,17.1073
2020-08-17,16.6051
2020-08-18,16.5164
2020-08-19,16.5558
2020-08-20,16.5263
2020-08-21,16.3884
2020-08-24,17.3043
2020-08-25,17.2748
2020-08-26,17.0286
2020-08-27,17.5604
2020-08-28,18.0233
2020-08-31,17.4914
2020-09-01,17.5013
2020-09-02,17.7672
2020-09-03,17.7278
2020-09-04,17.9740
2020-09-08,17.9839
2020-09-09,17.6983
2020-09-10,17.6687
2020-09-11,17.6589
2020-09-14,18.0528
2020-09-15,18.1218
2020-09-16,18.6044
2020-09-17,18.4074
2020-09-18,17.8756
2020-09-21,16.7232
2020-09-22,16.7626
2020-09-23,16.4475
2020-09-24,16.3096
2020-09-25,16.5066
2020-09-28,17.0384
2020-09-29,16.6051
2020-09-30,16.6445
2020-10-01,16.8611
2020-10-02,17.0679
2020-10-05,17.1960
2020-10-06,16.9104
2020-10-07,17.3831
2020-10-08,17.6884
2020-10-09,17.7180
2020-10-12,17.6392
2020-10-13,17.2551
2020-10-14,17.2945
2020-10-15,17.1467
2020-10-16,17.2255
2020-10-19,17.4127
2020-10-20,17.6884
2020-10-21,17.5308
2020-10-22,18.2498
2020-10-23,18.3975
2020-10-26,17.5111
2020-10-27,17.0187
2020-10-28,16.2603
2020-10-29,16.6740
2020-10-30,16.6641
2020-11-02,16.6838
2020-11-03,16.9990
2020-11-04,16.9301
2020-11-05,17.7278
2020-11-06,17.4816
2020-11-09,20.2984
2020-11-10,19.9832
2020-11-11,19.4612
2020-11-12,18.9392
2020-11-13,19.8453
2020-11-16,20.5938
2020-11-17,20.5840
2020-11-18,20.6825
2020-11-19,20.7415
2020-11-20,20.4461
2020-11-23,21.0961
2020-11-24,22.2189
2020-11-25,22.2977
2020-11-27,22.2977
2020-11-30,21.6969
2020-12-01,22.0711
2020-12-02,22.3863
2020-12-03,23.2333
2020-12-04,23.1545
2020-12-07,23.0856
2020-12-08,23.1250
2020-12-09,22.8196
2020-12-10,23.1053
2020-12-11,22.6128
2020-12-14,22.2484
2020-12-15,22.6916
2020-12-16,22.3666
2020-12-17,22.4158
2020-12-18,22.1893
2020-12-21,21.6772
2020-12-22,21.3325
2020-12-23,21.9037
2020-12-24,21.8249
2020-12-28,21.9923
2020-12-29,21.9027
2020-12-30,22.1391
2020-12-31,22.0505
2021-01-04,21.2721
2021-01-05,21.6268
2021-01-06,21.9519
2021-01-07,22.0209
2021-01-08,21.8731
2021-01-11,21.5578
2021-01-12,21.9717
2021-01-13,21.9914
2021-01-14,22.7205
2021-01-15,21.9519
2021-01-19,22.1293
2021-01-20,22.4643
2021-01-21,22.0505
2021-01-22,21.9224
2021-01-25,21.3805
2021-01-26,21.4199
2021-01-27,21.0652
2021-01-28,21.7450
2021-01-29,21.0652
2021-02-01,21.2031
2021-02-02,21.5086
2021-02-03,22.0505
2021-02-04,22.5530
2021-02-05,22.7106
2021-02-08,23.3510
2021-02-09,23.1441
2021-02-10,23.2032
2021-02-11,23.0752
2021-02-12,23.2131
2021-02-16,23.6368
2021-02-17,24.0013
2021-02-18,23.7550
2021-02-19,24.4545
2021-02-22,25.3019
2021-02-23,26.0310
2021-02-24,26.6222
2021-02-25,25.6861
2021-02-26,25.7256
2021-03-01,25.8536
2021-03-02,25.8438
2021-03-03,26.1591
2021-03-04,25.4201
2021-03-05,25.3314
2021-03-08,26.2477
2021-03-09,26.1788
2021-03-10,26.2379
2021-03-11,26.5630
2021-03-12,27.2724
2021-03-15,28.2873
2021-03-16,27.5483
2021-03-17,28.1395
2021-03-18,27.6764
2021-03-19,27.6468
2021-03-22,26.6222
2021-03-23,25.5679
2021-03-24,25.2526
2021-03-25,25.8733
2021-03-26,26.2773
2021-03-29,26.0507
2021-03-30,26.6911
2021-03-31,26.5138
2021-04-01,26.6517
2021-04-05,27.2035
2021-04-06,27.4301
2021-04-07,27.1641
2021-04-08,27.0852
2021-04-09,26.8980
2021-04-12,26.3857
2021-04-13,26.4152
2021-04-14,26.4350
2021-04-15,26.1886
2021-04-16,26.0507
2021-04-19,25.7256
2021-04-20,24.6713
2021-04-21,25.2526
2021-04-22,24.9570
2021-04-23,25.5679
2021-04-26,25.9423
2021-04-27,25.8142
2021-04-28,25.6960
2021-04-29,25.6566
2021-04-30,25.6960
2021-05-03,25.7748
2021-05-04,25.2132
2021-05-05,25.3511
2021-05-06,25.2428
2021-05-07,25.7847
2021-05-10,25.5482
2021-05-11,25.1541
2021-05-12,24.4151
2021-05-13,24.9176
2021-05-14,25.8931
2021-05-17,26.1591
2021-05-18,26.1788
2021-05-19,25.8832
2021-05-20,25.6467
2021-05-21,25.5581
2021-05-24,25.9226
2021-05-25,25.8241
2021-05-26,26.3857
2021-05-27,26.6714
2021-05-28,26.4547
2021-06-01,26.7699
2021-06-02,26.8586
2021-06-03,26.0605
2021-06-04,26.0014
2021-06-07,26.0310
2021-06-08,26.2773
2021-06-09,26.1295
2021-06-10,25.8536
2021-06-11,25.9423
2021-06-14,25.5778
2021-06-15,25.4398
2021-06-16,25.3807
2021-06-17,24.9965
2021-06-18,24.8487
2021-06-21,25.2526
2021-06-22,25.0162
2021-06-23,24.9767
2021-06-24,24.9275
2021-06-25,24.6812
2021-06-28,23.9521
2021-06-29,23.7156
2021-06-30,23.8240
2021-07-01,24.2575
2021-07-02,24.1393
2021-07-06,23.7451
2021-07-07,23.3215
2021-07-08,23.0850
2021-07-09,23.6269
2021-07-12,23.5382
2021-07-13,22.9175
2021-07-14,22.8584
2021-07-15,22.7106
2021-07-16,22.0899
2021-07-19,21.2524
2021-07-20,22.3264
2021-07-21,23.0160
2021-07-22,22.7500
2021-07-23,22.6712
2021-07-26,23.2525
2021-07-27,22.9569
2021-07-28,23.2328
2021-07-29,23.1737
2021-07-30,22.5530
2021-08-02,22.3559
2021-08-03,22.3953
2021-08-04,21.9125
2021-08-05,22.7106
2021-08-06,22.7796
2021-08-09,22.4150
2021-08-10,22.8288
2021-08-11,23.1540
2021-08-12,22.7599
2021-08-13,22.4741
2021-08-16,22.3066
2021-08-17,21.8042
2021-08-18,21.6662
2021-08-19,21.2524
2021-08-20,21.3312
2021-08-23,22.0111
2021-08-24,22.6909
2021-08-25,22.8683
2021-08-26,22.6318
2021-08-27,22.9865
2021-08-30,22.4249
2021-08-31,22.6416
2021-09-01,22.6121
2021-09-02,22.7500
2021-09-03,22.4840
2021-09-07,22.5530
2021-09-08,22.2081
2021-09-09,22.6318
2021-09-10,21.8928
2021-09-13,22.2869
2021-09-14,22.0111
2021-09-15,22.1293
2021-09-16,22.3559
2021-09-17,22.4150
2021-09-20,22.5530
2021-09-21,22.3362
2021-09-22,22.9372
2021-09-23,23.5678
2021-09-24,23.9324
2021-09-27,24.1097
2021-09-28,23.8043
2021-09-29,23.6860
2021-09-30,23.2821
2021-10-01,24.5235
2021-10-04,24.3757
2021-10-05,24.2082
2021-10-06,23.8634
2021-10-07,23.6466
2021-10-08,23.6269
2021-10-11,23.4496
2021-10-12,23.6466
2021-10-13,23.0653
2021-10-14,23.2328
2021-10-15,23.2328
2021-10-18,22.9963
2021-10-19,22.7500
2021-10-20,22.6022
2021-10-21,22.5825
2021-10-22,22.2672
2021-10-25,22.2475
2021-10-26,22.2475
2021-10-27,21.8633
2021-10-28,22.0308
2021-10-29,21.8928
2021-11-01,22.5136
2021-11-02,22.3953
2021-11-03,22.9471
2021-11-04,22.8091
2021-11-05,24.2673
2021-11-08,24.4250
2021-11-09,24.3068
2021-11-10,23.6860
2021-11-11,23.5185
2021-11-12,23.0653
2021-11-15,23.2131
2021-11-16,22.6515
2021-11-17,22.5037
2021-11-18,22.1391
2021-11-19,21.7549
2021-11-22,21.8731
2021-11-23,21.7746
2021-11-24,21.7943
2021-11-26,20.2277
2021-11-29,20.2474
2021-11-30,19.9912
2021-12-01,19.0946
2021-12-02,20.2671
2021-12-03,19.8237
2021-12-06,20.8780
2021-12-07,20.8878
2021-12-08,21.2820
2021-12-09,21.0258
2021-12-10,20.8090
2021-12-13,20.0504
2021-12-14,19.8927
2021-12-15,19.9026
2021-12-16,19.4395
2021-12-17,19.7351
2021-12-20,19.6957
2021-12-21,20.7302
2021-12-22,20.8780
2021-12-23,21.2063
2021-12-27,21.1666
2021-12-28,21.2857
2021-12-29,20.9683
2021-12-30,20.9583
2021-12-31,20.9187
2022-01-03,21.5931
2022-01-04,21.9105
2022-01-05,21.5336
2022-01-06,21.5336
2022-01-07,22.0296
2022-01-10,21.7320
2022-01-11,22.0792
2022-01-12,21.8808
2022-01-13,22.3668
2022-01-14,22.0593
2022-01-18,21.6527
2022-01-19,21.3154
2022-01-20,21.2063
2022-01-21,20.6905
2022-01-24,20.5715
2022-01-25,20.6509
2022-01-26,20.5120
2022-01-27,20.2144
2022-01-28,20.2541
2022-01-31,21.0476
2022-02-01,21.4741
2022-02-02,21.3650
2022-02-03,20.9385
2022-02-04,20.8393
2022-02-07,21.4245
2022-02-08,22.3073
2022-02-09,22.9123
2022-02-10,22.9024
2022-02-11,21.9899
2022-02-14,21.9701
2022-02-15,23.2297
2022-02-16,23.2397
2022-02-17,22.6445
2022-02-18,22.3767
2022-02-22,21.9304
2022-02-23,21.2261
2022-02-24,21.2857
2022-02-25,21.7816
2022-02-28,21.3055
2022-03-01,20.2243
2022-03-02,20.5616
2022-03-03,19.8574
2022-03-04,18.8754
2022-03-07,16.7726
2022-03-08,17.5661
2022-03-09,18.5282
2022-03-10,18.3795
2022-03-11,18.0521
2022-03-14,18.1612
2022-03-15,19.2226
2022-03-16,20.1847
2022-03-17,20.1450
2022-03-18,20.4426
2022-03-21,19.9367
2022-03-22,20.3830
2022-03-23,20.0954
2022-03-24,20.5219
2022-03-25,20.6707
2022-03-28,20.8492
2022-03-29,21.5733
2022-03-30,21.5138
2022-03-31,21.5832
2022-04-01,21.5535
2022-04-04,21.5435
2022-04-05,21.3055
2022-04-06,20.5913
2022-04-07,20.3037
2022-04-08,19.9764
2022-04-11,20.2243
2022-04-12,20.3930
2022-04-13,21.4741
2022-04-14,21.5832
2022-04-18,21.3353
2022-04-19,21.9304
2022-04-20,21.9998
2022-04-21,22.6148
2022-04-22,22.1684
2022-04-25,22.0692
2022-04-26,21.1468
2022-04-27,21.3452
2022-04-28,21.7816
2022-04-29,21.2857
2022-05-02,21.1369
2022-05-03,21.2857
2022-05-04,21.5535
2022-05-05,20.7996
2022-05-06,20.2442
2022-05-09,18.9547
2022-05-10,19.1234
2022-05-11,18.6671
2022-05-12,18.2704
2022-05-13,18.9845
2022-05-16,18.9547
2022-05-17,20.0359
2022-05-18,19.3515
2022-05-19,19.3614
2022-05-20,19.0936
2022-05-23,19.3912
2022-05-24,18.4985
2022-05-25,18.9151
2022-05-26,19.8871
2022-05-27,20.4326
2022-05-31,20.3136
2022-06-01,19.6887
2022-06-02,19.9962
2022-06-03,19.4606
2022-06-06,19.6788
2022-06-07,19.9367
2022-06-08,19.4209
2022-06-09,18.7564
2022-06-10,18.0621
2022-06-13,16.8222
2022-06-14,16.6536
2022-06-15,16.9115
2022-06-16,15.9196
2022-06-17,16.4552
2022-06-21,16.5842
2022-06-22,16.6635
2022-06-23,16.5247
2022-06-24,17.2785
2022-06-27,16.9214
2022-06-28,16.7925
2022-06-29,16.5445
2022-06-30,16.3660
2022-07-01,16.6933
2022-07-05,16.7329
2022-07-06,16.4850
2022-07-07,16.6933
2022-07-08,16.6933
2022-07-11,16.3064
2022-07-12,16.9412
2022-07-13,16.8024
2022-07-14,16.6834
2022-07-15,16.9313
2022-07-18,17.0603
2022-07-19,17.7645
2022-07-20,17.8538
2022-07-21,17.3677
2022-07-22,17.0900
2022-07-25,17.1694
2022-07-26,16.8222
2022-07-27,17.3380
2022-07-28,17.4173
2022-07-29,17.5562
2022-08-01,17.7447
2022-08-02,17.5661
2022-08-03,18.0918
2022-08-04,18.1811
2022-08-05,18.1117
2022-08-08,18.3199
2022-08-09,18.0025
2022-08-10,18.4291
2022-08-11,18.4588
2022-08-12,18.7465
2022-08-15,18.9250
2022-08-16,19.0936
2022-08-17,18.6175
2022-08-18,18.5679
2022-08-19,17.9530
2022-08-22,17.4669
2022-08-23,17.5959
2022-08-24,17.7744
2022-08-25,18.1712
2022-08-26,17.5760
2022-08-29,17.3777
2022-08-30,17.3082
2022-08-31,17.0305
2022-09-01,16.9214
2022-09-02,16.8817
2022-09-06,16.9710
2022-09-07,17.5661
2022-09-08,17.4669
2022-09-09,17.7645
2022-09-12,17.9827
2022-09-13,17.2686
2022-09-14,17.5562
2022-09-15,17.5661
2022-09-16,16.8718
2022-09-19,17.2586
2022-09-20,17.0603
2022-09-21,16.3759
2022-09-22,15.8899
2022-09-23,15.3344
2022-09-26,14.9476
2022-09-27,15.1856
2022-09-28,15.5923
2022-09-29,15.0864
2022-09-30,14.8881
2022-10-03,15.1162
2022-10-04,16.1874
2022-10-05,16.0486
2022-10-06,15.9097
2022-10-07,15.4435
2022-10-10,15.3443
2022-10-11,15.2451
2022-10-12,15.4336
2022-10-13,15.7807
2022-10-14,15.7510
2022-10-17,16.0684
2022-10-18,16.4751
2022-10-19,16.4751
2022-10-20,16.3461
2022-10-21,16.5941
2022-10-24,16.8123
2022-10-25,17.1892
2022-10-26,17.1297
2022-10-27,17.3479
2022-10-28,17.5264
2022-10-31,17.5959
2022-11-01,17.6851
2022-11-02,17.1793
2022-11-03,17.1595
2022-11-04,17.5860
2022-11-07,17.7447
2022-11-08,17.6951
2022-11-09,17.5264
2022-11-10,18.3795
2022-11-11,18.5679
2022-11-14,18.3199
2022-11-15,18.4985
2022-11-16,18.0521
2022-11-17,17.9728
2022-11-18,18.0323
2022-11-21,17.9034
2022-11-22,17.9430
2022-11-23,18.2307
2022-11-25,18.4588
2022-11-28,17.9331
2022-11-29,18.2505
2022-11-30,18.5878
2022-12-01,18.5084
2022-12-02,18.5878
2022-12-05,18.5481
2022-12-06,18.5481
2022-12-07,17.9430
2022-12-08,17.8934
2022-12-09,17.9629
2022-12-12,18.4489
2022-12-13,17.9232
2022-12-14,17.9133
2022-12-15,17.4570
2022-12-16,17.3082
2022-12-19,17.0404
2022-12-20,17.1099
2022-12-21,17.3380
2022-12-22,16.9710
2022-12-23,17.0900
2022-12-27,16.8718
2022-12-28,16.4651
2022-12-29,16.9016
2022-12-30,16.9412
2023-01-03,16.8321
2023-01-04,17.7149
2023-01-05,17.9133
2023-01-06,18.2803
2023-01-09,18.5778
2023-01-10,19.0242
2023-01-11,19.0936
2023-01-12,19.9764
2023-01-13,20.0061
2023-01-17,20.0855
2023-01-18,19.8078
2023-01-19,19.7780
2023-01-20,20.0756
2023-01-23,20.0855
2023-01-24,20.0756
2023-01-25,20.3037
2023-01-26,20.2739
2023-01-27,20.1351
2023-01-30,19.8276
2023-01-31,20.0359
2023-02-01,20.2343
2023-02-02,20.8691
2023-02-03,20.5715
2023-02-06,20.4326
2023-02-07,20.4326
2023-02-08,20.3930
2023-02-09,19.9565
2023-02-10,19.4904
2023-02-13,19.7780
2023-02-14,20.0954
2023-02-15,20.1549
2023-02-16,19.7978
2023-02-17,19.7383
2023-02-21,19.1432
2023-02-22,19.1432
2023-02-23,19.3912
2023-02-24,19.1928
2023-02-27,19.3614
2023-02-28,19.5995
2023-03-01,19.6391
2023-03-02,19.7284
2023-03-03,19.9565
2023-03-06,19.8276
2023-03-07,19.9565
2023-03-08,20.0458
2023-03-09,19.4308
2023-03-10,19.0043
2023-03-13,18.3001
2023-03-14,18.1910
2023-03-15,17.4074
2023-03-16,17.7149
2023-03-17,17.3777
2023-03-20,17.3876
2023-03-21,17.7943
2023-03-22,17.3777
2023-03-23,17.1991
2023-03-24,17.1495
2023-03-27,17.3777
2023-03-28,17.5364
2023-03-29,17.9133
2023-03-30,18.1513
2023-03-31,18.4786
2023-04-03,18.2902
2023-04-04,18.1712
2023-04-05,17.9034
2023-04-06,17.9827
2023-04-10,18.1712
2023-04-11,18.4489
2023-04-12,17.8736
2023-04-13,17.9133
2023-04-14,17.7843
2023-04-17,18.0224
2023-04-18,18.1910
2023-04-19,18.4886
2023-04-20,18.1811
2023-04-21,18.1017
2023-04-24,18.0323
2023-04-25,17.6256
2023-04-26,17.4471
2023-04-27,17.5364
2023-04-28,17.9232
2023-05-01,17.9827
2023-05-02,17.8339
2023-05-03,17.8934
2023-05-04,17.3777
2023-05-05,17.8042
2023-05-08,17.9728
2023-05-09,18.0323
2023-05-10,17.8438
2023-05-11,17.7347
2023-05-12,17.5760
2023-05-15,17.7843
2023-05-16,17.7050
2023-05-17,18.4588
2023-05-18,18.5084
2023-05-19,18.3001
2023-05-22,18.2505
2023-05-23,18.1414
2023-05-24,17.7943
2023-05-25,18.0125
2023-05-26,18.0720
2023-05-30,18.1712
2023-05-31,18.1315
2023-06-01,18.1612
2023-06-02,18.6373
2023-06-05,18.6076
2023-06-06,18.9250
2023-06-07,19.0341
2023-06-08,19.1432
2023-06-09,19.3118
2023-06-12,19.6590
2023-06-13,20.0656
2023-06-14,20.2045
2023-06-15,20.3830
2023-06-16,20.4029
2023-06-20,20.3335
2023-06-21,20.3136
2023-06-22,20.3136
2023-06-23,20.0458
2023-06-26,20.0161
2023-06-27,20.8988
2023-06-28,21.0575
2023-06-29,20.9583
2023-06-30,21.2460
2023-07-03,21.4741
2023-07-05,21.5435
2023-07-06,21.0774
2023-07-07,21.5039
2023-07-10,21.8609
2023-07-11,21.9998
2023-07-12,21.8213
2023-07-13,21.6130
2023-07-14,21.2063
2023-07-17,21.2361
2023-07-18,21.6427
2023-07-19,21.8213
2023-07-20,21.6031
2023-07-21,21.6130
2023-07-24,21.3452
2023-07-25,20.8790
2023-07-26,21.1369
2023-07-27,20.6905
2023-07-28,21.0476
2023-07-31,21.2162
2023-08-01,20.8195
2023-08-02,20.5913
2023-08-03,20.0954
2023-08-04,20.1252
2023-08-07,20.3335
2023-08-08,20.4822
2023-08-09,20.1648
2023-08-10,20.1847
2023-08-11,20.0260
2023-08-14,20.0855
2023-08-15,19.6491
2023-08-16,19.4904
2023-08-17,19.1928
2023-08-18,19.0738
2023-08-21,19.1234
2023-08-22,19.0143
2023-08-23,19.1333
2023-08-24,18.8159
2023-08-25,18.7564
2023-08-28,18.9547
2023-08-29,19.2821
2023-08-30,19.1432
2023-08-31,19.0936
2023-09-01,19.0539
2023-09-05,18.7365
2023-09-06,18.4985
2023-09-07,18.2208
2023-09-08,18.1712
2023-09-11,18.2704
2023-09-12,18.2604
2023-09-13,17.7645
2023-09-14,17.8538
2023-09-15,17.8538
2023-09-18,17.5264
2023-09-19,17.5364
2023-09-20,17.3876
2023-09-21,17.2190
2023-09-22,17.0305
2023-09-25,16.9611
2023-09-26,16.7131
2023-09-27,16.7627
2023-09-28,16.9710
2023-09-29,16.8916
2023-10-02,16.6536
2023-10-03,16.2568
2023-10-04,16.5842
2023-10-05,16.5544
2023-10-06,16.6338
2023-10-09,16.2073
2023-10-10,16.4850
2023-10-11,16.4751
2023-10-12,16.0981
2023-10-13,15.7708
2023-10-16,16.0188
2023-10-17,16.0684
2023-10-18,15.3642
2023-10-19,15.2451
2023-10-20,15.0071
2023-10-23,15.0666
2023-10-24,15.0170
2023-10-25,14.7492
2023-10-26,14.8781
2023-10-27,14.6203
2023-10-30,14.9079
2023-10-31,14.7988
2023-11-01,14.7194
2023-11-02,15.2055
2023-11-03,15.8105
2023-11-06,15.5427
2023-11-07,15.5725
2023-11-08,15.7212
2023-11-09,15.3840
2023-11-10,15.5625
2023-11-13,15.5824
2023-11-14,16.3263
2023-11-15,16.5643
2023-11-16,16.3064
2023-11-17,16.5842
2023-11-20,16.8024
2023-11-21,16.5048
2023-11-22,16.6139
2023-11-24,16.6734
2023-11-27,16.4651
2023-11-28,16.5346
2023-11-29,16.6139
2023-11-30,16.7230
2023-12-01,17.1793
2023-12-04,17.9133
2023-12-05,17.6356
2023-12-06,17.9629
2023-12-07,18.3993
2023-12-08,18.2902
2023-12-11,18.2902
2023-12-12,18.4786
2023-12-13,18.5977
2023-12-14,19.1035
2023-12-15,19.0242
2023-12-18,18.8456
2023-12-19,19.0539
2023-12-20,18.7465
2023-12-21,19.1234
2023-12-22,19.1829
2023-12-26,19.0738
2023-12-27,19.0242
2023-12-28,19.1134
2023-12-29,18.8754
2024-01-02,18.5878
2024-01-03,17.8637
2024-01-04,18.2307
2024-01-05,18.6175
2024-01-08,18.9845
2024-01-09,18.8556
2024-01-10,18.9151
2024-01-11,18.9746
2024-01-12,18.0125
2024-01-16,17.7546
2024-01-17,17.4173
2024-01-18,18.0621
2024-01-19,17.9629
2024-01-22,17.9530
2024-01-23,18.3695
2024-01-24,18.4985
2024-01-25,19.0639
2024-01-26,18.9647
2024-01-29,19.0341
2024-01-30,18.7465
2024-01-31,18.5977
2024-02-01,18.8952
2024-02-02,18.9944
2024-02-05,18.6373
2024-02-06,19.2622
2024-02-07,19.2920
2024-02-08,19.4705
2024-02-09,19.5400
2024-02-12,19.6987
2024-02-13,19.5102
2024-02-14,19.8673
2024-02-15,20.0656
2024-02-16,19.8276
2024-02-20,19.9169
2024-02-21,19.8772
2024-02-22,20.1351
2024-02-23,19.9764
2024-02-26,19.9665
2024-02-27,20.0458
2024-02-28,19.9466
2024-02-29,19.9962
2024-03-01,19.9367
2024-03-04,19.8772
2024-03-05,19.8772
2024-03-06,20.1351
2024-03-07,20.1450
2024-03-08,19.9367
2024-03-11,19.8574
2024-03-12,19.4308
2024-03-13,19.5598
2024-03-14,19.4110
2024-03-15,19.5003
2024-03-18,19.4904
2024-03-19,19.4904
2024-03-20,20.0557
2024-03-21,20.2343
2024-03-22,20.1648
2024-03-25,20.2045
2024-03-26,20.2839
2024-03-27,20.7798
2024-03-28,20.8393
2024-04-01,20.6806
2024-04-02,20.1847
2024-04-03,20.0756
2024-04-04,19.8078
2024-04-05,19.9565
2024-04-08,20.1648
2024-04-09,20.2640
2024-04-10,19.7482
2024-04-11,19.9764
2024-04-12,19.3813
2024-04-15,19.2226
2024-04-16,19.2126
2024-04-17,19.9665
2024-04-18,20.2442
2024-04-19,20.2938
2024-04-22,20.8096
2024-04-23,20.6608
2024-04-24,20.2640
2024-04-25,20.3136
2024-04-26,20.3037
2024-04-29,20.3930
2024-04-30,19.9367
2024-05-01,19.9169
2024-05-02,20.2938
2024-05-03,20.2938
2024-05-06,20.8294
2024-05-07,20.4525
2024-05-08,20.3731
2024-05-09,20.4723
2024-05-10,20.4624
2024-05-13,20.7798
2024-05-14,21.0079
2024-05-15,20.8988
2024-05-16,20.7996
2024-05-17,20.8195
2024-05-20,20.7798
2024-05-21,20.4128
2024-05-22,20.3731
2024-05-23,20.0061
2024-05-24,20.1053
2024-05-28,19.7681
2024-05-29,19.3118
2024-05-30,19.4507
2024-05-31,19.8673
2024-06-03,19.9962
2024-06-04,19.8078
2024-06-05,19.9863
2024-06-06,19.8772
2024-06-07,19.7681
2024-06-10,19.8871
2024-06-11,19.5300
2024-06-12,19.8673
2024-06-13,19.6491
2024-06-14,19.2821
2024-06-17,19.5895
2024-06-18,19.5598
2024-06-20,19.5400
2024-06-21,19.5697
2024-06-24,19.6391
2024-06-25,19.4209
2024-06-26,19.3217
2024-06-27,19.4904
2024-06-28,19.5003
2024-07-01,19.2424
2024-07-02,19.3019
2024-07-03,19.4904
2024-07-05,18.9944
2024-07-08,19.0639
2024-07-09,19.0539
2024-07-10,19.1630
2024-07-11,19.0440
2024-07-12,19.1035
2024-07-15,19.0837
2024-07-16,19.7284
2024-07-17,19.4507
2024-07-18,18.9746
2024-07-19,18.9547
2024-07-22,18.9746
2024-07-23,18.9250
2024-07-24,18.4191
2024-07-25,18.8952
2024-07-26,18.9349
2024-07-29,18.6373
2024-07-30,18.9845
2024-07-31,18.9052
2024-08-01,18.0323
2024-08-02,17.2586
2024-08-05,16.6238
2024-08-06,16.9512
2024-08-07,16.6734
2024-08-08,17.3281
2024-08-09,17.3380
2024-08-12,16.9512
2024-08-13,17.1595
2024-08-14,17.0503
2024-08-15,17.6058
2024-08-16,17.5364
2024-08-19,17.8042
2024-08-20,17.6455
2024-08-21,17.7645
2024-08-22,17.6356
2024-08-23,18.2009
2024-08-26,18.0819
2024-08-27,18.2307
2024-08-28,18.0720
2024-08-29,18.2902
2024-08-30,18.5481
2024-09-03,18.2902
2024-09-04,18.4092
2024-09-05,18.5977
2024-09-06,18.4390
2024-09-09,18.9250
2024-09-10,18.7564
2024-09-11,18.7762
2024-09-12,19.0341
2024-09-13,19.1234
2024-09-16,19.1531
2024-09-17,19.5003
2024-09-18,19.5201
2024-09-19,19.6491
2024-09-20,19.6292
2024-09-23,19.6094
2024-09-24,19.9466
2024-09-25,19.7284
2024-09-26,20.6310
2024-09-27,20.6707
2024-09-30,20.5517
2024-10-01,20.2938
2024-10-02,20.0557
2024-10-03,19.8772
2024-10-04,20.5417
2024-10-07,20.5021
2024-10-08,20.6608
2024-10-09,20.6013
2024-10-10,20.6905
2024-10-11,20.8889
2024-10-14,21.0674
2024-10-15,21.1468
2024-10-16,22.0196
2024-10-17,22.0196
2024-10-18,22.3866
2024-10-21,22.3866
2024-10-22,22.3569
2024-10-23,22.4561
2024-10-24,22.1883
2024-10-25,22.3569
2024-10-28,22.8429
2024-10-29,22.6148
2024-10-30,22.8727
2024-10-31,22.5553
2024-11-01,22.9619
2024-11-04,22.6544
2024-11-05,23.1504
2024-11-06,24.3109
2024-11-07,23.9538
2024-11-08,24.2514
2024-11-11,24.8068
2024-11-12,24.5192
2024-11-13,24.1919
2024-11-14,24.3704
2024-11-15,24.2910
2024-11-18,23.7951
2024-11-19,23.7257
2024-11-20,23.7455
2024-11-21,23.7753
2024-11-22,23.9836
2024-11-25,24.4597
2024-11-26,24.1919
2024-11-27,24.2910
2024-11-29,24.3506
2024-12-02,24.4795
2024-12-03,24.2117
2024-12-04,24.7969
2024-12-05,25.5309
2024-12-06,25.3127
2024-12-09,25.0052
2024-12-10,25.2631
2024-12-11,25.7193
2024-12-12,25.3127
2024-12-13,25.0647
2024-12-16,24.9457
2024-12-17,24.8465
2024-12-18,24.1720
2024-12-19,24.6184
2024-12-20,24.9358
2024-12-23,25.3424
2024-12-24,25.6003
2024-12-26,25.6202
2024-12-27,25.3722
2024-12-30,25.2333
2024-12-31,25.1441
2025-01-02,24.8961
2025-01-03,24.9258
2025-01-06,25.3722
2025-01-07,25.5606
2025-01-08,25.5606
2025-01-10,26.0070
2025-01-13,25.4218
2025-01-14,25.9376
2025-01-15,25.8185
2025-01-16,25.7987
2025-01-17,25.9772
2025-01-21,26.5922
2025-01-22,26.2649
2025-01-23,26.0566
2025-01-24,26.0367
2025-01-27,26.2649
2025-01-28,25.8086
2025-01-29,25.9673
2025-01-30,26.1558
2025-01-31,25.8185
2025-02-03,25.4515
2025-02-04,25.8582
2025-02-05,25.6697
2025-02-06,25.8086
2025-02-07,26.2054
2025-02-10,25.8880
2025-02-11,25.4912
2025-02-12,25.6400
2025-02-13,25.2631
2025-02-14,25.6003
2025-02-18,25.7094
2025-02-19,25.6499
2025-02-20,25.4615
2025-02-21,24.4497
2025-02-24,24.6878
2025-02-25,24.4894
2025-02-26,24.5787
2025-02-27,24.0431
2025-02-28,24.2414
2025-03-03,23.7356
2025-03-04,22.9322
2025-03-05,23.7753
2025-03-06,23.0710
2025-03-07,22.8429
2025-03-10,21.7717
2025-03-11,21.4047
2025-03-12,21.0179
2025-03-13,20.8294
2025-03-14,21.4741
2025-03-17,21.8709
2025-03-18,21.4741
2025-03-19,22.0593
2025-03-20,21.8312
2025-03-21,21.8014
2025-03-24,22.5354
2025-03-25,22.3073
2025-03-26,22.1387
2025-03-27,21.6130
2025-03-28,20.9583
2025-03-31,20.6013
2025-04-01,20.2739
2025-04-02,20.7699
2025-04-03,18.9647
2025-04-04,17.9133
2025-04-07,17.8736
2025-04-08,17.2289
2025-04-09,20.1946
2025-04-10,18.4390
2025-04-11,18.9349
2025-04-14,18.7167
2025-04-15,18.9052
2025-04-16,18.6869
2025-04-17,18.7266
2025-04-21,18.2505
2025-04-22,18.6770
2025-04-23,19.0539
2025-04-24,19.4011
2025-04-25,19.3515
2025-04-28,19.5400
2025-04-29,19.5895
2025-04-30,19.6590
2025-05-01,19.7780
2025-05-02,20.7104
2025-05-05,20.8691
2025-05-06,20.6409
2025-05-07,20.9484
2025-05-08,21.6427
2025-05-09,21.6626
2025-05-12,22.3668
2025-05-13,22.9223
2025-05-14,22.4362
2025-05-15,22.3172
2025-05-16,22.5553
2025-05-19,22.5850
2025-05-20,22.3866
2025-05-21,21.7022
2025-05-22,21.9205
2025-05-23,21.7419
2025-05-27,22.5949
2025-05-28,22.4660
2025-05-29,22.5553
2025-05-30,22.5354
2025-06-02,22.6247
2025-06-03,22.6544
2025-06-04,22.5949
2025-06-05,22.4065
2025-06-06,23.0611
2025-06-09,23.1305
2025-06-10,23.2496
2025-06-11,22.4858
2025-06-12,22.2379
2025-06-13,21.4642
2025-06-16,22.1585
2025-06-17,21.4840
2025-06-18,21.4543
2025-06-20,21.3948
2025-06-23,21.8113
2025-06-24,22.4759
2025-06-25,22.1188
2025-06-26,22.4461
2025-06-27,22.7239
2025-06-30,22.7834
2025-07-01,23.2397
2025-07-02,23.5967
2025-07-03,23.9240
2025-07-07,23.6166
2025-07-08,23.7455
2025-07-09,23.6761
2025-07-10,25.4019
2025-07-11,24.8267
2025-07-14,25.0746
2025-07-15,24.5688
2025-07-16,24.7076
2025-07-17,24.8961
2025-07-18,24.7870
2025-07-21,24.8167
2025-07-22,24.9457
2025-07-23,25.3424
2025-07-24,24.2216
2025-07-25,24.3803
2025-07-28,24.4795
2025-07-29,24.0530
2025-07-30,23.8546
2025-07-31,23.7554
2025-08-01,22.9322
2025-08-04,23.4083
2025-08-05,23.3884
2025-08-06,23.6265
2025-08-07,23.3984
2025-08-08,23.4876
2025-08-11,23.3190
2025-08-12,25.0250
2025-08-13,25.5011
2025-08-14,25.1936
2025-08-15,25.4515
2025-08-18,25.5011
2025-08-19,25.5210
2025-08-20,25.0151
2025-08-21,24.7374
2025-08-22,26.0070
2025-08-25,25.5706
2025-08-26,26.0268
2025-08-27,25.9177
2025-08-28,26.0963
2025-08-29,26.0963
2025-09-02,26.0566
2025-09-03,26.2252
2025-09-04,25.7590
2025-09-05,25.9177
2025-09-08,25.9177
2025-09-09,25.5606
2025-09-10,25.7293
2025-09-11,26.1062
2025-09-12,25.7789
2025-09-15,25.5309
2025-09-16,25.4912
2025-09-17,25.6400
2025-09-18,25.6995
2025-09-19,25.5904
2025-09-22,25.5110
2025-09-23,25.4615
2025-09-24,25.1143
2025-09-25,24.5588
2025-09-26,24.7175
2025-09-29,24.8465
2025-09-30,24.4497
2025-10-01,24.3307
2025-10-02,24.5588
2025-10-03,24.7671
2025-10-06,24.9258
2025-10-07,24.5588
2025-10-08,24.7076
2025-10-09,24.6283
2025-10-10,24.0133
2025-10-13,24.4299
2025-10-14,25.2036
2025-10-15,25.3226
2025-10-16,24.7374
2025-10-17,24.6580
2025-10-20,25.2829
2025-10-21,25.4019
2025-10-22,24.9854
2025-10-23,24.7374
2025-10-24,25.3325
2025-10-27,25.2730
2025-10-28,24.4795
2025-10-29,24.3307
2025-10-30,24.0431
2025-10-31,24.4299
2025-11-03,24.6084
2025-11-04,23.7951
2025-11-05,24.8663
2025-11-06,24.4993
2025-11-07,25.0349
2025-11-10,24.9358
2025-11-11,24.7175
2025-11-12,25.4813
2025-11-13,24.9754
2025-11-14,24.6680
2025-11-17,23.7951
2025-11-18,23.9637
2025-11-19,23.8546
2025-11-20,23.4876
2025-11-21,24.3109
2025-11-24,24.8068
2025-11-25,25.5011
2025-11-26,26.0467
2025-11-28,26.0963
2025-12-01,25.9871
2025-12-02,26.4335
2025-12-03,26.8997
2025-12-04,26.6914
2025-12-05,27.2072
2025-12-08,27.2072
2025-12-09,27.2567
2025-12-10,27.8122
2025-12-11,28.0205
2025-12-12,28.0503
2025-12-15,28.2784
2025-12-16,28.5164
2025-12-17,28.0800
2025-12-18,28.3081
2025-12-19,28.5065
2025-12-22,28.9628
2025-12-23,28.4470
2025-12-24,28.5400
2025-12-26,28.4100
2025-12-29,28.0500
2025-12-30,28.0900
2025-12-31,28.0700
2026-01-02,28.2900
2026-01-05,29.0100
2026-01-06,29.1500
2026-01-07,29.0300
2026-01-08,29.0000
2026-01-09,29.4700
2026-01-12,29.2500
2026-01-13,28.7600
2026-01-14,28.4000
2026-01-15,29.0500
2026-01-16,29.0100
2026-01-20,28.2800
2026-01-21,28.9500
2026-01-22,28.8800
2026-01-23,28.5600
2026-01-26,28.3200
2026-01-27,27.8600
2026-01-28,27.6900
2026-01-29,28.4200
2026-01-30,27.9500
2026-02-02,28.9300
2026-02-03,29.3500
2026-02-04,29.8100
2026-02-05,29.4700
2026-02-06,31.1600
2026-02-09,30.9900
2026-02-10,30.8800
2026-02-11,29.8700
2026-02-12,29.3300
2026-02-13,29.3600
2026-02-17,30.1700
2026-02-18,30.3000
2026-02-19,29.1000
2026-02-20,29.4700
2026-02-23,28.5100
2026-02-24,28.8200
2026-02-25,28.9100
2026-02-26,29.6300
2026-02-27,28.4500
2026-03-02,27.7000
2026-03-03,27.4300
2026-03-04,27.3200
2026-03-05,26.0800
2026-03-06,25.3500
2026-03-09,25.7700
2026-03-10,25.3500
2026-03-11,25.2200
2026-03-12,24.2200
2026-03-13,24.0500
2026-03-16,24.5800
2026-03-17,25.0700
2026-03-18,24.5900
2026-03-19,24.6900
2026-03-20,24.0900
2026-03-23,24.9300
2026-03-24,24.8300
2026-03-25,25.3000
2026-03-26,25.0100
2026-03-27,24.1300
2026-03-30,23.6400
2026-03-31,24.6300
2026-04-01,25.2700
2026-04-02,24.9300
2026-04-06,24.9900
2026-04-07,24.7900
2026-04-08,26.1900
2026-04-09,26.1100
2026-04-10,25.8900
2026-04-13,25.8100
2026-04-14,26.9500
2026-04-15,27.0200
2026-04-16,26.6300
2026-04-17,27.9200
2026-04-20,27.5500
2026-04-21,26.7500
2026-04-22,25.8800
2026-04-23,25.7200
2026-04-24,26.0000
2026-04-27,25.5300
2026-04-28,25.2800
2026-04-29,24.9300
2026-04-30,25.4200
2026-05-01,25.7600
