date,ITA_close
2006-05-05,20.9743
2006-05-08,20.8936
2006-05-09,20.8735
2006-05-10,20.9703
2006-05-11,20.7363
2006-05-12,20.2924
2006-05-15,20.2400
2006-05-16,20.2077
2006-05-17,19.7315
2006-05-18,19.5338
2006-05-19,19.6347
2006-05-22,19.6791
2006-05-23,19.5298
2006-05-24,19.3724
2006-05-25,19.4652
2006-05-26,19.5782
2006-05-30,19.3240
2006-05-31,19.4249
2006-06-01,19.7033
2006-06-02,19.6912
2006-06-05,19.4208
2006-06-06,19.0214
2006-06-07,19.0819
2006-06-08,19.0375
2006-06-09,18.9649
2006-06-12,18.4645
2006-06-13,18.1982
2006-06-14,18.4363
2006-06-15,19.0456
2006-06-16,19.0093
2006-06-19,18.7308
2006-06-20,18.6663
2006-06-21,18.9608
2006-06-22,18.8385
2006-06-23,18.8385
2006-06-26,18.7819
2006-06-27,18.5679
2006-06-28,18.4993
2006-06-29,18.9960
2006-06-30,19.0485
2006-07-03,19.1292
2006-07-05,19.0081
2006-07-06,19.1050
2006-07-07,18.9192
2006-07-10,18.9798
2006-07-11,19.3271
2006-07-12,19.1615
2006-07-13,18.8587
2006-07-14,18.5800
2006-07-17,18.4548
2006-07-18,18.5073
2006-07-19,19.0444
2006-07-20,18.7779
2006-07-21,18.6810
2006-07-24,19.0162
2006-07-25,19.4281
2006-07-26,19.2585
2006-07-27,19.1292
2006-07-28,19.2262
2006-07-31,19.1817
2006-08-01,19.0767
2006-08-02,19.1050
2006-08-03,19.1292
2006-08-04,19.0485
2006-08-07,18.9677
2006-08-08,18.7375
2006-08-09,18.4629
2006-08-10,18.6285
2006-08-11,18.4872
2006-08-14,18.5316
2006-08-15,18.8708
2006-08-16,19.2262
2006-08-17,19.3110
2006-08-18,19.2988
2006-08-21,19.1615
2006-08-22,19.1454
2006-08-23,18.9677
2006-08-24,18.9233
2006-08-25,18.8264
2006-08-28,19.0485
2006-08-29,19.0969
2006-08-30,19.1817
2006-08-31,19.2423
2006-09-01,19.3837
2006-09-05,19.5654
2006-09-06,19.3473
2006-09-07,19.1898
2006-09-08,19.2302
2006-09-11,19.2908
2006-09-12,19.2787
2006-09-13,19.4119
2006-09-14,19.3796
2006-09-15,19.4846
2006-09-18,19.5088
2006-09-19,19.4321
2006-09-20,19.7107
2006-09-21,19.5977
2006-09-22,19.5371
2006-09-25,19.7309
2006-09-26,19.8429
2006-09-27,19.8308
2006-09-28,19.8470
2006-09-29,19.7378
2006-10-02,19.7661
2006-10-03,19.9197
2006-10-04,20.1340
2006-10-05,20.2715
2006-10-06,20.2674
2006-10-09,20.3240
2006-10-10,20.3645
2006-10-11,20.3321
2006-10-12,20.7283
2006-10-13,20.7324
2006-10-16,20.8901
2006-10-17,20.6313
2006-10-18,20.6313
2006-10-19,20.5141
2006-10-20,20.3726
2006-10-23,20.4534
2006-10-24,20.5504
2006-10-25,20.3402
2006-10-26,20.4089
2006-10-27,20.2917
2006-10-30,20.5585
2006-10-31,20.4979
2006-11-01,20.3847
2006-11-02,20.2230
2006-11-03,20.2715
2006-11-06,20.5909
2006-11-07,20.7728
2006-11-08,20.6313
2006-11-09,20.4777
2006-11-10,20.6030
2006-11-13,20.7647
2006-11-14,21.0396
2006-11-15,21.3631
2006-11-16,21.4763
2006-11-17,21.3873
2006-11-20,21.3429
2006-11-21,21.4763
2006-11-22,21.4925
2006-11-24,21.4682
2006-11-27,20.9831
2006-11-28,21.1003
2006-11-29,21.4237
2006-11-30,21.3469
2006-12-01,21.2741
2006-12-04,21.6218
2006-12-05,21.7229
2006-12-06,21.7674
2006-12-07,21.6703
2006-12-08,21.6340
2006-12-11,21.6097
2006-12-12,21.5086
2006-12-13,21.5005
2006-12-14,21.4844
2006-12-15,21.5733
2006-12-18,21.3065
2006-12-19,21.5369
2006-12-20,21.6786
2006-12-21,21.6058
2006-12-22,21.4438
2006-12-26,21.6341
2006-12-27,21.8244
2006-12-28,21.7758
2006-12-29,21.6341
2007-01-03,21.6503
2007-01-04,21.6260
2007-01-05,21.5248
2007-01-08,21.7636
2007-01-09,21.7434
2007-01-10,21.9094
2007-01-11,22.0673
2007-01-12,22.0592
2007-01-16,22.1280
2007-01-17,22.1361
2007-01-18,21.9053
2007-01-19,22.0349
2007-01-22,21.7029
2007-01-23,22.2292
2007-01-24,22.3102
2007-01-25,22.0349
2007-01-26,21.9499
2007-01-29,21.9984
2007-01-30,22.1199
2007-01-31,22.4438
2007-02-01,22.7271
2007-02-02,22.7595
2007-02-05,22.8445
2007-02-06,22.9822
2007-02-07,23.0793
2007-02-08,23.0469
2007-02-09,22.8972
2007-02-12,22.8324
2007-02-13,23.0267
2007-02-14,23.1603
2007-02-15,23.2979
2007-02-16,23.2372
2007-02-20,23.4153
2007-02-21,23.4396
2007-02-22,23.3587
2007-02-23,23.3263
2007-02-26,23.0753
2007-02-27,22.3264
2007-02-28,22.4478
2007-03-01,22.4559
2007-03-02,22.1320
2007-03-05,21.9215
2007-03-06,22.3102
2007-03-07,22.3061
2007-03-08,22.4599
2007-03-09,22.5895
2007-03-12,22.8810
2007-03-13,22.3790
2007-03-14,22.4559
2007-03-15,22.6907
2007-03-16,22.7069
2007-03-19,22.9053
2007-03-20,23.0065
2007-03-21,23.2372
2007-03-22,23.1036
2007-03-23,23.2560
2007-03-26,23.1871
2007-03-27,23.1182
2007-03-28,22.8751
2007-03-29,22.9805
2007-03-30,22.8994
2007-04-02,22.9480
2007-04-03,23.1749
2007-04-04,23.1992
2007-04-05,23.1911
2007-04-09,23.1911
2007-04-10,23.2317
2007-04-11,23.0007
2007-04-12,23.1709
2007-04-13,23.1952
2007-04-16,23.4099
2007-04-17,23.3978
2007-04-18,23.5841
2007-04-19,23.4747
2007-04-20,23.7178
2007-04-23,23.8191
2007-04-24,23.7097
2007-04-25,23.8394
2007-04-26,23.7381
2007-04-27,23.8961
2007-04-30,23.7340
2007-05-01,23.7989
2007-05-02,24.1068
2007-05-03,24.3013
2007-05-04,24.3985
2007-05-07,24.6983
2007-05-08,24.6213
2007-05-09,24.7429
2007-05-10,24.5119
2007-05-11,24.6254
2007-05-14,24.5727
2007-05-15,24.5200
2007-05-16,24.7307
2007-05-17,24.7712
2007-05-18,24.7956
2007-05-21,24.8968
2007-05-22,24.7550
2007-05-23,24.6132
2007-05-24,24.5281
2007-05-25,24.7186
2007-05-29,24.9414
2007-05-30,25.1278
2007-05-31,25.3101
2007-06-01,25.3425
2007-06-04,25.4073
2007-06-05,25.3263
2007-06-06,25.2412
2007-06-07,24.8199
2007-06-08,25.1399
2007-06-11,25.1480
2007-06-12,24.8563
2007-06-13,25.1602
2007-06-14,25.4397
2007-06-15,25.6707
2007-06-18,25.5532
2007-06-19,25.6950
2007-06-20,25.4236
2007-06-21,25.4722
2007-06-22,25.2980
2007-06-25,25.2048
2007-06-26,25.1561
2007-06-27,25.3142
2007-06-28,25.3478
2007-06-29,25.4776
2007-07-02,25.8182
2007-07-03,25.9398
2007-07-05,26.0980
2007-07-06,26.1426
2007-07-09,26.4062
2007-07-10,26.0291
2007-07-11,26.1588
2007-07-12,26.4751
2007-07-13,26.6657
2007-07-16,26.5724
2007-07-17,26.8036
2007-07-18,26.6981
2007-07-19,27.0671
2007-07-20,26.7306
2007-07-23,26.8887
2007-07-24,26.4913
2007-07-25,26.7671
2007-07-26,26.1588
2007-07-27,25.9155
2007-07-30,26.2521
2007-07-31,25.8425
2007-08-01,26.1710
2007-08-02,26.6779
2007-08-03,26.1953
2007-08-06,26.4913
2007-08-07,26.4954
2007-08-08,26.5400
2007-08-09,25.6844
2007-08-10,26.0980
2007-08-13,26.2034
2007-08-14,25.4451
2007-08-15,24.9788
2007-08-16,24.9545
2007-08-17,25.7209
2007-08-20,25.8790
2007-08-21,25.8263
2007-08-22,26.2440
2007-08-23,25.9439
2007-08-24,26.4629
2007-08-27,26.4224
2007-08-28,25.5546
2007-08-29,26.1791
2007-08-30,26.1710
2007-08-31,26.3940
2007-09-04,26.4913
2007-09-05,26.2196
2007-09-06,26.3656
2007-09-07,26.0088
2007-09-10,26.0372
2007-09-11,26.4183
2007-09-12,26.4548
2007-09-13,26.5278
2007-09-14,26.7671
2007-09-17,26.5805
2007-09-18,27.2090
2007-09-19,27.3794
2007-09-20,27.5213
2007-09-21,27.7078
2007-09-24,27.6105
2007-09-25,27.9989
2007-09-26,28.2546
2007-09-27,28.3641
2007-09-28,28.2586
2007-10-01,28.7822
2007-10-02,28.6320
2007-10-03,28.4169
2007-10-04,28.6442
2007-10-05,28.8146
2007-10-08,28.7741
2007-10-09,29.1068
2007-10-10,28.7375
2007-10-11,28.5103
2007-10-12,28.7984
2007-10-15,28.4047
2007-10-16,28.4575
2007-10-17,28.3844
2007-10-18,28.4778
2007-10-19,27.6499
2007-10-22,27.9015
2007-10-23,28.2465
2007-10-24,28.3154
2007-10-25,28.6077
2007-10-26,28.5103
2007-10-29,28.6117
2007-10-30,28.4047
2007-10-31,28.8024
2007-11-01,28.3276
2007-11-02,28.6442
2007-11-05,28.6401
2007-11-06,29.0784
2007-11-07,28.4291
2007-11-08,28.3722
2007-11-09,27.9583
2007-11-12,27.5565
2007-11-13,28.1612
2007-11-14,27.9583
2007-11-15,27.5646
2007-11-16,27.5606
2007-11-19,27.1750
2007-11-20,27.1385
2007-11-21,26.8219
2007-11-23,27.3171
2007-11-26,27.0168
2007-11-27,27.4064
2007-11-28,28.2424
2007-11-29,28.1166
2007-11-30,27.9218
2007-12-03,28.0841
2007-12-04,27.9542
2007-12-05,28.3195
2007-12-06,28.5508
2007-12-07,28.7010
2007-12-10,28.6848
2007-12-11,27.7270
2007-12-12,27.8650
2007-12-13,28.0192
2007-12-14,27.8365
2007-12-17,27.2116
2007-12-18,27.4267
2007-12-19,27.2927
2007-12-20,27.4551
2007-12-21,28.0029
2007-12-24,28.3357
2007-12-26,28.3317
2007-12-27,27.8448
2007-12-28,27.7716
2007-12-31,27.6090
2008-01-02,27.0929
2008-01-03,27.4099
2008-01-04,26.7962
2008-01-07,26.3450
2008-01-08,25.4712
2008-01-09,25.8248
2008-01-10,26.0930
2008-01-11,25.6419
2008-01-14,25.7679
2008-01-15,25.3289
2008-01-16,25.2395
2008-01-17,24.3291
2008-01-18,24.2763
2008-01-22,23.8983
2008-01-23,24.0446
2008-01-24,24.5608
2008-01-25,24.4836
2008-01-28,24.6055
2008-01-29,24.9510
2008-01-30,24.9306
2008-01-31,25.2842
2008-02-01,25.7760
2008-02-04,25.7516
2008-02-05,25.1257
2008-02-06,24.7924
2008-02-07,24.8697
2008-02-08,24.7884
2008-02-11,25.0485
2008-02-12,25.2151
2008-02-13,25.7923
2008-02-14,25.4102
2008-02-15,25.1461
2008-02-19,25.3086
2008-02-20,25.2842
2008-02-21,24.8372
2008-02-22,24.9957
2008-02-25,25.3858
2008-02-26,25.3940
2008-02-27,25.3208
2008-02-28,25.1135
2008-02-29,24.5079
2008-03-03,24.5730
2008-03-04,24.3576
2008-03-05,24.6055
2008-03-06,24.2600
2008-03-07,23.9267
2008-03-10,23.3415
2008-03-11,23.8211
2008-03-12,23.7154
2008-03-13,23.9552
2008-03-14,23.6666
2008-03-17,23.4594
2008-03-18,24.1259
2008-03-19,23.6504
2008-03-20,23.7073
2008-03-24,24.1340
2008-03-25,24.3343
2008-03-26,24.2895
2008-03-27,24.0331
2008-03-28,24.0005
2008-03-31,24.0412
2008-04-01,24.8064
2008-04-02,24.8512
2008-04-03,24.7779
2008-04-04,24.9407
2008-04-07,24.8674
2008-04-08,24.8064
2008-04-09,25.0099
2008-04-10,25.1564
2008-04-11,24.5825
2008-04-14,24.5622
2008-04-15,24.3302
2008-04-16,24.9244
2008-04-17,24.6924
2008-04-18,25.2744
2008-04-21,25.2378
2008-04-22,24.9041
2008-04-23,25.3029
2008-04-24,25.7140
2008-04-25,26.0599
2008-04-28,26.0396
2008-04-29,25.9907
2008-04-30,25.9419
2008-05-01,26.3448
2008-05-02,26.4262
2008-05-05,26.3367
2008-05-06,26.5117
2008-05-07,26.1088
2008-05-08,26.2838
2008-05-09,26.1373
2008-05-12,26.4791
2008-05-13,26.6786
2008-05-14,26.7885
2008-05-15,26.9065
2008-05-16,26.6989
2008-05-19,26.9757
2008-05-20,26.6338
2008-05-21,25.9175
2008-05-22,25.8483
2008-05-23,25.6529
2008-05-27,25.8605
2008-05-28,25.9012
2008-05-29,25.9378
2008-05-30,26.3611
2008-06-02,26.0721
2008-06-03,25.5349
2008-06-04,25.2989
2008-06-05,25.4372
2008-06-06,24.2936
2008-06-09,24.1959
2008-06-10,23.9843
2008-06-11,23.6180
2008-06-12,23.7726
2008-06-13,24.1104
2008-06-16,24.0982
2008-06-17,23.8459
2008-06-18,23.7278
2008-06-19,24.1796
2008-06-20,23.8174
2008-06-23,23.8662
2008-06-24,23.7401
2008-06-25,23.0884
2008-06-26,22.4037
2008-06-27,22.2080
2008-06-30,22.1062
2008-07-01,22.2080
2008-07-02,21.6741
2008-07-03,21.8698
2008-07-07,21.8453
2008-07-08,22.4811
2008-07-09,22.1062
2008-07-10,22.3140
2008-07-11,21.8738
2008-07-14,21.8209
2008-07-15,21.6048
2008-07-16,22.2284
2008-07-17,22.3262
2008-07-18,22.4485
2008-07-21,22.4566
2008-07-22,23.0232
2008-07-23,23.2514
2008-07-24,22.6319
2008-07-25,23.0680
2008-07-28,22.6237
2008-07-29,23.1658
2008-07-30,23.2962
2008-07-31,22.9498
2008-08-01,22.9702
2008-08-04,22.8683
2008-08-05,23.4674
2008-08-06,23.5734
2008-08-07,23.3329
2008-08-08,24.1562
2008-08-11,24.1969
2008-08-12,24.1806
2008-08-13,24.0991
2008-08-14,24.1969
2008-08-15,24.3885
2008-08-18,24.1399
2008-08-19,23.7690
2008-08-20,23.6671
2008-08-21,23.4878
2008-08-22,23.8464
2008-08-25,23.4796
2008-08-26,23.5611
2008-08-27,23.7038
2008-08-28,24.3437
2008-08-29,24.0095
2008-09-02,24.0991
2008-09-03,24.0543
2008-09-04,23.2473
2008-09-05,23.3003
2008-09-08,23.5448
2008-09-09,23.1699
2008-09-10,22.8805
2008-09-11,23.1495
2008-09-12,23.3818
2008-09-15,22.6849
2008-09-16,22.6115
2008-09-17,21.4907
2008-09-18,22.2977
2008-09-19,22.6564
2008-09-22,22.0369
2008-09-23,21.6578
2008-09-24,21.4311
2008-09-25,21.5292
2008-09-26,21.4965
2008-09-29,20.4304
2008-09-30,20.8062
2008-10-01,20.4999
2008-10-02,19.4869
2008-10-03,19.2500
2008-10-06,18.5353
2008-10-07,17.8654
2008-10-08,17.4610
2008-10-09,16.4318
2008-10-10,15.9294
2008-10-13,17.5182
2008-10-14,17.5427
2008-10-15,16.0151
2008-10-16,16.9464
2008-10-17,16.7789
2008-10-20,17.1792
2008-10-21,16.5829
2008-10-22,15.8640
2008-10-23,16.0560
2008-10-24,15.5373
2008-10-27,14.7653
2008-10-28,16.3378
2008-10-29,16.7095
2008-10-30,17.4161
2008-10-31,17.8041
2008-11-03,17.8450
2008-11-04,18.4372
2008-11-05,17.3753
2008-11-06,16.4195
2008-11-07,16.5992
2008-11-10,16.5584
2008-11-11,16.1377
2008-11-12,15.4147
2008-11-13,16.1581
2008-11-14,15.3984
2008-11-17,15.0961
2008-11-18,15.0471
2008-11-19,14.1322
2008-11-20,13.5522
2008-11-21,14.4998
2008-11-24,15.0553
2008-11-25,14.9940
2008-11-26,15.6149
2008-11-28,16.0397
2008-12-01,14.8511
2008-12-02,15.4311
2008-12-03,15.6230
2008-12-04,15.1452
2008-12-05,15.5822
2008-12-08,16.1949
2008-12-09,15.9743
2008-12-10,16.0723
2008-12-11,15.5128
2008-12-12,15.7823
2008-12-15,15.4678
2008-12-16,16.2765
2008-12-17,16.2929
2008-12-18,16.2112
2008-12-19,16.3174
2008-12-22,16.1663
2008-12-23,15.8396
2008-12-24,15.9381
2008-12-26,16.1310
2008-12-29,15.9094
2008-12-30,16.4223
2008-12-31,16.9394
2009-01-02,17.5590
2009-01-05,17.6165
2009-01-06,17.9078
2009-01-07,17.4893
2009-01-08,17.5098
2009-01-09,17.1897
2009-01-12,16.9394
2009-01-13,16.6726
2009-01-14,16.3197
2009-01-15,16.3731
2009-01-16,16.7917
2009-01-20,16.1023
2009-01-21,16.6562
2009-01-22,16.5454
2009-01-23,16.4059
2009-01-26,16.6644
2009-01-27,16.7711
2009-01-28,17.1733
2009-01-29,16.5660
2009-01-30,16.4716
2009-02-02,16.1597
2009-02-03,16.3731
2009-02-04,16.3485
2009-02-05,16.5126
2009-02-06,16.5619
2009-02-09,16.7465
2009-02-10,16.0079
2009-02-11,15.9792
2009-02-12,15.9997
2009-02-13,16.1720
2009-02-17,15.5237
2009-02-18,15.4211
2009-02-19,15.3390
2009-02-20,14.9574
2009-02-23,14.2803
2009-02-24,14.6209
2009-02-25,14.1038
2009-02-26,13.7427
2009-02-27,13.3078
2009-03-02,12.4296
2009-03-03,12.2408
2009-03-04,12.5240
2009-03-05,11.9208
2009-03-06,11.8797
2009-03-09,11.7238
2009-03-10,12.3147
2009-03-11,12.3352
2009-03-12,12.7004
2009-03-13,12.7456
2009-03-16,12.9713
2009-03-17,13.2216
2009-03-18,13.4514
2009-03-19,13.2790
2009-03-20,13.0246
2009-03-23,13.8330
2009-03-24,13.7017
2009-03-25,13.9454
2009-03-26,14.6372
2009-03-27,14.2954
2009-03-30,13.7190
2009-03-31,13.8055
2009-04-01,13.9825
2009-04-02,14.5383
2009-04-03,14.4807
2009-04-06,14.9912
2009-04-07,14.6619
2009-04-08,14.7154
2009-04-09,15.4894
2009-04-13,15.2342
2009-04-14,14.9748
2009-04-15,15.1889
2009-04-16,15.7077
2009-04-17,15.7735
2009-04-20,15.1930
2009-04-21,15.4524
2009-04-22,15.6583
2009-04-23,15.9671
2009-04-24,16.2264
2009-04-27,16.0782
2009-04-28,15.9465
2009-04-29,16.4117
2009-04-30,16.2347
2009-05-01,16.4817
2009-05-04,16.7946
2009-05-05,16.8688
2009-05-06,17.0129
2009-05-07,16.7905
2009-05-08,17.5028
2009-05-11,17.0787
2009-05-12,17.0417
2009-05-13,16.5270
2009-05-14,16.6835
2009-05-15,16.5558
2009-05-18,17.0170
2009-05-19,17.0664
2009-05-20,17.0952
2009-05-21,16.7000
2009-05-22,16.6876
2009-05-26,17.1940
2009-05-27,16.9923
2009-05-28,17.2517
2009-05-29,17.2846
2009-06-01,18.0587
2009-06-02,18.1987
2009-06-03,17.9146
2009-06-04,18.3675
2009-06-05,18.8080
2009-06-08,18.6763
2009-06-09,18.4333
2009-06-10,18.3716
2009-06-11,18.1287
2009-06-12,18.2645
2009-06-15,17.8075
2009-06-16,17.5687
2009-06-17,17.5811
2009-06-18,17.7210
2009-06-19,17.6387
2009-06-22,17.2517
2009-06-23,16.8111
2009-06-24,16.5905
2009-06-25,16.9334
2009-06-26,16.8425
2009-06-29,17.0657
2009-06-30,16.8549
2009-07-01,16.8756
2009-07-02,16.2764
2009-07-06,16.2268
2009-07-07,15.7930
2009-07-08,15.7971
2009-07-09,15.7434
2009-07-10,15.8425
2009-07-13,16.1772
2009-07-14,16.4417
2009-07-15,16.9004
2009-07-16,17.1607
2009-07-17,17.0078
2009-07-20,17.2723
2009-07-21,17.1813
2009-07-22,17.1483
2009-07-23,17.2103
2009-07-24,17.1070
2009-07-27,16.9995
2009-07-28,17.1152
2009-07-29,17.1772
2009-07-30,17.4375
2009-07-31,17.3921
2009-08-03,17.7309
2009-08-04,17.8549
2009-08-05,17.6607
2009-08-06,17.8012
2009-08-07,18.1359
2009-08-10,17.9706
2009-08-11,17.7640
2009-08-12,18.2226
2009-08-13,18.1607
2009-08-14,17.9045
2009-08-17,17.5491
2009-08-18,17.6111
2009-08-19,17.6731
2009-08-20,17.8632
2009-08-21,18.3301
2009-08-24,18.4416
2009-08-25,18.4458
2009-08-26,18.4086
2009-08-27,18.7846
2009-08-28,18.6565
2009-08-31,18.4830
2009-09-01,18.3218
2009-09-02,18.2309
2009-09-03,18.3466
2009-09-04,18.6978
2009-09-08,18.8879
2009-09-09,19.0780
2009-09-10,19.2515
2009-09-11,19.4375
2009-09-14,19.4540
2009-09-15,19.5656
2009-09-16,19.7185
2009-09-17,19.9953
2009-09-18,20.1358
2009-09-21,19.9995
2009-09-22,20.0989
2009-09-23,20.0326
2009-09-24,19.6888
2009-09-25,19.5811
2009-09-28,19.9415
2009-09-29,20.0947
2009-09-30,19.9042
2009-10-01,19.3905
2009-10-02,19.1586
2009-10-05,19.3905
2009-10-06,19.6432
2009-10-07,19.6018
2009-10-08,19.7012
2009-10-09,19.9829
2009-10-12,19.8130
2009-10-13,19.7716
2009-10-14,20.1610
2009-10-15,20.1734
2009-10-16,20.1776
2009-10-19,20.4013
2009-10-20,19.8669
2009-10-21,19.6432
2009-10-22,20.0284
2009-10-23,19.7716
2009-10-26,19.5189
2009-10-27,19.3657
2009-10-28,18.8852
2009-10-29,19.1544
2009-10-30,18.6656
2009-11-02,18.8272
2009-11-03,18.8147
2009-11-04,18.8934
2009-11-05,19.5065
2009-11-06,19.5728
2009-11-09,19.9705
2009-11-10,19.8710
2009-11-11,19.9953
2009-11-12,19.7882
2009-11-13,20.0326
2009-11-16,20.4924
2009-11-17,20.5007
2009-11-18,20.2936
2009-11-19,19.9953
2009-11-20,20.0574
2009-11-23,20.4054
2009-11-24,20.3516
2009-11-25,20.5131
2009-11-27,20.1859
2009-11-30,20.0533
2009-12-01,20.3516
2009-12-02,20.4841
2009-12-03,20.3930
2009-12-04,20.8072
2009-12-07,20.9812
2009-12-08,20.8155
2009-12-09,20.6788
2009-12-10,20.6664
2009-12-11,21.0061
2009-12-14,21.3043
2009-12-15,21.2670
2009-12-16,21.3084
2009-12-17,21.0640
2009-12-18,21.0392
2009-12-21,21.3084
2009-12-22,21.4327
2009-12-23,21.4590
2009-12-24,21.5048
2009-12-28,21.5090
2009-12-29,21.5381
2009-12-30,21.5423
2009-12-31,21.2298
2010-01-04,21.7672
2010-01-05,21.8922
2010-01-06,22.0880
2010-01-07,22.1464
2010-01-08,22.2713
2010-01-11,22.4463
2010-01-12,22.2380
2010-01-13,22.5171
2010-01-14,22.6671
2010-01-15,22.3921
2010-01-19,22.5796
2010-01-20,22.2713
2010-01-21,21.7714
2010-01-22,21.3881
2010-01-25,21.4298
2010-01-26,21.3923
2010-01-27,21.6131
2010-01-28,21.3340
2010-01-29,21.1340
2010-02-01,21.4173
2010-02-02,21.7839
2010-02-03,21.7714
2010-02-04,21.0465
2010-02-05,20.8716
2010-02-08,20.7299
2010-02-09,21.0590
2010-02-10,21.0382
2010-02-11,21.2548
2010-02-12,21.1049
2010-02-16,21.4298
2010-02-17,21.6464
2010-02-18,21.9880
2010-02-19,22.1214
2010-02-22,22.2255
2010-02-23,21.9006
2010-02-24,22.1297
2010-02-25,22.1089
2010-02-26,22.2588
2010-03-01,22.6588
2010-03-02,22.8462
2010-03-03,22.7879
2010-03-04,22.9462
2010-03-05,23.3128
2010-03-08,23.2128
2010-03-09,23.4336
2010-03-10,23.6794
2010-03-11,23.7628
2010-03-12,23.6461
2010-03-15,23.6253
2010-03-16,23.7211
2010-03-17,23.7753
2010-03-18,23.8002
2010-03-19,23.9377
2010-03-22,24.0294
2010-03-23,24.2085
2010-03-24,24.1044
2010-03-25,24.0806
2010-03-26,24.1598
2010-03-29,24.3559
2010-03-30,24.3267
2010-03-31,24.1265
2010-04-01,24.2308
2010-04-05,24.3058
2010-04-06,24.1557
2010-04-07,24.0973
2010-04-08,24.0639
2010-04-09,24.2349
2010-04-12,24.2975
2010-04-13,24.2308
2010-04-14,24.3642
2010-04-15,24.4643
2010-04-16,24.2057
2010-04-19,24.2182
2010-04-20,24.4852
2010-04-21,24.8856
2010-04-22,25.2986
2010-04-23,25.2652
2010-04-26,25.1776
2010-04-27,24.6646
2010-04-28,24.7438
2010-04-29,25.1568
2010-04-30,24.5770
2010-05-03,25.1651
2010-05-04,24.3976
2010-05-05,24.1765
2010-05-06,23.3840
2010-05-07,22.7166
2010-05-10,23.7844
2010-05-11,23.9263
2010-05-12,24.4769
2010-05-13,24.3017
2010-05-14,23.7219
2010-05-17,23.7010
2010-05-18,23.4132
2010-05-19,23.0837
2010-05-20,21.8949
2010-05-21,22.3412
2010-05-24,21.9908
2010-05-25,21.8365
2010-05-26,21.8615
2010-05-27,22.5706
2010-05-28,22.3453
2010-06-01,21.8406
2010-06-02,22.3036
2010-06-03,22.4079
2010-06-04,21.4402
2010-06-07,20.8145
2010-06-08,20.9188
2010-06-09,20.9438
2010-06-10,21.5778
2010-06-11,21.6946
2010-06-14,21.8156
2010-06-15,22.3871
2010-06-16,22.4121
2010-06-17,22.4413
2010-06-18,22.5539
2010-06-21,22.5122
2010-06-22,22.0742
2010-06-23,22.1076
2010-06-24,21.7426
2010-06-25,21.9391
2010-06-28,21.8596
2010-06-29,20.9230
2010-06-30,20.7809
2010-07-01,20.5969
2010-07-02,20.5216
2010-07-06,20.4464
2010-07-07,21.1237
2010-07-08,21.4624
2010-07-09,21.5126
2010-07-12,21.1990
2010-07-13,21.6213
2010-07-14,21.6882
2010-07-15,21.6088
2010-07-16,20.8352
2010-07-19,20.9816
2010-07-20,21.2074
2010-07-21,21.2366
2010-07-22,21.9056
2010-07-23,22.2652
2010-07-26,22.6708
2010-07-27,22.4450
2010-07-28,22.3447
2010-07-29,22.3489
2010-07-30,22.3279
2010-08-02,22.6917
2010-08-03,22.6081
2010-08-04,22.7670
2010-08-05,22.7084
2010-08-06,22.5579
2010-08-09,22.7377
2010-08-10,22.4408
2010-08-11,21.5837
2010-08-12,21.3663
2010-08-13,21.3412
2010-08-16,21.3286
2010-08-17,21.7927
2010-08-18,21.9224
2010-08-19,21.3997
2010-08-20,21.2993
2010-08-23,20.8812
2010-08-24,20.4506
2010-08-25,20.5425
2010-08-26,20.5969
2010-08-27,21.0694
2010-08-30,20.7182
2010-08-31,20.5174
2010-09-01,21.3370
2010-09-02,21.5837
2010-09-03,21.9182
2010-09-07,21.5502
2010-09-08,21.7175
2010-09-09,21.6297
2010-09-10,21.8847
2010-09-13,22.1691
2010-09-14,21.9349
2010-09-15,21.8680
2010-09-16,21.8513
2010-09-17,22.1398
2010-09-20,22.5872
2010-09-21,22.5663
2010-09-22,22.3739
2010-09-23,22.0262
2010-09-24,22.6386
2010-09-27,22.4121
2010-09-28,22.5883
2010-09-29,22.6596
2010-09-30,22.6009
2010-10-01,22.5715
2010-10-04,22.2863
2010-10-05,22.9322
2010-10-06,23.0455
2010-10-07,23.0161
2010-10-08,23.1797
2010-10-11,23.1420
2010-10-12,23.1630
2010-10-13,23.5069
2010-10-14,23.3769
2010-10-15,23.3307
2010-10-18,23.4230
2010-10-19,23.0036
2010-10-20,23.3895
2010-10-21,23.7125
2010-10-22,23.8005
2010-10-25,23.8047
2010-10-26,23.8425
2010-10-27,23.7544
2010-10-28,23.8005
2010-10-29,23.8467
2010-11-01,23.6663
2010-11-02,24.0480
2010-11-03,24.0103
2010-11-04,24.4381
2010-11-05,24.5807
2010-11-08,24.4214
2010-11-09,24.1655
2010-11-10,24.0648
2010-11-11,23.6411
2010-11-12,23.2510
2010-11-15,23.2972
2010-11-16,23.0329
2010-11-17,23.0455
2010-11-18,23.5111
2010-11-19,23.5069
2010-11-22,23.4020
2010-11-23,23.3014
2010-11-24,23.9390
2010-11-26,23.7544
2010-11-29,23.6076
2010-11-30,23.6160
2010-12-01,24.2326
2010-12-02,24.5011
2010-12-03,24.5011
2010-12-06,24.5011
2010-12-07,24.5975
2010-12-08,24.5430
2010-12-09,24.4130
2010-12-10,24.6059
2010-12-13,24.5346
2010-12-14,24.6311
2010-12-15,24.4633
2010-12-16,24.6563
2010-12-17,24.6395
2010-12-20,24.5430
2010-12-21,24.6814
2010-12-22,24.7815
2010-12-23,24.8404
2010-12-27,24.7941
2010-12-28,24.7941
2010-12-29,24.7857
2010-12-30,24.7100
2010-12-31,24.7521
2011-01-03,25.0044
2011-01-04,24.9329
2011-01-05,25.2400
2011-01-06,25.4587
2011-01-07,25.6185
2011-01-10,25.5554
2011-01-11,25.4671
2011-01-12,25.7279
2011-01-13,25.7741
2011-01-14,25.9382
2011-01-18,26.4050
2011-01-19,26.1485
2011-01-20,26.1190
2011-01-21,26.0812
2011-01-24,26.1779
2011-01-25,26.3588
2011-01-26,26.3461
2011-01-27,26.5354
2011-01-28,25.9592
2011-01-31,26.2116
2011-02-01,26.5649
2011-02-02,26.6111
2011-02-03,26.5354
2011-02-04,26.5775
2011-02-07,26.8887
2011-02-08,27.0485
2011-02-09,27.0485
2011-02-10,27.0149
2011-02-11,27.0149
2011-02-14,26.9434
2011-02-15,26.9392
2011-02-16,26.9897
2011-02-17,27.0780
2011-02-18,27.2084
2011-02-22,26.4387
2011-02-23,26.1232
2011-02-24,26.2999
2011-02-25,26.5691
2011-02-28,26.4723
2011-03-01,26.0097
2011-03-02,26.0980
2011-03-03,26.8046
2011-03-04,26.5396
2011-03-07,26.1821
2011-03-08,26.6532
2011-03-09,26.8214
2011-03-10,26.2494
2011-03-11,26.4681
2011-03-14,26.2242
2011-03-15,25.9676
2011-03-16,25.4040
2011-03-17,25.6437
2011-03-18,25.8961
2011-03-21,26.4597
2011-03-22,26.4176
2011-03-23,26.5606
2011-03-24,26.6910
2011-03-25,26.7859
2011-03-28,26.6805
2011-03-29,26.8196
2011-03-30,26.9250
2011-03-31,27.0725
2011-04-01,27.2579
2011-04-04,27.1188
2011-04-05,27.1104
2011-04-06,27.2495
2011-04-07,27.1905
2011-04-08,26.8238
2011-04-11,26.7606
2011-04-12,26.5161
2011-04-13,26.2421
2011-04-14,26.0778
2011-04-15,26.2421
2011-04-18,25.8249
2011-04-19,25.9429
2011-04-20,26.5456
2011-04-21,26.6426
2011-04-25,26.4782
2011-04-26,26.8786
2011-04-27,26.9713
2011-04-28,27.0725
2011-04-29,27.2959
2011-05-02,27.2917
2011-05-03,27.3380
2011-05-04,26.9924
2011-05-05,27.0008
2011-05-06,27.3001
2011-05-09,27.4434
2011-05-10,27.7005
2011-05-11,27.5151
2011-05-12,27.7131
2011-05-13,27.3928
2011-05-16,27.3296
2011-05-17,27.0345
2011-05-18,27.2832
2011-05-19,27.3886
2011-05-20,27.1399
2011-05-23,26.7016
2011-05-24,26.5540
2011-05-25,26.7437
2011-05-26,26.7564
2011-05-27,26.9081
2011-05-31,27.1947
2011-06-01,26.4824
2011-06-02,26.5077
2011-06-03,26.2632
2011-06-06,26.2548
2011-06-07,26.2506
2011-06-08,26.0567
2011-06-09,26.2042
2011-06-10,25.8544
2011-06-13,25.9555
2011-06-14,26.4276
2011-06-15,26.2000
2011-06-16,26.3770
2011-06-17,26.4571
2011-06-20,26.7606
2011-06-21,27.0050
2011-06-22,26.9882
2011-06-23,26.8364
2011-06-24,26.6074
2011-06-27,26.8102
2011-06-28,27.1272
2011-06-29,27.3216
2011-06-30,27.7400
2011-07-01,28.0823
2011-07-05,27.9175
2011-07-06,28.0527
2011-07-07,28.2091
2011-07-08,27.9893
2011-07-11,27.4864
2011-07-12,27.3174
2011-07-13,27.3427
2011-07-14,26.9624
2011-07-15,26.7342
2011-07-18,26.4341
2011-07-19,26.8356
2011-07-20,27.1018
2011-07-21,27.6132
2011-07-22,27.4188
2011-07-25,27.2244
2011-07-26,26.9835
2011-07-27,26.2017
2011-07-28,26.0791
2011-07-29,26.1890
2011-08-01,25.9059
2011-08-02,25.1705
2011-08-03,25.1494
2011-08-04,23.8478
2011-08-05,23.7125
2011-08-08,21.8911
2011-08-09,23.1378
2011-08-10,21.6713
2011-08-11,22.6053
2011-08-12,23.0786
2011-08-15,23.5139
2011-08-16,23.2730
2011-08-17,23.3026
2011-08-18,22.0136
2011-08-19,21.7939
2011-08-22,21.9714
2011-08-23,22.8039
2011-08-24,23.2815
2011-08-25,22.8884
2011-08-26,23.3871
2011-08-29,24.1774
2011-08-30,24.4310
2011-08-31,24.5704
2011-09-01,24.0379
2011-09-02,23.1209
2011-09-06,22.9307
2011-09-07,23.6491
2011-09-08,23.2772
2011-09-09,22.6687
2011-09-12,22.7701
2011-09-13,23.0828
2011-09-14,23.4716
2011-09-15,23.9069
2011-09-16,24.2788
2011-09-19,24.2112
2011-09-20,23.9534
2011-09-21,23.0533
2011-09-22,22.3898
2011-09-23,22.7327
2011-09-26,23.3982
2011-09-27,23.9323
2011-09-28,23.3558
2011-09-29,23.5762
2011-09-30,23.1015
2011-10-03,22.2749
2011-10-04,22.8090
2011-10-05,23.1778
2011-10-06,23.6059
2011-10-07,23.5932
2011-10-10,24.2459
2011-10-11,24.3689
2011-10-12,24.5935
2011-10-13,24.3858
2011-10-14,24.6232
2011-10-17,23.9408
2011-10-18,24.5087
2011-10-19,24.2375
2011-10-20,24.3689
2011-10-21,25.0047
2011-10-24,25.4116
2011-10-25,25.0343
2011-10-26,25.0895
2011-10-27,25.9118
2011-10-28,25.8312
2011-10-31,25.3947
2011-11-01,24.4452
2011-11-02,24.8394
2011-11-03,25.6363
2011-11-04,25.5642
2011-11-07,25.8270
2011-11-08,26.0771
2011-11-09,25.2463
2011-11-10,25.3395
2011-11-11,25.8948
2011-11-14,25.7380
2011-11-15,26.0559
2011-11-16,25.5854
2011-11-17,25.1446
2011-11-18,25.2632
2011-11-21,24.7546
2011-11-22,24.5299
2011-11-23,23.8475
2011-11-25,23.9874
2011-11-28,24.7292
2011-11-29,24.7631
2011-11-30,25.8312
2011-12-01,25.8312
2011-12-02,25.6829
2011-12-05,25.8228
2011-12-06,25.8779
2011-12-07,25.7422
2011-12-08,25.1403
2011-12-09,25.7210
2011-12-12,25.3184
2011-12-13,25.1149
2011-12-14,24.8775
2011-12-15,25.0640
2011-12-16,25.1234
2011-12-19,24.9411
2011-12-20,25.7677
2011-12-21,25.9118
2011-12-22,26.1457
2011-12-23,26.2436
2011-12-27,26.2988
2011-12-28,25.8863
2011-12-29,26.2223
2011-12-30,26.0266
2012-01-03,26.3669
2012-01-04,26.3456
2012-01-05,26.2606
2012-01-06,26.3074
2012-01-09,26.4179
2012-01-10,26.8475
2012-01-11,26.9284
2012-01-12,27.1198
2012-01-13,26.8688
2012-01-17,27.0900
2012-01-18,27.2601
2012-01-19,27.5111
2012-01-20,27.4473
2012-01-23,27.3494
2012-01-24,27.3494
2012-01-25,27.5876
2012-01-26,27.3877
2012-01-27,27.3494
2012-01-30,27.1665
2012-01-31,27.3664
2012-02-01,27.8641
2012-02-02,27.7790
2012-02-03,28.2724
2012-02-06,28.0938
2012-02-07,28.2682
2012-02-08,28.4596
2012-02-09,28.5021
2012-02-10,28.2894
2012-02-13,28.5574
2012-02-14,28.4979
2012-02-15,28.1831
2012-02-16,28.3447
2012-02-17,28.5021
2012-02-21,28.4766
2012-02-22,28.4553
2012-02-23,28.4596
2012-02-24,28.6169
2012-02-27,28.5404
2012-02-28,28.4723
2012-02-29,28.4128
2012-03-01,28.4894
2012-03-02,28.3447
2012-03-05,28.2512
2012-03-06,27.7110
2012-03-07,27.8939
2012-03-08,28.2980
2012-03-09,28.4638
2012-03-12,28.4511
2012-03-13,28.8509
2012-03-14,28.8679
2012-03-15,28.9062
2012-03-16,28.7913
2012-03-19,28.8084
2012-03-20,28.4298
2012-03-21,28.4596
2012-03-22,28.3150
2012-03-23,28.4979
2012-03-26,28.9849
2012-03-27,28.8228
2012-03-28,28.5883
2012-03-29,28.5755
2012-03-30,28.6266
2012-04-02,28.8654
2012-04-03,28.7503
2012-04-04,28.4902
2012-04-05,28.2386
2012-04-09,27.7908
2012-04-10,27.2834
2012-04-11,27.6501
2012-04-12,28.2428
2012-04-13,27.9145
2012-04-16,27.9571
2012-04-17,28.4305
2012-04-18,28.2556
2012-04-19,27.9443
2012-04-20,28.2471
2012-04-23,27.9657
2012-04-24,28.0851
2012-04-25,28.3196
2012-04-26,28.5627
2012-04-27,28.7503
2012-04-30,28.4987
2012-05-01,28.5968
2012-05-02,28.5584
2012-05-03,28.3153
2012-05-04,27.8889
2012-05-07,27.7908
2012-05-08,27.6800
2012-05-09,27.3090
2012-05-10,27.2834
2012-05-11,27.2450
2012-05-14,27.0787
2012-05-15,26.9550
2012-05-16,26.7930
2012-05-17,26.2429
2012-05-18,26.0126
2012-05-21,26.5115
2012-05-22,26.4646
2012-05-23,26.5286
2012-05-24,26.4603
2012-05-25,26.3068
2012-05-29,26.5712
2012-05-30,26.4476
2012-05-31,26.3452
2012-06-01,25.6586
2012-06-04,25.5691
2012-06-05,25.6203
2012-06-06,26.2173
2012-06-07,26.4774
2012-06-08,26.4817
2012-06-11,26.4007
2012-06-12,26.6778
2012-06-13,26.3665
2012-06-14,26.4902
2012-06-15,26.5840
2012-06-18,26.8058
2012-06-19,27.1970
2012-06-20,27.1114
2012-06-21,26.6448
2012-06-22,26.7775
2012-06-25,26.4008
2012-06-26,26.3366
2012-06-27,26.6619
2012-06-28,26.4779
2012-06-29,27.3939
2012-07-02,27.3083
2012-07-03,27.5394
2012-07-05,27.6036
2012-07-06,27.2269
2012-07-09,27.2184
2012-07-10,26.9701
2012-07-11,26.6363
2012-07-12,26.4779
2012-07-13,27.0086
2012-07-16,26.8888
2012-07-17,26.8460
2012-07-18,27.2697
2012-07-19,27.5308
2012-07-20,27.1841
2012-07-23,26.8032
2012-07-24,26.4308
2012-07-25,26.5207
2012-07-26,26.7176
2012-07-27,27.1114
2012-07-30,27.0771
2012-07-31,27.0172
2012-08-01,26.7304
2012-08-02,26.4993
2012-08-03,27.1114
2012-08-06,27.1028
2012-08-07,27.5223
2012-08-08,27.5608
2012-08-09,27.7149
2012-08-10,27.6421
2012-08-13,27.5865
2012-08-14,27.5052
2012-08-15,27.5394
2012-08-16,27.8048
2012-08-17,27.9888
2012-08-20,28.0916
2012-08-21,28.0017
2012-08-22,27.7877
2012-08-23,27.4923
2012-08-24,27.5908
2012-08-27,27.5694
2012-08-28,27.6336
2012-08-29,27.6678
2012-08-30,27.4367
2012-08-31,27.6164
2012-09-04,27.4666
2012-09-05,27.5223
2012-09-06,28.0702
2012-09-07,28.2114
2012-09-10,27.9332
2012-09-11,27.9931
2012-09-12,28.0873
2012-09-13,28.3698
2012-09-14,28.5068
2012-09-17,28.3741
2012-09-18,28.3569
2012-09-19,28.3569
2012-09-20,28.2029
2012-09-21,28.3227
2012-09-24,28.1301
2012-09-25,27.9458
2012-09-26,27.8857
2012-09-27,28.1176
2012-09-28,28.0274
2012-10-01,28.3195
2012-10-02,28.3066
2012-10-03,28.2508
2012-10-04,28.3968
2012-10-05,28.5042
2012-10-08,28.3582
2012-10-09,28.0876
2012-10-10,27.9072
2012-10-11,28.0532
2012-10-12,28.0618
2012-10-15,28.2336
2012-10-16,28.6030
2012-10-17,28.6889
2012-10-18,28.8478
2012-10-19,28.4097
2012-10-22,28.2766
2012-10-23,28.0575
2012-10-24,28.0962
2012-10-25,28.0145
2012-10-26,28.0489
2012-10-31,28.2422
2012-11-01,28.5128
2012-11-02,28.3582
2012-11-05,28.3753
2012-11-06,28.8650
2012-11-07,27.9931
2012-11-08,27.6838
2012-11-09,27.8041
2012-11-12,27.9630
2012-11-13,27.9329
2012-11-14,27.2628
2012-11-15,27.1254
2012-11-16,27.2113
2012-11-19,27.7869
2012-11-20,27.8685
2012-11-21,28.1047
2012-11-23,28.3367
2012-11-26,28.3968
2012-11-27,28.4784
2012-11-28,28.7190
2012-11-29,28.9209
2012-11-30,28.9209
2012-12-03,28.6245
2012-12-04,28.7319
2012-12-05,28.7748
2012-12-06,28.7491
2012-12-07,28.8865
2012-12-10,29.1442
2012-12-11,29.2430
2012-12-12,29.1270
2012-12-13,28.8951
2012-12-14,28.8221
2012-12-17,28.8822
2012-12-18,29.4320
2012-12-19,29.6149
2012-12-20,29.7191
2012-12-21,29.6843
2012-12-24,29.5931
2012-12-26,29.5106
2012-12-27,29.5063
2012-12-28,29.1284
2012-12-31,29.6409
2013-01-02,30.3401
2013-01-03,30.4791
2013-01-04,30.6485
2013-01-07,30.4965
2013-01-08,30.0709
2013-01-09,30.3619
2013-01-10,30.4096
2013-01-11,30.2402
2013-01-14,30.1708
2013-01-15,30.4270
2013-01-16,30.1273
2013-01-17,30.4878
2013-01-18,30.6181
2013-01-22,30.7788
2013-01-23,30.8613
2013-01-24,30.9699
2013-01-25,30.9525
2013-01-28,30.6311
2013-01-29,30.6181
2013-01-30,30.3097
2013-01-31,30.0101
2013-02-01,30.2055
2013-02-04,29.9536
2013-02-05,30.3358
2013-02-06,30.3445
2013-02-07,30.6485
2013-02-08,30.8135
2013-02-11,30.8048
2013-02-12,30.8569
2013-02-13,30.7614
2013-02-14,30.7874
2013-02-15,30.7571
2013-02-19,30.9004
2013-02-20,30.6311
2013-02-21,30.3705
2013-02-22,30.7397
2013-02-25,30.1925
2013-02-26,30.3488
2013-02-27,30.9264
2013-02-28,30.9177
2013-03-01,30.8179
2013-03-04,30.6832
2013-03-05,31.0741
2013-03-06,31.1827
2013-03-07,31.4128
2013-03-08,31.6517
2013-03-11,31.7907
2013-03-12,31.9297
2013-03-13,32.2771
2013-03-14,32.4248
2013-03-15,32.6289
2013-03-18,32.4812
2013-03-19,32.4725
2013-03-20,32.6593
2013-03-21,32.3596
2013-03-22,32.3640
2013-03-25,32.1448
2013-03-26,32.4280
2013-03-27,32.2668
2013-03-28,32.5631
2013-04-01,32.2407
2013-04-02,31.9400
2013-04-03,32.0272
2013-04-04,32.0925
2013-04-05,32.0882
2013-04-08,32.2712
2013-04-09,32.4149
2013-04-10,32.8463
2013-04-11,33.0293
2013-04-12,32.9116
2013-04-15,32.0315
2013-04-16,32.1535
2013-04-17,31.6002
2013-04-18,31.3127
2013-04-19,31.7483
2013-04-22,31.7919
2013-04-23,32.0882
2013-04-24,32.5369
2013-04-25,32.8463
2013-04-26,32.7156
2013-04-29,32.8158
2013-04-30,32.9726
2013-05-01,32.7330
2013-05-02,33.0205
2013-05-03,33.4214
2013-05-06,33.5826
2013-05-07,33.8048
2013-05-08,33.8091
2013-05-09,34.0313
2013-05-10,34.1838
2013-05-13,34.0880
2013-05-14,34.5324
2013-05-15,34.7807
2013-05-16,34.5846
2013-05-17,35.1772
2013-05-20,35.2164
2013-05-21,35.1859
2013-05-22,34.7589
2013-05-23,34.8112
2013-05-24,34.9419
2013-05-28,35.3776
2013-05-29,35.0988
2013-05-30,35.3602
2013-05-31,35.1641
2013-06-03,35.2469
2013-06-04,35.0160
2013-06-05,34.5454
2013-06-06,34.9811
2013-06-07,35.5867
2013-06-10,35.4952
2013-06-11,35.3297
2013-06-12,35.0290
2013-06-13,35.5344
2013-06-14,35.3820
2013-06-17,35.6433
2013-06-18,36.1008
2013-06-19,35.5737
2013-06-20,35.0290
2013-06-21,34.9855
2013-06-24,34.5934
2013-06-25,34.6500
2013-06-26,35.1393
2013-06-27,35.7510
2013-06-28,35.6287
2013-07-01,36.0699
2013-07-02,35.5325
2013-07-03,35.8427
2013-07-05,36.4282
2013-07-08,36.6947
2013-07-09,36.9612
2013-07-10,37.1971
2013-07-11,37.7563
2013-07-12,37.5073
2013-07-15,37.8787
2013-07-16,37.5772
2013-07-17,37.7563
2013-07-18,38.1364
2013-07-19,38.2937
2013-07-22,38.3330
2013-07-23,38.6083
2013-07-24,38.5820
2013-07-25,38.7874
2013-07-26,38.5952
2013-07-29,38.4510
2013-07-30,38.5427
2013-07-31,38.6651
2013-08-01,39.4078
2013-08-02,39.6917
2013-08-05,39.7748
2013-08-06,39.4121
2013-08-07,39.4777
2013-08-08,39.5476
2013-08-09,39.3816
2013-08-12,39.2417
2013-08-13,39.4646
2013-08-14,39.1937
2013-08-15,38.4947
2013-08-16,38.5209
2013-08-19,38.4248
2013-08-20,38.5777
2013-08-21,38.4029
2013-08-22,38.8573
2013-08-23,38.9840
2013-08-26,38.9010
2013-08-27,38.0534
2013-08-28,38.1495
2013-08-29,38.4597
2013-08-30,37.9791
2013-09-03,38.3680
2013-09-04,38.7874
2013-09-05,38.8748
2013-09-06,38.7175
2013-09-09,39.1893
2013-09-10,39.7048
2013-09-11,40.0151
2013-09-12,39.9451
2013-09-13,40.1942
2013-09-16,40.7840
2013-09-17,41.2952
2013-09-18,41.3956
2013-09-19,41.4000
2013-09-20,40.7752
2013-09-23,40.4650
2013-09-24,40.7333
2013-09-25,40.5533
2013-09-26,40.8035
2013-09-27,40.7069
2013-09-30,40.3382
2013-10-01,40.7069
2013-10-02,40.3953
2013-10-03,39.7939
2013-10-04,39.9650
2013-10-07,39.8948
2013-10-08,39.4514
2013-10-09,39.3066
2013-10-10,40.5226
2013-10-11,40.8079
2013-10-14,40.9791
2013-10-15,40.3601
2013-10-16,40.6762
2013-10-17,41.2425
2013-10-18,41.5322
2013-10-21,41.1766
2013-10-22,41.4225
2013-10-23,42.0941
2013-10-24,42.3970
2013-10-25,42.6033
2013-10-28,42.3707
2013-10-29,42.6648
2013-10-30,42.5199
2013-10-31,42.5287
2013-11-01,42.7789
2013-11-04,43.0511
2013-11-05,43.1433
2013-11-06,43.3540
2013-11-07,42.7746
2013-11-08,43.4418
2013-11-11,43.3321
2013-11-12,43.2486
2013-11-13,43.5515
2013-11-14,43.7052
2013-11-15,43.7710
2013-11-18,44.0344
2013-11-19,43.9291
2013-11-20,43.7271
2013-11-21,44.2583
2013-11-22,44.8070
2013-11-25,44.7588
2013-11-26,45.1055
2013-11-27,45.4918
2013-11-29,45.2460
2013-12-02,44.9651
2013-12-03,44.6666
2013-12-04,44.2320
2013-12-05,44.2671
2013-12-06,44.8465
2013-12-09,44.7675
2013-12-10,44.6227
2013-12-11,43.9949
2013-12-12,44.1749
2013-12-13,44.2408
2013-12-16,44.7543
2013-12-17,44.8597
2013-12-18,45.4699
2013-12-19,45.1977
2013-12-20,45.9484
2013-12-23,46.0629
2013-12-24,46.3050
2013-12-26,46.6968
2013-12-27,46.4591
2013-12-30,46.3402
2013-12-31,46.5251
2014-01-02,46.0144
2014-01-03,46.2213
2014-01-06,46.1553
2014-01-07,46.5031
2014-01-08,46.7056
2014-01-09,47.0842
2014-01-10,47.3000
2014-01-13,47.0490
2014-01-14,47.3220
2014-01-15,47.7006
2014-01-16,47.7974
2014-01-17,47.7182
2014-01-21,47.9295
2014-01-22,48.6427
2014-01-23,48.0043
2014-01-24,46.3798
2014-01-27,46.3578
2014-01-28,46.6264
2014-01-29,45.8119
2014-01-30,46.0364
2014-01-31,46.3314
2014-02-03,44.9534
2014-02-04,45.0547
2014-02-05,45.0459
2014-02-06,45.2704
2014-02-07,46.1421
2014-02-10,45.9264
2014-02-11,46.5119
2014-02-12,46.8289
2014-02-13,47.1327
2014-02-14,47.4716
2014-02-18,47.7270
2014-02-19,47.2559
2014-02-20,47.9251
2014-02-21,47.8635
2014-02-24,48.3169
2014-02-25,47.8855
2014-02-26,47.6697
2014-02-27,48.2069
2014-02-28,48.2685
2014-03-03,48.2861
2014-03-04,49.2414
2014-03-05,49.1930
2014-03-06,49.2106
2014-03-07,49.2018
2014-03-10,48.8716
2014-03-11,48.2685
2014-03-12,48.2024
2014-03-13,47.5289
2014-03-14,47.6125
2014-03-17,48.1188
2014-03-18,48.4446
2014-03-19,47.9603
2014-03-20,47.9779
2014-03-21,47.7490
2014-03-24,47.5597
2014-03-25,47.8641
2014-03-26,47.3436
2014-03-27,46.9951
2014-03-28,47.3391
2014-03-31,48.1508
2014-04-01,48.7551
2014-04-02,49.0241
2014-04-03,48.8786
2014-04-04,47.7053
2014-04-07,47.0216
2014-04-08,46.7657
2014-04-09,47.5906
2014-04-10,46.4305
2014-04-11,45.9188
2014-04-14,46.2408
2014-04-15,46.7922
2014-04-16,47.4847
2014-04-17,48.0317
2014-04-21,48.0934
2014-04-22,47.9302
2014-04-23,48.4198
2014-04-24,47.9214
2014-04-25,47.2774
2014-04-28,47.0657
2014-04-29,47.6611
2014-04-30,47.9391
2014-05-01,47.7935
2014-05-02,48.1199
2014-05-05,48.6713
2014-05-06,48.0714
2014-05-07,48.4419
2014-05-08,48.2655
2014-05-09,48.3493
2014-05-12,49.0727
2014-05-13,49.0727
2014-05-14,48.3978
2014-05-15,47.6435
2014-05-16,47.5200
2014-05-19,47.6656
2014-05-20,46.9201
2014-05-21,47.1627
2014-05-22,47.4141
2014-05-23,47.8376
2014-05-27,48.1993
2014-05-28,48.0802
2014-05-29,48.3757
2014-05-30,48.4860
2014-06-02,48.7286
2014-06-03,48.6889
2014-06-04,48.8345
2014-06-05,49.5932
2014-06-06,49.9549
2014-06-09,50.3695
2014-06-10,50.0299
2014-06-11,49.4520
2014-06-12,48.8389
2014-06-13,48.9580
2014-06-16,49.0286
2014-06-17,48.9580
2014-06-18,49.0506
2014-06-19,49.0330
2014-06-20,49.1344
2014-06-23,48.7374
2014-06-24,48.0882
2014-06-25,48.0793
2014-06-26,47.9550
2014-06-27,48.1636
2014-06-30,47.8574
2014-07-01,48.3056
2014-07-02,47.8707
2014-07-03,48.1326
2014-07-07,47.8396
2014-07-08,47.2361
2014-07-09,47.4003
2014-07-10,47.2982
2014-07-11,47.5290
2014-07-14,47.9550
2014-07-15,47.8885
2014-07-16,47.7820
2014-07-17,47.1740
2014-07-18,47.7731
2014-07-21,48.0216
2014-07-22,48.1326
2014-07-23,47.6355
2014-07-24,47.2139
2014-07-25,46.7657
2014-07-28,46.7391
2014-07-29,46.3486
2014-07-30,46.4817
2014-07-31,45.5586
2014-08-01,45.8560
2014-08-04,45.8249
2014-08-05,45.8471
2014-08-06,45.3589
2014-08-07,45.4077
2014-08-08,46.1444
2014-08-11,46.3929
2014-08-12,46.0779
2014-08-13,46.7701
2014-08-14,46.9210
2014-08-15,46.9077
2014-08-18,47.6133
2014-08-19,47.8086
2014-08-20,48.1769
2014-08-21,48.3411
2014-08-22,48.2701
2014-08-25,48.5053
2014-08-26,48.5630
2014-08-27,48.3456
2014-08-28,48.1548
2014-08-29,48.2258
2014-09-02,48.4077
2014-09-03,48.3944
2014-09-04,48.2435
2014-09-05,48.4077
2014-09-08,48.5364
2014-09-09,48.4876
2014-09-10,48.8337
2014-09-11,48.8426
2014-09-12,48.6917
2014-09-15,48.6651
2014-09-16,48.8692
2014-09-17,48.9047
2014-09-18,49.2420
2014-09-19,49.1444
2014-09-22,48.4299
2014-09-23,47.9107
2014-09-24,48.0672
2014-09-25,47.5379
2014-09-26,48.2051
2014-09-29,48.0183
2014-09-30,47.8537
2014-10-01,46.8618
2014-10-02,46.6038
2014-10-03,47.2354
2014-10-06,47.0264
2014-10-07,45.9721
2014-10-08,46.6794
2014-10-09,45.7408
2014-10-10,45.5673
2014-10-13,44.8957
2014-10-14,45.5985
2014-10-15,45.4206
2014-10-16,45.5362
2014-10-17,46.3414
2014-10-20,46.3591
2014-10-21,47.0842
2014-10-22,46.5949
2014-10-23,47.3466
2014-10-24,47.6980
2014-10-27,47.7648
2014-10-28,48.8056
2014-10-29,48.6144
2014-10-30,48.9524
2014-10-31,49.4640
2014-11-03,49.4506
2014-11-04,49.4373
2014-11-05,49.3706
2014-11-06,49.5930
2014-11-07,49.3928
2014-11-10,49.5129
2014-11-11,49.4195
2014-11-12,49.5974
2014-11-13,49.7353
2014-11-14,49.6464
2014-11-17,49.4195
2014-11-18,50.0200
2014-11-19,49.9844
2014-11-20,50.0912
2014-11-21,50.2736
2014-11-24,50.6027
2014-11-25,50.8385
2014-11-26,50.8385
2014-11-28,50.7762
2014-12-01,50.2558
2014-12-02,50.4293
2014-12-03,50.8029
2014-12-04,50.5671
2014-12-05,50.9986
2014-12-08,50.6027
2014-12-09,50.9541
2014-12-10,49.6864
2014-12-11,49.6642
2014-12-12,48.5921
2014-12-15,48.4098
2014-12-16,49.0014
2014-12-17,49.3839
2014-12-18,50.5004
2014-12-19,50.6650
2014-12-22,51.3144
2014-12-23,51.5991
2014-12-24,51.7921
2014-12-26,51.9571
2014-12-29,52.0017
2014-12-30,51.7699
2014-12-31,51.1279
2015-01-02,51.0343
2015-01-05,50.2764
2015-01-06,49.9555
2015-01-07,50.3968
2015-01-08,51.3865
2015-01-09,51.0477
2015-01-12,50.6554
2015-01-13,50.7757
2015-01-14,50.6242
2015-01-15,50.4102
2015-01-16,50.5707
2015-01-20,50.8292
2015-01-21,50.9630
2015-01-22,51.9705
2015-01-23,52.0774
2015-01-26,51.9437
2015-01-27,51.3642
2015-01-28,51.2527
2015-01-29,51.7832
2015-01-30,51.0031
2015-02-02,51.7520
2015-02-03,52.6035
2015-02-04,52.3717
2015-02-05,52.7863
2015-02-06,53.2722
2015-02-09,52.8843
2015-02-10,53.1830
2015-02-11,53.1340
2015-02-12,53.6021
2015-02-13,53.9721
2015-02-17,53.8740
2015-02-18,54.3153
2015-02-19,55.0018
2015-02-20,55.6572
2015-02-23,55.5234
2015-02-24,55.6349
2015-02-25,55.2248
2015-02-26,55.0152
2015-02-27,54.9796
2015-03-02,55.7062
2015-03-03,55.2337
2015-03-04,55.0018
2015-03-05,55.0865
2015-03-06,54.4535
2015-03-09,54.9484
2015-03-10,54.0746
2015-03-11,54.2485
2015-03-12,54.9261
2015-03-13,54.4580
2015-03-16,55.1133
2015-03-17,55.1133
2015-03-18,55.6616
2015-03-19,55.4164
2015-03-20,55.7864
2015-03-23,55.5858
2015-03-24,55.6037
2015-03-25,54.5325
2015-03-26,54.6624
2015-03-27,55.1771
2015-03-30,55.8798
2015-03-31,55.4054
2015-04-01,55.1547
2015-04-02,55.2621
2015-04-06,55.7724
2015-04-07,55.6292
2015-04-08,56.0052
2015-04-09,56.0231
2015-04-10,56.1350
2015-04-13,55.7814
2015-04-14,55.7098
2015-04-15,55.7993
2015-04-16,55.7187
2015-04-17,54.7922
2015-04-20,55.4770
2015-04-21,55.5352
2015-04-22,55.5128
2015-04-23,55.5128
2015-04-24,55.1144
2015-04-27,54.9712
2015-04-28,55.0697
2015-04-29,54.7205
2015-04-30,53.7582
2015-05-01,54.2327
2015-05-04,54.3624
2015-05-05,53.7045
2015-05-06,53.7313
2015-05-07,53.7403
2015-05-08,54.4967
2015-05-11,54.6176
2015-05-12,54.5504
2015-05-13,54.6758
2015-05-14,55.4054
2015-05-15,55.3606
2015-05-18,55.5352
2015-05-19,55.5934
2015-05-20,55.5531
2015-05-21,55.7590
2015-05-22,55.3382
2015-05-26,54.6937
2015-05-27,54.9757
2015-05-28,54.8638
2015-05-29,54.4117
2015-06-01,54.4699
2015-06-02,54.5907
2015-06-03,54.9936
2015-06-04,54.0536
2015-06-05,54.0894
2015-06-08,53.8477
2015-06-09,53.7179
2015-06-10,54.4609
2015-06-11,54.8011
2015-06-12,54.6041
2015-06-15,54.2371
2015-06-16,54.5370
2015-06-17,54.6847
2015-06-18,55.2711
2015-06-19,55.0786
2015-06-22,55.2577
2015-06-23,55.2621
2015-06-24,54.7468
2015-06-25,54.5181
2015-06-26,54.5091
2015-06-29,53.4238
2015-06-30,53.4328
2015-07-01,53.8588
2015-07-02,53.4462
2015-07-06,53.3700
2015-07-07,53.6301
2015-07-08,52.9977
2015-07-09,53.2220
2015-07-10,53.8230
2015-07-13,54.3836
2015-07-14,54.7379
2015-07-15,54.4463
2015-07-16,54.8634
2015-07-17,54.6706
2015-07-20,54.6616
2015-07-21,53.4687
2015-07-22,52.9708
2015-07-23,52.9933
2015-07-24,52.2129
2015-07-27,51.6343
2015-07-28,52.2981
2015-07-29,53.2534
2015-07-30,52.9888
2015-07-31,52.9394
2015-08-03,52.6345
2015-08-04,52.7152
2015-08-05,53.0740
2015-08-06,53.1457
2015-08-07,52.8766
2015-08-10,54.2983
2015-08-11,53.7512
2015-08-12,53.5359
2015-08-13,53.8588
2015-08-14,54.2176
2015-08-17,54.4284
2015-08-18,54.2490
2015-08-19,53.8812
2015-08-20,52.5178
2015-08-21,51.2935
2015-08-24,49.6251
2015-08-25,49.1497
2015-08-26,50.3472
2015-08-27,51.2307
2015-08-28,51.3742
2015-08-31,50.8943
2015-09-01,49.5937
2015-09-02,50.7239
2015-09-03,50.9302
2015-09-04,50.2306
2015-09-08,51.4684
2015-09-09,51.1365
2015-09-10,51.1455
2015-09-11,51.2845
2015-09-14,51.0064
2015-09-15,51.4908
2015-09-16,51.6702
2015-09-17,51.5536
2015-09-18,50.5400
2015-09-21,50.7553
2015-09-22,49.8987
2015-09-23,49.3560
2015-09-24,49.2080
2015-09-25,49.1289
2015-09-28,48.2164
2015-09-29,48.3827
2015-09-30,49.0075
2015-10-01,48.8277
2015-10-02,49.2233
2015-10-05,50.3067
2015-10-06,50.2707
2015-10-07,50.9989
2015-10-08,51.6103
2015-10-09,51.8800
2015-10-12,51.8845
2015-10-13,51.3585
2015-10-14,50.3112
2015-10-15,50.8281
2015-10-16,50.6978
2015-10-19,50.6708
2015-10-20,50.7787
2015-10-21,50.9450
2015-10-22,52.2127
2015-10-23,52.4329
2015-10-26,52.2711
2015-10-27,52.3745
2015-10-28,53.3859
2015-10-29,53.4444
2015-10-30,53.1522
2015-11-02,53.7905
2015-11-03,53.6511
2015-11-04,53.5298
2015-11-05,53.7186
2015-11-06,53.6017
2015-11-09,52.9229
2015-11-10,52.8869
2015-11-11,52.7116
2015-11-12,51.8935
2015-11-13,51.5339
2015-11-16,52.7746
2015-11-17,52.7925
2015-11-18,53.2466
2015-11-19,53.6062
2015-11-20,54.0692
2015-11-23,54.0602
2015-11-24,54.3120
2015-11-25,54.2265
2015-11-27,54.2445
2015-11-30,53.9209
2015-12-01,54.2131
2015-12-02,53.7815
2015-12-03,53.1612
2015-12-04,53.9209
2015-12-07,53.8579
2015-12-08,53.2690
2015-12-09,52.8195
2015-12-10,53.2646
2015-12-11,52.4599
2015-12-14,52.2846
2015-12-15,52.4464
2015-12-16,53.1881
2015-12-17,52.5633
2015-12-18,51.7631
2015-12-21,52.4779
2015-12-22,52.9948
2015-12-23,53.4084
2015-12-24,53.4107
2015-12-28,53.2170
2015-12-29,53.9466
2015-12-30,53.6539
2015-12-31,53.2440
2016-01-04,52.5910
2016-01-05,53.2440
2016-01-06,52.6405
2016-01-07,51.3749
2016-01-08,50.6498
2016-01-11,50.8390
2016-01-12,51.2533
2016-01-13,49.8571
2016-01-14,50.0418
2016-01-15,49.1140
2016-01-19,48.7987
2016-01-20,48.4204
2016-01-21,48.2268
2016-01-22,48.9969
2016-01-25,48.4385
2016-01-26,49.2717
2016-01-27,48.0376
2016-01-28,48.1817
2016-01-29,49.2807
2016-02-01,49.1050
2016-02-02,48.0016
2016-02-03,48.7852
2016-02-04,49.1005
2016-02-05,48.4024
2016-02-08,48.0421
2016-02-09,47.7584
2016-02-10,47.8620
2016-02-11,46.4973
2016-02-12,46.8936
2016-02-16,47.8800
2016-02-17,48.6772
2016-02-18,48.9204
2016-02-19,48.7852
2016-02-22,49.5914
2016-02-23,49.6049
2016-02-24,49.5779
2016-02-25,50.3976
2016-02-26,50.6228
2016-02-29,50.5192
2016-03-01,50.9200
2016-03-02,51.1317
2016-03-03,51.3164
2016-03-04,51.6407
2016-03-07,51.4875
2016-03-08,50.9786
2016-03-09,51.2218
2016-03-10,50.8660
2016-03-11,51.6362
2016-03-14,51.5010
2016-03-15,51.3389
2016-03-16,51.9019
2016-03-17,52.7216
2016-03-18,53.3521
2016-03-21,53.4287
2016-03-22,53.2800
2016-03-23,52.9671
2016-03-24,52.5290
2016-03-28,52.3845
2016-03-29,53.0484
2016-03-30,53.1026
2016-03-31,52.7865
2016-04-01,52.9626
2016-04-04,52.5381
2016-04-05,52.5697
2016-04-06,53.0348
2016-04-07,52.8768
2016-04-08,52.9761
2016-04-11,52.9265
2016-04-12,53.3193
2016-04-13,54.0509
2016-04-14,53.9515
2016-04-15,53.9967
2016-04-18,54.3083
2016-04-19,54.3490
2016-04-20,54.3986
2016-04-21,54.2135
2016-04-22,54.5206
2016-04-25,54.0283
2016-04-26,54.9496
2016-04-27,55.7715
2016-04-28,55.3154
2016-04-29,55.0354
2016-05-02,55.3876
2016-05-03,54.9992
2016-05-04,54.5748
2016-05-05,54.8818
2016-05-06,55.2747
2016-05-09,55.2386
2016-05-10,56.4037
2016-05-11,55.8618
2016-05-12,56.0876
2016-05-13,55.4599
2016-05-16,56.1237
2016-05-17,55.7173
2016-05-18,55.6721
2016-05-19,55.1664
2016-05-20,55.6992
2016-05-23,55.2837
2016-05-24,55.8708
2016-05-25,56.0786
2016-05-26,56.2366
2016-05-27,56.3314
2016-05-31,56.0108
2016-06-01,56.3044
2016-06-02,56.4940
2016-06-03,56.4443
2016-06-06,56.9772
2016-06-07,57.1714
2016-06-08,57.4559
2016-06-09,57.5191
2016-06-10,56.8508
2016-06-13,56.1327
2016-06-14,56.1056
2016-06-15,56.1327
2016-06-16,56.0424
2016-06-17,56.0244
2016-06-20,56.5437
2016-06-21,56.4097
2016-06-22,56.3327
2016-06-23,56.8805
2016-06-24,55.1058
2016-06-27,53.8744
2016-06-28,54.3724
2016-06-29,55.2869
2016-06-30,56.5591
2016-07-01,56.6677
2016-07-05,55.8619
2016-07-06,56.1924
2016-07-07,56.1245
2016-07-08,57.2563
2016-07-11,57.6728
2016-07-12,57.7950
2016-07-13,57.7226
2016-07-14,57.8448
2016-07-15,57.9897
2016-07-18,57.9082
2016-07-19,58.1572
2016-07-20,58.4243
2016-07-21,57.9580
2016-07-22,58.0757
2016-07-25,57.8991
2016-07-26,58.5420
2016-07-27,58.7956
2016-07-28,58.3926
2016-07-29,58.6326
2016-08-01,58.8861
2016-08-02,58.4651
2016-08-03,58.7910
2016-08-04,58.7775
2016-08-05,59.3252
2016-08-08,59.1260
2016-08-09,59.3479
2016-08-10,59.0763
2016-08-11,59.4611
2016-08-12,59.4294
2016-08-15,60.0904
2016-08-16,59.4158
2016-08-17,59.5426
2016-08-18,59.9002
2016-08-19,59.8911
2016-08-22,59.9319
2016-08-23,59.7825
2016-08-24,59.6467
2016-08-25,59.6467
2016-08-26,59.3524
2016-08-29,59.7055
2016-08-30,59.4158
2016-08-31,58.9495
2016-09-01,59.1939
2016-09-02,59.6240
2016-09-06,59.5607
2016-09-07,59.4520
2016-09-08,59.3207
2016-09-09,57.8494
2016-09-12,58.4107
2016-09-13,57.5641
2016-09-14,57.2065
2016-09-15,57.7724
2016-09-16,57.0752
2016-09-19,57.4147
2016-09-20,57.2065
2016-09-21,58.0440
2016-09-22,58.7684
2016-09-23,58.6054
2016-09-26,58.4411
2016-09-27,58.7679
2016-09-28,59.1084
2016-09-29,58.3230
2016-09-30,58.5909
2016-10-03,58.6317
2016-10-04,58.2867
2016-10-05,58.6635
2016-10-06,58.6544
2016-10-07,57.9326
2016-10-10,58.1732
2016-10-11,57.2789
2016-10-12,57.3606
2016-10-13,57.2698
2016-10-14,57.2789
2016-10-17,57.4014
2016-10-18,57.8509
2016-10-19,57.8146
2016-10-20,57.6875
2016-10-21,57.4923
2016-10-24,58.0733
2016-10-25,58.7225
2016-10-26,59.3581
2016-10-27,58.7180
2016-10-28,59.0585
2016-10-31,59.1402
2016-11-01,58.8587
2016-11-02,58.3321
2016-11-03,57.9598
2016-11-04,58.0279
2016-11-07,59.0857
2016-11-08,59.1311
2016-11-09,61.6825
2016-11-10,62.7176
2016-11-11,64.0886
2016-11-14,64.2793
2016-11-15,63.8752
2016-11-16,63.6255
2016-11-17,63.6664
2016-11-18,63.5892
2016-11-21,63.8162
2016-11-22,64.6334
2016-11-23,65.0102
2016-11-25,65.4097
2016-11-28,65.2508
2016-11-29,65.4460
2016-11-30,65.0601
2016-12-01,65.3189
2016-12-02,65.3688
2016-12-05,65.5459
2016-12-06,65.8001
2016-12-07,66.3812
2016-12-08,65.7502
2016-12-09,65.8864
2016-12-12,65.1328
2016-12-13,64.8513
2016-12-14,64.2475
2016-12-15,64.4427
2016-12-16,64.3338
2016-12-19,64.8150
2016-12-20,65.1010
2016-12-21,64.7957
2016-12-22,64.7911
2016-12-23,64.8048
2016-12-27,64.9734
2016-12-28,64.3492
2016-12-29,64.4175
2016-12-30,64.0257
2017-01-03,64.8777
2017-01-04,65.3197
2017-01-05,65.2650
2017-01-06,65.4564
2017-01-09,64.9278
2017-01-10,65.0372
2017-01-11,64.9825
2017-01-12,64.6362
2017-01-13,64.9005
2017-01-17,64.1168
2017-01-18,64.4175
2017-01-19,64.9552
2017-01-20,64.6955
2017-01-23,64.3583
2017-01-24,64.9370
2017-01-25,65.0691
2017-01-26,65.1602
2017-01-27,65.3197
2017-01-30,64.8185
2017-01-31,64.8777
2017-02-01,64.8777
2017-02-02,64.8959
2017-02-03,65.8118
2017-02-06,66.0533
2017-02-07,66.2993
2017-02-08,66.0077
2017-02-09,66.4178
2017-02-10,67.2652
2017-02-13,67.7072
2017-02-14,67.6525
2017-02-15,67.9305
2017-02-16,68.1902
2017-02-17,68.5046
2017-02-21,68.8964
2017-02-22,68.8736
2017-02-23,68.4545
2017-02-24,68.5820
2017-02-27,69.4431
2017-02-28,69.1516
2017-03-01,70.1494
2017-03-02,69.4340
2017-03-03,69.1880
2017-03-06,69.0012
2017-03-07,68.9146
2017-03-08,68.7050
2017-03-09,68.5365
2017-03-10,68.5228
2017-03-13,68.7962
2017-03-14,68.4271
2017-03-15,68.9420
2017-03-16,68.7324
2017-03-17,69.4933
2017-03-20,69.2336
2017-03-21,67.8166
2017-03-22,67.7938
2017-03-23,67.8257
2017-03-24,67.2202
2017-03-27,67.1152
2017-03-28,67.8458
2017-03-29,67.7636
2017-03-30,68.1882
2017-03-31,67.9051
2017-04-03,67.6540
2017-04-04,67.9188
2017-04-05,67.3024
2017-04-06,67.7636
2017-04-07,68.2978
2017-04-10,68.3663
2017-04-11,68.8275
2017-04-12,67.8321
2017-04-13,67.4439
2017-04-17,68.3206
2017-04-18,68.1882
2017-04-19,68.2430
2017-04-20,68.7589
2017-04-21,69.1151
2017-04-24,70.0329
2017-04-25,70.1881
2017-04-26,70.3388
2017-04-27,70.4758
2017-04-28,70.2064
2017-05-01,69.9142
2017-05-02,70.0740
2017-05-03,69.8228
2017-05-04,69.8959
2017-05-05,70.5260
2017-05-08,70.4210
2017-05-09,70.4575
2017-05-10,70.1790
2017-05-11,70.1470
2017-05-12,69.8046
2017-05-15,70.1972
2017-05-16,70.2566
2017-05-17,68.9553
2017-05-18,68.8685
2017-05-19,69.9278
2017-05-22,70.5351
2017-05-23,70.8045
2017-05-24,71.2657
2017-05-25,71.9460
2017-05-26,71.9460
2017-05-30,71.6447
2017-05-31,72.0556
2017-06-01,72.3615
2017-06-02,72.8318
2017-06-05,72.1652
2017-06-06,71.5442
2017-06-07,71.4529
2017-06-08,72.0464
2017-06-09,72.1652
2017-06-12,71.8730
2017-06-13,72.2930
2017-06-14,72.3524
2017-06-15,72.5030
2017-06-16,72.3250
2017-06-19,72.8774
2017-06-20,72.2976
2017-06-21,72.0145
2017-06-22,71.6903
2017-06-23,71.9917
2017-06-26,71.5898
2017-06-27,71.1582
2017-06-28,72.1835
2017-06-29,71.5427
2017-06-30,72.0187
2017-07-03,72.4764
2017-07-05,73.2042
2017-07-06,72.6274
2017-07-07,73.4284
2017-07-10,73.5932
2017-07-11,73.9731
2017-07-12,74.3347
2017-07-13,74.2157
2017-07-14,74.6184
2017-07-17,74.6596
2017-07-18,74.3438
2017-07-19,74.9388
2017-07-20,74.8381
2017-07-21,75.0716
2017-07-24,75.2180
2017-07-25,75.2638
2017-07-26,75.2729
2017-07-27,75.1402
2017-07-28,75.8268
2017-07-31,75.4743
2017-08-01,75.8451
2017-08-02,76.2478
2017-08-03,76.8062
2017-08-04,76.8749
2017-08-07,77.1449
2017-08-08,77.0534
2017-08-09,77.0992
2017-08-10,76.4126
2017-08-11,76.5728
2017-08-14,77.2914
2017-08-15,77.0122
2017-08-16,76.9664
2017-08-17,75.8680
2017-08-18,75.7993
2017-08-21,75.8496
2017-08-22,76.7239
2017-08-23,76.4630
2017-08-24,76.4813
2017-08-25,76.4264
2017-08-28,76.2799
2017-08-29,77.3783
2017-08-30,77.8086
2017-08-31,78.2480
2017-09-01,78.0374
2017-09-05,77.3555
2017-09-06,76.7880
2017-09-07,76.8932
2017-09-08,76.9207
2017-09-11,77.8040
2017-09-12,77.6438
2017-09-13,77.4058
2017-09-14,77.8086
2017-09-15,78.2800
2017-09-18,79.6440
2017-09-19,80.2756
2017-09-20,80.7790
2017-09-21,81.2413
2017-09-22,81.4015
2017-09-25,81.0445
2017-09-26,81.4296
2017-09-27,82.1511
2017-09-28,81.5583
2017-09-29,81.8156
2017-10-02,82.9001
2017-10-03,82.9093
2017-10-04,83.1666
2017-10-05,83.6767
2017-10-06,83.6446
2017-10-09,83.8008
2017-10-10,83.7686
2017-10-11,83.5481
2017-10-12,84.0673
2017-10-13,83.6859
2017-10-16,83.6583
2017-10-17,83.3643
2017-10-18,83.4975
2017-10-19,83.4975
2017-10-20,84.5544
2017-10-23,83.9616
2017-10-24,84.0673
2017-10-25,83.8192
2017-10-26,83.1069
2017-10-27,83.0104
2017-10-30,82.9369
2017-10-31,82.9323
2017-11-01,82.8174
2017-11-02,84.2741
2017-11-03,83.7135
2017-11-06,83.8422
2017-11-07,83.7733
2017-11-08,84.0397
2017-11-09,82.7944
2017-11-10,82.3579
2017-11-13,81.9351
2017-11-14,82.0546
2017-11-15,81.6088
2017-11-16,82.2705
2017-11-17,81.8064
2017-11-20,82.4865
2017-11-21,83.3964
2017-11-22,83.0150
2017-11-24,83.2356
2017-11-27,83.2861
2017-11-28,84.3201
2017-11-29,84.3477
2017-11-30,85.4000
2017-12-01,84.1730
2017-12-04,84.1317
2017-12-05,83.4561
2017-12-06,84.1684
2017-12-07,84.8164
2017-12-08,84.9451
2017-12-11,84.3752
2017-12-12,84.6785
2017-12-13,85.1564
2017-12-14,84.9404
2017-12-15,86.3145
2017-12-18,86.5718
2017-12-19,86.3605
2017-12-20,86.5263
2017-12-21,86.5815
2017-12-22,86.4756
2017-12-26,86.5354
2017-12-27,86.7472
2017-12-28,87.1016
2017-12-29,86.5907
2018-01-02,86.7380
2018-01-03,86.8669
2018-01-04,87.4745
2018-01-05,88.2617
2018-01-08,88.7956
2018-01-09,89.3664
2018-01-10,89.2421
2018-01-11,90.1167
2018-01-12,91.5023
2018-01-16,90.5264
2018-01-17,91.5989
2018-01-18,90.8624
2018-01-19,91.5161
2018-01-22,91.1432
2018-01-23,90.8440
2018-01-24,91.3319
2018-01-25,92.6991
2018-01-26,93.9097
2018-01-29,94.0202
2018-01-30,93.3159
2018-01-31,93.5599
2018-02-01,94.0939
2018-02-02,92.1744
2018-02-05,87.3870
2018-02-06,88.3629
2018-02-07,89.5690
2018-02-08,86.7012
2018-02-09,88.0177
2018-02-12,89.2789
2018-02-13,89.6242
2018-02-14,91.0834
2018-02-15,93.2607
2018-02-16,93.3390
2018-02-20,92.5610
2018-02-21,92.5748
2018-02-22,92.9155
2018-02-23,93.4909
2018-02-26,94.5036
2018-02-27,93.3804
2018-02-28,93.3850
2018-03-01,91.5115
2018-03-02,91.8751
2018-03-05,92.6071
2018-03-06,92.4505
2018-03-07,92.7313
2018-03-08,93.0904
2018-03-09,94.4069
2018-03-12,92.7728
2018-03-13,92.5150
2018-03-14,91.4655
2018-03-15,91.4240
2018-03-16,91.2169
2018-03-19,91.4608
2018-03-20,92.0915
2018-03-21,92.2894
2018-03-22,89.5347
2018-03-23,89.8207
2018-03-26,92.1732
2018-03-27,90.7155
2018-03-28,89.9959
2018-03-29,91.3152
2018-04-02,89.9360
2018-04-03,91.0661
2018-04-04,91.6151
2018-04-05,92.9758
2018-04-06,90.7017
2018-04-09,90.4526
2018-04-10,91.2691
2018-04-11,91.3337
2018-04-12,92.4177
2018-04-13,92.0625
2018-04-16,93.0312
2018-04-17,93.9445
2018-04-18,94.7517
2018-04-19,94.9409
2018-04-20,94.4104
2018-04-23,94.5073
2018-04-24,92.3392
2018-04-25,91.4490
2018-04-26,91.3982
2018-04-27,90.0790
2018-04-30,88.7274
2018-05-01,87.0714
2018-05-02,86.5917
2018-05-03,86.7070
2018-05-04,87.7357
2018-05-07,88.9165
2018-05-08,90.2773
2018-05-09,91.1815
2018-05-10,91.3567
2018-05-11,91.5505
2018-05-14,91.0431
2018-05-15,90.5725
2018-05-16,90.5910
2018-05-17,91.2276
2018-05-18,91.8411
2018-05-21,93.2203
2018-05-22,92.0071
2018-05-23,92.6391
2018-05-24,93.2710
2018-05-25,92.8282
2018-05-29,91.7672
2018-05-30,92.9712
2018-05-31,91.8365
2018-06-01,92.7452
2018-06-04,93.0819
2018-06-05,93.0911
2018-06-06,93.9952
2018-06-07,93.9122
2018-06-08,94.5626
2018-06-11,94.2029
2018-06-12,93.3079
2018-06-13,92.8144
2018-06-14,92.1409
2018-06-15,91.7119
2018-06-18,91.7949
2018-06-19,89.6684
2018-06-20,90.0467
2018-06-21,89.1103
2018-06-22,89.3686
2018-06-25,88.5152
2018-06-26,88.9008
2018-06-27,88.2628
2018-06-28,88.7205
2018-06-29,88.9840
2018-07-02,89.1921
2018-07-03,89.2383
2018-07-05,89.3354
2018-07-06,89.5203
2018-07-09,91.0414
2018-07-10,91.3696
2018-07-11,90.0844
2018-07-12,91.6008
2018-07-13,92.4838
2018-07-16,92.7474
2018-07-17,93.3345
2018-07-18,93.9494
2018-07-19,93.6998
2018-07-20,93.8015
2018-07-23,92.8583
2018-07-24,93.4593
2018-07-25,93.5010
2018-07-26,94.5273
2018-07-27,94.1297
2018-07-30,92.7890
2018-07-31,95.1653
2018-08-01,94.6152
2018-08-02,94.5319
2018-08-03,94.2130
2018-08-06,94.0557
2018-08-07,94.4626
2018-08-08,94.3378
2018-08-09,94.1713
2018-08-10,93.7922
2018-08-13,93.6767
2018-08-14,94.4210
2018-08-15,93.2375
2018-08-16,94.5227
2018-08-17,95.0313
2018-08-20,95.6092
2018-08-21,96.2611
2018-08-22,95.5444
2018-08-23,94.9712
2018-08-24,95.5676
2018-08-27,96.3350
2018-08-28,96.5523
2018-08-29,96.4830
2018-08-30,95.5907
2018-08-31,95.9189
2018-09-04,95.9744
2018-09-05,96.2148
2018-09-06,97.2504
2018-09-07,96.8482
2018-09-10,96.9176
2018-09-11,96.9314
2018-09-12,97.3336
2018-09-13,98.0040
2018-09-14,99.4141
2018-09-17,99.4049
2018-09-18,100.6069
2018-09-19,99.7978
2018-09-20,98.9980
2018-09-21,99.8302
2018-09-24,98.7992
2018-09-25,99.8025
2018-09-26,99.4214
2018-09-27,99.8716
2018-09-28,100.4658
2018-10-01,100.8047
2018-10-02,100.7304
2018-10-03,101.0228
2018-10-04,100.5726
2018-10-05,99.8484
2018-10-08,99.9923
2018-10-09,98.6647
2018-10-10,95.5128
2018-10-11,92.9180
2018-10-12,93.3125
2018-10-15,94.6402
2018-10-16,96.7290
2018-10-17,95.8146
2018-10-18,94.2595
2018-10-19,93.7443
2018-10-22,93.6375
2018-10-23,92.9923
2018-10-24,89.8079
2018-10-25,89.6733
2018-10-26,89.1719
2018-10-29,85.7972
2018-10-30,87.7654
2018-10-31,88.9955
2018-11-01,91.1076
2018-11-02,91.0008
2018-11-05,91.5579
2018-11-06,92.6581
2018-11-07,93.4611
2018-11-08,93.1919
2018-11-09,93.2801
2018-11-12,90.7502
2018-11-13,90.3928
2018-11-14,89.6500
2018-11-15,90.6574
2018-11-16,90.2953
2018-11-19,87.8954
2018-11-20,86.4053
2018-11-21,86.8510
2018-11-23,87.4498
2018-11-26,87.9697
2018-11-27,86.6467
2018-11-28,88.5685
2018-11-29,88.7124
2018-11-30,89.1301
2018-12-03,89.7986
2018-12-04,86.2289
2018-12-06,85.7879
2018-12-07,84.5532
2018-12-10,85.7740
2018-12-11,85.3841
2018-12-12,86.3868
2018-12-13,85.7276
2018-12-14,84.9663
2018-12-17,83.3624
2018-12-18,83.8876
2018-12-19,81.9076
2018-12-20,79.6116
2018-12-21,77.6224
2018-12-24,75.3078
2018-12-26,78.1336
2018-12-27,79.3142
2018-12-28,79.4071
2018-12-31,80.3413
2019-01-02,80.6620
2019-01-03,78.2405
2019-01-04,80.7968
2019-01-07,81.4661
2019-01-08,82.8000
2019-01-09,83.2323
2019-01-10,84.3338
2019-01-11,84.4964
2019-01-14,84.4592
2019-01-15,84.6359
2019-01-16,84.4639
2019-01-17,85.7606
2019-01-18,87.0806
2019-01-22,85.0216
2019-01-23,86.1092
2019-01-24,86.8854
2019-01-25,87.6662
2019-01-28,87.5639
2019-01-29,89.2465
2019-01-30,90.4874
2019-01-31,90.3991
2019-02-01,90.5385
2019-02-04,92.4255
2019-02-05,93.4201
2019-02-06,93.5085
2019-02-07,93.0483
2019-02-08,93.3179
2019-02-11,93.6990
2019-02-12,94.8098
2019-02-13,94.9121
2019-02-14,94.7959
2019-02-15,96.7665
2019-02-19,96.6968
2019-02-20,97.1895
2019-02-21,96.3994
2019-02-22,97.3475
2019-02-25,97.3429
2019-02-26,96.6922
2019-02-27,96.9292
2019-02-28,97.1941
2019-03-01,97.2871
2019-03-04,95.7347
2019-03-05,95.2328
2019-03-06,94.3404
2019-03-07,93.6479
2019-03-08,93.4109
2019-03-11,93.1273
2019-03-12,92.1792
2019-03-13,92.7881
2019-03-14,92.1374
2019-03-15,91.9886
2019-03-18,92.6207
2019-03-19,92.4395
2019-03-20,92.0917
2019-03-21,92.7956
2019-03-22,90.5628
2019-03-25,91.2154
2019-03-26,91.3412
2019-03-27,91.3739
2019-03-28,92.0125
2019-03-29,93.0333
2019-04-01,95.1310
2019-04-02,94.5297
2019-04-03,93.3969
2019-04-04,94.7115
2019-04-05,95.2475
2019-04-08,94.3385
2019-04-09,93.1685
2019-04-10,92.8795
2019-04-11,94.0961
2019-04-12,95.5785
2019-04-15,94.8094
2019-04-16,95.5226
2019-04-17,95.0704
2019-04-18,95.8675
2019-04-22,95.5785
2019-04-23,97.4384
2019-04-24,97.0562
2019-04-25,96.9909
2019-04-26,97.3918
2019-04-29,97.5363
2019-04-30,97.7134
2019-05-01,97.9372
2019-05-02,97.4431
2019-05-03,98.4500
2019-05-06,98.1190
2019-05-07,95.7510
2019-05-08,96.5714
2019-05-09,96.6180
2019-05-10,96.9443
2019-05-13,94.1288
2019-05-14,95.0890
2019-05-15,95.1916
2019-05-16,96.6273
2019-05-17,95.8862
2019-05-20,95.9234
2019-05-21,97.4477
2019-05-22,96.9163
2019-05-23,95.3361
2019-05-24,95.7929
2019-05-28,95.4247
2019-05-29,95.2009
2019-05-30,95.2755
2019-05-31,94.1334
2019-06-03,94.6369
2019-06-04,96.5807
2019-06-05,97.9605
2019-06-06,98.2262
2019-06-07,98.8042
2019-06-10,98.1982
2019-06-11,95.9281
2019-06-12,96.2218
2019-06-13,97.0562
2019-06-14,96.6087
2019-06-17,96.7415
2019-06-18,99.0043
2019-06-19,99.1399
2019-06-20,100.9446
2019-06-21,100.2994
2019-06-24,100.6079
2019-06-25,99.8271
2019-06-26,99.7991
2019-06-27,99.2848
2019-06-28,100.1497
2019-07-01,99.2521
2019-07-02,99.9020
2019-07-03,100.2713
2019-07-05,100.3134
2019-07-08,99.3175
2019-07-09,99.8271
2019-07-10,99.7710
2019-07-11,100.5425
2019-07-12,101.8282
2019-07-15,101.1456
2019-07-16,101.3700
2019-07-17,100.5331
2019-07-18,100.0095
2019-07-19,101.4355
2019-07-22,101.3747
2019-07-23,102.0246
2019-07-24,102.3846
2019-07-25,102.1695
2019-07-26,101.6552
2019-07-29,101.1690
2019-07-30,101.3279
2019-07-31,100.6500
2019-08-01,99.1679
2019-08-02,98.7986
2019-08-05,96.5732
2019-08-06,99.0370
2019-08-07,99.5653
2019-08-08,101.7674
2019-08-09,101.1549
2019-08-12,99.7477
2019-08-13,100.1591
2019-08-14,97.5175
2019-08-15,98.4620
2019-08-16,99.5747
2019-08-19,100.6687
2019-08-20,100.6734
2019-08-21,101.5103
2019-08-22,102.6604
2019-08-23,100.6827
2019-08-26,101.7487
2019-08-27,100.9212
2019-08-28,102.0666
2019-08-29,103.4271
2019-08-30,103.7030
2019-09-03,102.5949
2019-09-04,103.6001
2019-09-05,104.3669
2019-09-06,104.8671
2019-09-09,103.5394
2019-09-10,104.1518
2019-09-11,105.5217
2019-09-12,105.8957
2019-09-13,106.3726
2019-09-16,107.4713
2019-09-17,107.7939
2019-09-18,108.0557
2019-09-19,107.5461
2019-09-20,106.0967
2019-09-23,105.8957
2019-09-24,105.8699
2019-09-25,106.7559
2019-09-26,106.7512
2019-09-27,105.5090
2019-09-30,105.3262
2019-10-01,103.0153
2019-10-02,101.4356
2019-10-03,102.1481
2019-10-04,103.2684
2019-10-07,103.1090
2019-10-08,102.2888
2019-10-09,103.0293
2019-10-10,103.4700
2019-10-11,104.2575
2019-10-14,104.1684
2019-10-15,104.3137
2019-10-16,104.4684
2019-10-17,103.8543
2019-10-18,101.2106
2019-10-21,100.6294
2019-10-22,101.4263
2019-10-23,101.6794
2019-10-24,103.2215
2019-10-25,102.3356
2019-10-28,102.6544
2019-10-29,103.1465
2019-10-30,103.7887
2019-10-31,103.1700
2019-11-01,104.8106
2019-11-04,104.5668
2019-11-05,105.2653
2019-11-06,105.5887
2019-11-07,106.2262
2019-11-08,106.3949
2019-11-11,107.4261
2019-11-12,107.6183
2019-11-13,107.7730
2019-11-14,108.5746
2019-11-15,109.5402
2019-11-18,109.3996
2019-11-19,109.0058
2019-11-20,109.1230
2019-11-21,108.1433
2019-11-22,108.3636
2019-11-25,108.5980
2019-11-26,109.1277
2019-11-27,108.9730
2019-11-29,108.5324
2019-12-02,106.1512
2019-12-03,105.8043
2019-12-04,105.9730
2019-12-05,106.0480
2019-12-06,107.1918
2019-12-09,106.4277
2019-12-10,106.1840
2019-12-11,106.8730
2019-12-12,106.9246
2019-12-13,106.6340
2019-12-16,105.8508
2019-12-17,105.1303
2019-12-18,104.4757
2019-12-19,105.1068
2019-12-20,105.4882
2019-12-23,106.6326
2019-12-24,106.0062
2019-12-26,105.9120
2019-12-27,105.6342
2019-12-30,105.3108
2019-12-31,104.8528
2020-01-02,107.3551
2020-01-03,108.5827
2020-01-06,108.7291
2020-01-07,109.2201
2020-01-08,108.4930
2020-01-09,109.3145
2020-01-10,107.9170
2020-01-13,108.7951
2020-01-14,108.7621
2020-01-15,109.0124
2020-01-16,110.2541
2020-01-17,109.6356
2020-01-21,108.7763
2020-01-22,108.0728
2020-01-23,109.1776
2020-01-24,109.4326
2020-01-27,108.6158
2020-01-28,109.5364
2020-01-29,109.5883
2020-01-30,109.6545
2020-01-31,107.5062
2020-02-03,107.3221
2020-02-04,109.1162
2020-02-05,110.9009
2020-02-06,112.1946
2020-02-07,112.0624
2020-02-10,112.7706
2020-02-11,112.7753
2020-02-12,113.2191
2020-02-13,112.6242
2020-02-14,112.4118
2020-02-18,111.5808
2020-02-19,111.4156
2020-02-20,110.7026
2020-02-21,110.4099
2020-02-24,107.0624
2020-02-25,101.7461
2020-02-26,101.0285
2020-02-27,97.0861
2020-02-28,94.8482
2020-03-02,97.8132
2020-03-03,96.2221
2020-03-04,99.7065
2020-03-05,93.3279
2020-03-06,92.0862
2020-03-09,83.2571
2020-03-10,86.5479
2020-03-11,78.6963
2020-03-12,69.9522
2020-03-13,74.3054
2020-03-16,63.3517
2020-03-17,64.7068
2020-03-18,58.2668
2020-03-19,59.2771
2020-03-20,57.0109
2020-03-23,55.4811
2020-03-24,62.3036
2020-03-25,68.6668
2020-03-26,75.5491
2020-03-27,70.7851
2020-03-30,70.0917
2020-03-31,68.3248
2020-04-01,64.8195
2020-04-02,64.5203
2020-04-03,64.5488
2020-04-06,69.7545
2020-04-07,68.8330
2020-04-08,71.6971
2020-04-09,73.8535
2020-04-13,71.5451
2020-04-14,72.7421
2020-04-15,71.2269
2020-04-16,70.1392
2020-04-17,74.8414
2020-04-20,72.5188
2020-04-21,70.0394
2020-04-22,70.7851
2020-04-23,71.0274
2020-04-24,70.6094
2020-04-27,71.7493
2020-04-28,73.1173
2020-04-29,75.6394
2020-04-30,73.9817
2020-05-01,71.4406
2020-05-04,70.0299
2020-05-05,70.0347
2020-05-06,68.6003
2020-05-07,69.3697
2020-05-08,72.0818
2020-05-11,71.0416
2020-05-12,69.3745
2020-05-13,67.3036
2020-05-14,67.0281
2020-05-15,66.8286
2020-05-18,71.9013
2020-05-19,70.8374
2020-05-20,71.2791
2020-05-21,72.8323
2020-05-22,72.6755
2020-05-26,75.6394
2020-05-27,79.4106
2020-05-28,79.0877
2020-05-29,78.1567
2020-06-01,78.9737
2020-06-02,79.1494
2020-06-03,83.3577
2020-06-04,84.7208
2020-06-05,88.7581
2020-06-08,92.0687
2020-06-09,88.9006
2020-06-10,86.0080
2020-06-11,78.7552
2020-06-12,81.2346
2020-06-15,81.9192
2020-06-16,83.4857
2020-06-17,82.3858
2020-06-18,82.0145
2020-06-19,80.2813
2020-06-22,80.8146
2020-06-23,80.0337
2020-06-24,76.5198
2020-06-25,76.7912
2020-06-26,75.3247
2020-06-29,79.6290
2020-06-30,78.4292
2020-07-01,77.7007
2020-07-02,77.8911
2020-07-06,79.2386
2020-07-07,76.3342
2020-07-08,76.4913
2020-07-09,73.6202
2020-07-10,75.2724
2020-07-13,74.7772
2020-07-14,75.9961
2020-07-15,78.6529
2020-07-16,77.8340
2020-07-17,77.9387
2020-07-20,77.0198
2020-07-21,78.5482
2020-07-22,79.6195
2020-07-23,78.8577
2020-07-24,77.7245
2020-07-27,76.6817
2020-07-28,76.9341
2020-07-29,76.3104
2020-07-30,75.4771
2020-07-31,74.6105
2020-08-03,75.6580
2020-08-04,76.2723
2020-08-05,78.9196
2020-08-06,78.4958
2020-08-07,78.9958
2020-08-10,81.5288
2020-08-11,81.9621
2020-08-12,81.3812
2020-08-13,80.9193
2020-08-14,81.7002
2020-08-17,80.2575
2020-08-18,79.3624
2020-08-19,79.3481
2020-08-20,78.7624
2020-08-21,78.1435
2020-08-24,80.6527
2020-08-25,80.0480
2020-08-26,79.3290
2020-08-27,80.0242
2020-08-28,80.6622
2020-08-31,79.5386
2020-09-01,79.6433
2020-09-02,81.1717
2020-09-03,79.4052
2020-09-04,79.3433
2020-09-08,77.2007
2020-09-09,77.3340
2020-09-10,76.2008
2020-09-11,77.6102
2020-09-14,78.9672
2020-09-15,78.4006
2020-09-16,79.8337
2020-09-17,80.0385
2020-09-18,78.8243
2020-09-21,76.0247
2020-09-22,76.7770
2020-09-23,74.7998
2020-09-24,74.1077
2020-09-25,75.6304
2020-09-28,77.2438
2020-09-29,76.3082
2020-09-30,75.6160
2020-10-01,75.9884
2020-10-02,76.7951
2020-10-05,77.4156
2020-10-06,75.9884
2020-10-07,77.6543
2020-10-08,78.9718
2020-10-09,78.4038
2020-10-12,78.6854
2020-10-13,77.6543
2020-10-14,78.0839
2020-10-15,78.4467
2020-10-16,79.0291
2020-10-19,78.4563
2020-10-20,77.9646
2020-10-21,76.7521
2020-10-22,78.2892
2020-10-23,78.6854
2020-10-26,76.5803
2020-10-27,74.1745
2020-10-28,71.3391
2020-10-29,72.2126
2020-10-30,72.0933
2020-11-02,73.9310
2020-11-03,76.2843
2020-11-04,76.2509
2020-11-05,77.1340
2020-11-06,77.0767
2020-11-09,82.4325
2020-11-10,85.1820
2020-11-11,83.6593
2020-11-12,82.6139
2020-11-13,85.3205
2020-11-16,87.7358
2020-11-17,88.3802
2020-11-18,88.1177
2020-11-19,88.5521
2020-11-20,86.9387
2020-11-23,89.2299
2020-11-24,91.4400
2020-11-25,90.8720
2020-11-27,90.3755
2020-11-30,88.2179
2020-12-01,88.8719
2020-12-02,89.7168
2020-12-03,91.2109
2020-12-04,92.2228
2020-12-07,92.1178
2020-12-08,92.5474
2020-12-09,92.0510
2020-12-10,91.7837
2020-12-11,91.8696
2020-12-14,90.5140
2020-12-15,91.3176
2020-12-16,90.2174
2020-12-17,89.7773
2020-12-18,90.1217
2020-12-21,89.4425
2020-12-22,89.1555
2020-12-23,90.7053
2020-12-24,90.1122
2020-12-28,90.2557
2020-12-29,89.8156
2020-12-30,90.6575
2020-12-31,90.6192
2021-01-04,86.8881
2021-01-05,88.8684
2021-01-06,89.7773
2021-01-07,89.6051
2021-01-08,89.2798
2021-01-11,89.3277
2021-01-12,90.8488
2021-01-13,90.5235
2021-01-14,92.0830
2021-01-15,90.2174
2021-01-19,91.1263
2021-01-20,91.2028
2021-01-21,89.8060
2021-01-22,89.8825
2021-01-25,89.2607
2021-01-26,88.2370
2021-01-27,86.0557
2021-01-28,86.8785
2021-01-29,85.2234
2021-02-01,86.6872
2021-02-02,89.0885
2021-02-03,90.4087
2021-02-04,92.1882
2021-02-05,91.8342
2021-02-08,93.1832
2021-02-09,93.9772
2021-02-10,93.3937
2021-02-11,93.9390
2021-02-12,93.6711
2021-02-16,93.4224
2021-02-17,93.8529
2021-02-18,92.6092
2021-02-19,94.7235
2021-02-22,93.7476
2021-02-23,93.8433
2021-02-24,96.8856
2021-02-25,93.1640
2021-02-26,91.4707
2021-03-01,94.5321
2021-03-02,94.1973
2021-03-03,94.5034
2021-03-04,92.7240
2021-03-05,93.8050
2021-03-08,94.1399
2021-03-09,94.3025
2021-03-10,96.8856
2021-03-11,98.2633
2021-03-12,100.9899
2021-03-15,101.4682
2021-03-16,99.3826
2021-03-17,101.2291
2021-03-18,99.6314
2021-03-19,99.4687
2021-03-22,98.6555
2021-03-23,96.0246
2021-03-24,95.9098
2021-03-25,98.1603
2021-03-26,98.5058
2021-03-29,99.0241
2021-03-30,99.6575
2021-03-31,99.9166
2021-04-01,100.2333
2021-04-05,101.7785
2021-04-06,101.2410
2021-04-07,100.7612
2021-04-08,101.5385
2021-04-09,101.5290
2021-04-12,101.7881
2021-04-13,101.4522
2021-04-14,101.8265
2021-04-15,101.6441
2021-04-16,101.7113
2021-04-19,101.0203
2021-04-20,99.0241
2021-04-21,100.3485
2021-04-22,99.9934
2021-04-23,101.2314
2021-04-26,101.7209
2021-04-27,102.1912
2021-04-28,101.7113
2021-04-29,102.3927
2021-04-30,102.1528
2021-05-03,102.6422
2021-05-04,102.0280
2021-05-05,101.0107
2021-05-06,101.7113
2021-05-07,103.2852
2021-05-10,102.2680
2021-05-11,101.1163
2021-05-12,98.1219
2021-05-13,99.6671
2021-05-14,101.7017
2021-05-17,101.7305
2021-05-18,100.4349
2021-05-19,99.9550
2021-05-20,100.9531
2021-05-21,101.8073
2021-05-24,102.8918
2021-05-25,102.7862
2021-05-26,103.2948
2021-05-27,106.1356
2021-05-28,105.8573
2021-06-01,106.9514
2021-06-02,107.0282
2021-06-03,106.5099
2021-06-04,107.3929
2021-06-07,107.6520
2021-06-08,108.3526
2021-06-09,106.9993
2021-06-10,106.8350
2021-06-11,107.2772
2021-06-14,106.9407
2021-06-15,107.4983
2021-06-16,106.4697
2021-06-17,105.1238
2021-06-18,104.0182
2021-06-21,106.5370
2021-06-22,106.2774
2021-06-23,105.9698
2021-06-24,107.0657
2021-06-25,107.6810
2021-06-28,105.7198
2021-06-29,104.3355
2021-06-30,105.2968
2021-07-01,105.8159
2021-07-02,105.7294
2021-07-06,104.9027
2021-07-07,104.8065
2021-07-08,104.7585
2021-07-09,106.0659
2021-07-12,105.2103
2021-07-13,103.5568
2021-07-14,102.5089
2021-07-15,102.0090
2021-07-16,100.8842
2021-07-19,97.7790
2021-07-20,101.7398
2021-07-21,103.4030
2021-07-22,102.5666
2021-07-23,102.8838
2021-07-26,103.3837
2021-07-27,103.6144
2021-07-28,104.6527
2021-07-29,104.9892
2021-07-30,103.7971
2021-08-02,103.4895
2021-08-03,104.3643
2021-08-04,102.1916
2021-08-05,103.3549
2021-08-06,104.2489
2021-08-09,103.7683
2021-08-10,104.4124
2021-08-11,105.4122
2021-08-12,104.6335
2021-08-13,103.5376
2021-08-16,103.1241
2021-08-17,102.0474
2021-08-18,101.0284
2021-08-19,99.1922
2021-08-20,100.0767
2021-08-23,101.4322
2021-08-24,102.0667
2021-08-25,102.2878
2021-08-26,101.2495
2021-08-27,102.5570
2021-08-30,101.6917
2021-08-31,101.8840
2021-09-01,101.3841
2021-09-02,102.0667
2021-09-03,101.0573
2021-09-07,99.7979
2021-09-08,99.3941
2021-09-09,99.8171
2021-09-10,98.7789
2021-09-13,99.5575
2021-09-14,98.4809
2021-09-15,99.6152
2021-09-16,98.5674
2021-09-17,98.4424
2021-09-20,97.8559
2021-09-21,97.0580
2021-09-22,99.3557
2021-09-23,101.0380
2021-09-24,101.4146
2021-09-27,102.5509
2021-09-28,101.2027
2021-09-29,101.8094
2021-09-30,100.3841
2021-10-01,102.2716
2021-10-04,101.6361
2021-10-05,102.2139
2021-10-06,102.7435
2021-10-07,103.8702
2021-10-08,103.7932
2021-10-11,103.7354
2021-10-12,103.6295
2021-10-13,103.3598
2021-10-14,103.4176
2021-10-15,103.9569
2021-10-18,103.7162
2021-10-19,104.1784
2021-10-20,104.3710
2021-10-21,104.4480
2021-10-22,104.3999
2021-10-25,104.1302
2021-10-26,101.7998
2021-10-27,100.6538
2021-10-28,100.5093
2021-10-29,100.6345
2021-11-01,101.4627
2021-11-02,100.7501
2021-11-03,101.5590
2021-11-04,101.3664
2021-11-05,104.9295
2021-11-08,104.4866
2021-11-09,104.6118
2021-11-10,103.5813
2021-11-11,102.7435
2021-11-12,102.9072
2021-11-15,104.3421
2021-11-16,102.9746
2021-11-17,102.7628
2021-11-18,102.5894
2021-11-19,100.3264
2021-11-22,100.6827
2021-11-23,100.6153
2021-11-24,100.6538
2021-11-26,96.1854
2021-11-29,96.3106
2021-11-30,94.4713
2021-12-01,91.9963
2021-12-02,95.4343
2021-12-03,94.7216
2021-12-06,97.1966
2021-12-07,97.9670
2021-12-08,99.0552
2021-12-09,98.2848
2021-12-10,98.0922
2021-12-13,96.3252
2021-12-14,95.6597
2021-12-15,96.1709
2021-12-16,94.9846
2021-12-17,95.0038
2021-12-20,93.5957
2021-12-21,97.1450
2021-12-22,97.6177
2021-12-23,98.6883
2021-12-27,98.9969
2021-12-28,99.5949
2021-12-29,99.1705
2021-12-30,99.0741
2021-12-31,99.1319
2022-01-03,100.0675
2022-01-04,102.4884
2022-01-05,101.4564
2022-01-06,101.7939
2022-01-07,102.6331
2022-01-10,101.6782
2022-01-11,102.8549
2022-01-12,102.8935
2022-01-13,103.3854
2022-01-14,104.2438
2022-01-18,102.9031
2022-01-19,101.5625
2022-01-20,100.5112
2022-01-21,98.5918
2022-01-24,99.2669
2022-01-25,98.9776
2022-01-26,97.1933
2022-01-27,95.3125
2022-01-28,96.1516
2022-01-31,97.5405
2022-02-01,98.7075
2022-02-02,99.3055
2022-02-03,98.6690
2022-02-04,98.7847
2022-02-07,100.0771
2022-02-08,101.3214
2022-02-09,102.5463
2022-02-10,101.8036
2022-02-11,101.4467
2022-02-14,100.3954
2022-02-15,102.1412
2022-02-16,103.1732
2022-02-17,101.8422
2022-02-18,100.5980
2022-02-22,99.2091
2022-02-23,98.0806
2022-02-24,100.7812
2022-02-25,103.8098
2022-02-28,107.9282
2022-03-01,106.7804
2022-03-02,107.5810
2022-03-03,105.9510
2022-03-04,105.4494
2022-03-07,103.3082
2022-03-08,101.3214
2022-03-09,103.7037
2022-03-10,103.6072
2022-03-11,102.0833
2022-03-14,101.6107
2022-03-15,103.3372
2022-03-16,103.1057
2022-03-17,104.7068
2022-03-18,105.3240
2022-03-21,106.6744
2022-03-22,107.9571
2022-03-23,107.5328
2022-03-24,108.7208
2022-03-25,109.0975
2022-03-28,107.6293
2022-03-29,108.1992
2022-03-30,108.4117
2022-03-31,107.0112
2022-04-01,107.8322
2022-04-04,107.5328
2022-04-05,106.2578
2022-04-06,105.8521
2022-04-07,107.3782
2022-04-08,105.9197
2022-04-11,106.2868
2022-04-12,106.8856
2022-04-13,107.8129
2022-04-14,108.1026
2022-04-18,107.8708
2022-04-19,108.8077
2022-04-20,108.7401
2022-04-21,105.5237
2022-04-22,104.6158
2022-04-25,103.9686
2022-04-26,102.5391
2022-04-27,101.7084
2022-04-28,102.2590
2022-04-29,99.3517
2022-05-02,99.4000
2022-05-03,100.1920
2022-05-04,102.8289
2022-05-05,100.3465
2022-05-06,99.6801
2022-05-09,95.2563
2022-05-10,95.4301
2022-05-11,94.3870
2022-05-12,93.7688
2022-05-13,95.3529
2022-05-16,95.1983
2022-05-17,97.4489
2022-05-18,95.0052
2022-05-19,93.8557
2022-05-20,92.9864
2022-05-23,94.7637
2022-05-24,95.4688
2022-05-25,96.2801
2022-05-26,97.8449
2022-05-27,99.8926
2022-05-31,98.6948
2022-06-01,98.5789
2022-06-02,100.5301
2022-06-03,100.4721
2022-06-06,100.8874
2022-06-07,103.2732
2022-06-08,101.3510
2022-06-09,99.2088
2022-06-10,97.0685
2022-06-13,93.4368
2022-06-14,92.5943
2022-06-15,93.8823
2022-06-16,90.7058
2022-06-17,91.0254
2022-06-21,93.5143
2022-06-22,93.1172
2022-06-23,92.3812
2022-06-24,95.3253
2022-06-27,95.5093
2022-06-28,94.8798
2022-06-29,94.3278
2022-06-30,96.0420
2022-07-01,97.0879
2022-07-05,94.0857
2022-07-06,95.2963
2022-07-07,96.1098
2022-07-08,96.1872
2022-07-11,95.3931
2022-07-12,95.5384
2022-07-13,94.0857
2022-07-14,93.0688
2022-07-15,93.8823
2022-07-18,92.7298
2022-07-19,96.0710
2022-07-20,97.3203
2022-07-21,97.5818
2022-07-22,96.8361
2022-07-25,97.2138
2022-07-26,95.7805
2022-07-27,96.4778
2022-07-28,98.5406
2022-07-29,100.5259
2022-08-01,101.2813
2022-08-02,101.3588
2022-08-03,101.8140
2022-08-04,101.1070
2022-08-05,100.9424
2022-08-08,100.4872
2022-08-09,100.6421
2022-08-10,102.5500
2022-08-11,102.3369
2022-08-12,104.2836
2022-08-15,105.1164
2022-08-16,105.2423
2022-08-17,104.5935
2022-08-18,104.8162
2022-08-19,103.4022
2022-08-22,101.1554
2022-08-23,101.3782
2022-08-24,102.2982
2022-08-25,104.4579
2022-08-26,101.5912
2022-08-29,100.9230
2022-08-30,99.5187
2022-08-31,98.5018
2022-09-01,97.3784
2022-09-02,96.9717
2022-09-06,96.8748
2022-09-07,98.4921
2022-09-08,98.6374
2022-09-09,99.8674
2022-09-12,100.0417
2022-09-13,95.8580
2022-09-14,97.3687
2022-09-15,96.5359
2022-09-16,95.4319
2022-09-19,96.1001
2022-09-20,95.9742
2022-09-21,95.0251
2022-09-22,93.9791
2022-09-23,91.5483
2022-09-26,90.1500
2022-09-27,89.6833
2022-09-28,91.4530
2022-09-29,89.3721
2022-09-30,88.6720
2022-10-03,91.2391
2022-10-04,94.2632
2022-10-05,93.5825
2022-10-06,92.9700
2022-10-07,92.5810
2022-10-10,93.3881
2022-10-11,93.3589
2022-10-12,91.2683
2022-10-13,93.0575
2022-10-14,90.5001
2022-10-17,92.8824
2022-10-18,96.5970
2022-10-19,97.0734
2022-10-20,96.8887
2022-10-21,99.1349
2022-10-24,100.2045
2022-10-25,100.6324
2022-10-26,100.2142
2022-10-27,101.9062
2022-10-28,104.6094
2022-10-31,104.2496
2022-11-01,104.3761
2022-11-02,102.8689
2022-11-03,103.5981
2022-11-04,104.2107
2022-11-07,105.6693
2022-11-08,106.5347
2022-11-09,105.8055
2022-11-10,109.4422
2022-11-11,105.7277
2022-11-14,104.4441
2022-11-15,106.1555
2022-11-16,105.4068
2022-11-17,105.9999
2022-11-18,106.7973
2022-11-21,107.3321
2022-11-22,107.7405
2022-11-23,107.9544
2022-11-25,108.5476
2022-11-28,106.7681
2022-11-29,106.9626
2022-11-30,108.8296
2022-12-01,108.9171
2022-12-02,110.9591
2022-12-05,109.8214
2022-12-06,107.7988
2022-12-07,107.4196
2022-12-08,107.9739
2022-12-09,107.1765
2022-12-12,108.6059
2022-12-13,108.5182
2022-12-14,108.8008
2022-12-15,106.7154
2022-12-16,107.1734
2022-12-19,106.5400
2022-12-20,107.4171
2022-12-21,109.2101
2022-12-22,107.2709
2022-12-23,108.0310
2022-12-27,108.3623
2022-12-28,107.5632
2022-12-29,108.6741
2022-12-30,109.0055
2023-01-03,108.6254
2023-01-04,109.2491
2023-01-05,109.1029
2023-01-06,110.7888
2023-01-09,108.6741
2023-01-10,109.2978
2023-01-11,109.9507
2023-01-12,110.8180
2023-01-13,109.4830
2023-01-17,108.9373
2023-01-18,107.0565
2023-01-19,105.6630
2023-01-20,106.5595
2023-01-23,107.7094
2023-01-24,109.3465
2023-01-25,109.8046
2023-01-26,110.7401
2023-01-27,110.8083
2023-01-30,110.3015
2023-01-31,111.7438
2023-02-01,111.8412
2023-02-02,111.2175
2023-02-03,110.6134
2023-02-06,111.3637
2023-02-07,112.3480
2023-02-08,111.8705
2023-02-09,111.2273
2023-02-10,112.6305
2023-02-13,113.3711
2023-02-14,114.2092
2023-02-15,114.5795
2023-02-16,113.3614
2023-02-17,113.8389
2023-02-21,112.7280
2023-02-22,113.0398
2023-02-23,113.1860
2023-02-24,112.5623
2023-02-27,112.5526
2023-02-28,111.7827
2023-03-01,112.8060
2023-03-02,114.0923
2023-03-03,114.7354
2023-03-06,114.5113
2023-03-07,113.5953
2023-03-08,113.1470
2023-03-09,111.2078
2023-03-10,110.1456
2023-03-13,109.6681
2023-03-14,110.9155
2023-03-15,108.4403
2023-03-16,110.0384
2023-03-17,107.6412
2023-03-20,109.2783
2023-03-21,110.2820
2023-03-22,108.0797
2023-03-23,107.9820
2023-03-24,108.6952
2023-03-27,109.7112
2023-03-28,110.2485
2023-03-29,111.4404
2023-03-30,111.7433
2023-03-31,112.4271
2023-04-03,114.1856
2023-04-04,112.9156
2023-04-05,111.9680
2023-04-06,111.7823
2023-04-10,112.8765
2023-04-11,112.9840
2023-04-12,113.6483
2023-04-13,114.1954
2023-04-14,112.2904
2023-04-17,113.4529
2023-04-18,114.7034
2023-04-19,114.2638
2023-04-20,113.7167
2023-04-21,112.9058
2023-04-24,112.9547
2023-04-25,111.6358
2023-04-26,109.3204
2023-04-27,110.9324
2023-04-28,111.3330
2023-05-01,111.6163
2023-05-02,111.0594
2023-05-03,109.7503
2023-05-04,108.1676
2023-05-05,109.1837
2023-05-08,108.5780
2023-05-09,109.8382
2023-05-10,108.9297
2023-05-11,108.5682
2023-05-12,108.3337
2023-05-15,109.6331
2023-05-16,108.5682
2023-05-17,110.4342
2023-05-18,110.7175
2023-05-19,109.9750
2023-05-22,110.4537
2023-05-23,108.3630
2023-05-24,107.2688
2023-05-25,106.4873
2023-05-26,107.1418
2023-05-30,106.9367
2023-05-31,106.1551
2023-06-01,107.6206
2023-06-02,110.0825
2023-06-05,109.2423
2023-06-06,110.2290
2023-06-07,112.1155
2023-06-08,113.0260
2023-06-09,112.6736
2023-06-12,113.4176
2023-06-13,113.3295
2023-06-14,112.0960
2023-06-15,113.3099
2023-06-16,113.4470
2023-06-20,112.8204
2023-06-21,113.8582
2023-06-22,112.1058
2023-06-23,111.2638
2023-06-26,111.0876
2023-06-27,112.4680
2023-06-28,112.3407
2023-06-29,113.9169
2023-06-30,114.2204
2023-07-03,114.4651
2023-07-05,114.2792
2023-07-06,113.6526
2023-07-07,113.6036
2023-07-10,114.2987
2023-07-11,115.6889
2023-07-12,114.9547
2023-07-13,115.0917
2023-07-14,113.7603
2023-07-17,114.3477
2023-07-18,113.8386
2023-07-19,113.1827
2023-07-20,114.5533
2023-07-21,113.9365
2023-07-24,114.5141
2023-07-25,112.1645
2023-07-26,113.8484
2023-07-27,113.4078
2023-07-28,114.4749
2023-07-31,115.2484
2023-08-01,115.2484
2023-08-02,112.8792
2023-08-03,112.6344
2023-08-04,113.2218
2023-08-07,114.8665
2023-08-08,114.3673
2023-08-09,115.0232
2023-08-10,114.4554
2023-08-11,114.7686
2023-08-14,114.4358
2023-08-15,112.8302
2023-08-16,112.3896
2023-08-17,111.4009
2023-08-18,112.2330
2023-08-21,112.2918
2023-08-22,112.7421
2023-08-23,113.1141
2023-08-24,111.0582
2023-08-25,111.6652
2023-08-28,113.0064
2023-08-29,113.2806
2023-08-30,114.2694
2023-08-31,113.7309
2023-09-01,113.9952
2023-09-05,112.4190
2023-09-06,110.9897
2023-09-07,110.9408
2023-09-08,109.7757
2023-09-11,108.1897
2023-09-12,107.6219
2023-09-13,107.1911
2023-09-14,107.7981
2023-09-15,107.5142
2023-09-18,107.7296
2023-09-19,107.1128
2023-09-20,106.7017
2023-09-21,104.8709
2023-09-22,103.9017
2023-09-25,104.3325
2023-09-26,103.4053
2023-09-27,104.3766
2023-09-28,103.8566
2023-09-29,103.9646
2023-10-02,102.7971
2023-10-03,102.0416
2023-10-04,101.6002
2023-10-05,101.2077
2023-10-06,102.1201
2023-10-09,106.6625
2023-10-10,107.4278
2023-10-11,108.0753
2023-10-12,106.7508
2023-10-13,106.6037
2023-10-16,107.2610
2023-10-17,107.5847
2023-10-18,107.2414
2023-10-19,106.2014
2023-10-20,104.8573
2023-10-23,104.7887
2023-10-24,105.8875
2023-10-25,105.6913
2023-10-26,106.0052
2023-10-27,105.2203
2023-10-30,105.6814
2023-10-31,107.7809
2023-11-01,108.4775
2023-11-02,110.6948
2023-11-03,111.2736
2023-11-06,110.9793
2023-11-07,110.7830
2023-11-08,110.6261
2023-11-09,110.6359
2023-11-10,111.8034
2023-11-13,113.1082
2023-11-14,113.9813
2023-11-15,113.9715
2023-11-16,113.4810
2023-11-17,113.5595
2023-11-20,114.8054
2023-11-21,114.9428
2023-11-22,115.7277
2023-11-24,116.2476
2023-11-27,115.6295
2023-11-28,115.6884
2023-11-29,115.5707
2023-11-30,117.5917
2023-12-01,118.9848
2023-12-04,119.9267
2023-12-05,118.8867
2023-12-06,119.2791
2023-12-07,119.0535
2023-12-08,119.9659
2023-12-11,121.1334
2023-12-12,121.4375
2023-12-13,123.2133
2023-12-14,122.4873
2023-12-15,122.5461
2023-12-18,122.7718
2023-12-19,124.0668
2023-12-20,122.0812
2023-12-21,123.2527
2023-12-22,123.9615
2023-12-26,124.6309
2023-12-27,124.7096
2023-12-28,124.6407
2023-12-29,124.6309
2024-01-02,123.4889
2024-01-03,121.8055
2024-01-04,121.7957
2024-01-05,121.9138
2024-01-08,120.5257
2024-01-09,119.5807
2024-01-10,120.3584
2024-01-11,119.5807
2024-01-12,120.4371
2024-01-16,117.4444
2024-01-17,117.4641
2024-01-18,119.3247
2024-01-19,119.8169
2024-01-22,120.2698
2024-01-23,120.5257
2024-01-24,120.8605
2024-01-25,119.7776
2024-01-26,120.1418
2024-01-29,120.3584
2024-01-30,120.1910
2024-01-31,120.7423
2024-02-01,121.7760
2024-02-02,121.7071
2024-02-05,121.2641
2024-02-06,122.1796
2024-02-07,123.0853
2024-02-08,122.5143
2024-02-09,122.7211
2024-02-12,122.9475
2024-02-13,122.1698
2024-02-14,123.3708
2024-02-15,124.2765
2024-02-16,123.6858
2024-02-20,123.4791
2024-02-21,123.5677
2024-02-22,124.0205
2024-02-23,124.4537
2024-02-26,124.2666
2024-02-27,124.4143
2024-02-28,126.1371
2024-02-29,125.8910
2024-03-01,125.9008
2024-03-04,126.8754
2024-03-05,126.7474
2024-03-06,127.5153
2024-03-07,127.8500
2024-03-08,127.1707
2024-03-11,125.9402
2024-03-12,124.9754
2024-03-13,124.9754
2024-03-14,124.7982
2024-03-15,125.2314
2024-03-18,125.1034
2024-03-19,126.2454
2024-03-20,127.6630
2024-03-21,127.8366
2024-03-22,128.3397
2024-03-25,128.4581
2024-03-26,128.2213
2024-03-27,130.0660
2024-03-28,130.1449
2024-04-01,129.1190
2024-04-02,128.4679
2024-04-03,127.9057
2024-04-04,128.4087
2024-04-05,129.5728
2024-04-08,129.2966
2024-04-09,127.9254
2024-04-10,127.4716
2024-04-11,127.4124
2024-04-12,125.9919
2024-04-15,125.3310
2024-04-16,125.9327
2024-04-17,125.7847
2024-04-18,125.7354
2024-04-19,126.2681
2024-04-22,126.7613
2024-04-23,127.6196
2024-04-24,126.7712
2024-04-25,127.2644
2024-04-26,127.7774
2024-04-29,129.3557
2024-04-30,128.0931
2024-05-01,128.3495
2024-05-02,130.2731
2024-05-03,130.7763
2024-05-06,131.8022
2024-05-07,131.6345
2024-05-08,132.2757
2024-05-09,133.5285
2024-05-10,133.2720
2024-05-13,132.4927
2024-05-14,132.8380
2024-05-15,132.5420
2024-05-16,133.1142
2024-05-17,133.6666
2024-05-20,134.5347
2024-05-21,134.6432
2024-05-22,134.8011
2024-05-23,132.3448
2024-05-24,133.7159
2024-05-28,132.4632
2024-05-29,130.8453
2024-05-30,131.9798
2024-05-31,134.1796
2024-06-03,134.7222
2024-06-04,134.9194
2024-06-05,135.5311
2024-06-06,134.9885
2024-06-07,134.6235
2024-06-10,134.3276
2024-06-11,133.1600
2024-06-12,133.3181
2024-06-13,132.1713
2024-06-14,130.7872
2024-06-17,131.9044
2024-06-18,132.2208
2024-06-20,132.5569
2024-06-21,132.8535
2024-06-24,131.7561
2024-06-25,130.7872
2024-06-26,131.0344
2024-06-27,131.2618
2024-06-28,130.5500
2024-07-01,130.0853
2024-07-02,131.0245
2024-07-03,131.6375
2024-07-05,130.8960
2024-07-08,131.7166
2024-07-09,131.3013
2024-07-10,132.0428
2024-07-11,132.1120
2024-07-12,131.5979
2024-07-15,132.3592
2024-07-16,135.7799
2024-07-17,134.0992
2024-07-18,133.2193
2024-07-19,132.3790
2024-07-22,134.1387
2024-07-23,137.7967
2024-07-24,134.3958
2024-07-25,137.9351
2024-07-26,139.2994
2024-07-29,139.1413
2024-07-30,140.0212
2024-07-31,141.5535
2024-08-01,139.8728
2024-08-02,135.6316
2024-08-05,133.5159
2024-08-06,134.2771
2024-08-07,134.9593
2024-08-08,137.9450
2024-08-09,138.6272
2024-08-12,138.5579
2024-08-13,139.3884
2024-08-14,139.7740
2024-08-15,141.7216
2024-08-16,142.2456
2024-08-19,142.8486
2024-08-20,141.7117
2024-08-21,142.2555
2024-08-22,142.3148
2024-08-23,143.1650
2024-08-26,142.7596
2024-08-27,143.1057
2024-08-28,143.6495
2024-08-29,145.0928
2024-08-30,146.0321
2024-09-03,141.0394
2024-09-04,141.9787
2024-09-05,140.6341
2024-09-06,138.3800
2024-09-09,141.3064
2024-09-10,140.7725
2024-09-11,140.6736
2024-09-12,142.5323
2024-09-13,143.7384
2024-09-16,144.4107
2024-09-17,144.0647
2024-09-18,144.1536
2024-09-19,145.6069
2024-09-20,146.2100
2024-09-23,147.9204
2024-09-24,147.5151
2024-09-25,147.2744
2024-09-26,146.3437
2024-09-27,147.0467
2024-09-30,148.1656
2024-10-01,149.8587
2024-10-02,149.8686
2024-10-03,148.8884
2024-10-04,150.3043
2024-10-07,149.8389
2024-10-08,149.8884
2024-10-09,150.3439
2024-10-10,148.9082
2024-10-11,151.3538
2024-10-14,152.2351
2024-10-15,151.4529
2024-10-16,153.1658
2024-10-17,153.3737
2024-10-18,153.3341
2024-10-21,154.0767
2024-10-22,149.0369
2024-10-23,149.4924
2024-10-24,147.9180
2024-10-25,148.1458
2024-10-28,147.2348
2024-10-29,146.0764
2024-10-30,145.8882
2024-10-31,143.0069
2024-11-01,143.1158
2024-11-04,143.3336
2024-11-05,145.0466
2024-11-06,149.6706
2024-11-07,148.7794
2024-11-08,154.2847
2024-11-11,155.7600
2024-11-12,153.9678
2024-11-13,154.5322
2024-11-14,149.6805
2024-11-15,148.6111
2024-11-18,148.8289
2024-11-19,149.4924
2024-11-20,150.1657
2024-11-21,151.4133
2024-11-22,152.9876
2024-11-25,151.3736
2024-11-26,153.1658
2024-11-27,152.3440
2024-11-29,154.0371
2024-12-02,151.8588
2024-12-03,151.8984
2024-12-04,153.7104
2024-12-05,151.2746
2024-12-06,150.6112
2024-12-09,147.8289
2024-12-10,148.3042
2024-12-11,147.8190
2024-12-12,146.0863
2024-12-13,146.9081
2024-12-16,148.1458
2024-12-17,146.8320
2024-12-18,142.0356
2024-12-19,143.3066
2024-12-20,145.3027
2024-12-23,145.4913
2024-12-24,146.8320
2024-12-26,147.4179
2024-12-27,146.5936
2024-12-30,144.6969
2024-12-31,144.3394
2025-01-02,143.8528
2025-01-03,145.1835
2025-01-06,143.9621
2025-01-07,143.8329
2025-01-08,144.9849
2025-01-10,144.0713
2025-01-13,145.1140
2025-01-14,147.0504
2025-01-15,147.8548
2025-01-16,149.3047
2025-01-17,150.5658
2025-01-21,155.4119
2025-01-22,154.4983
2025-01-23,157.3980
2025-01-24,155.6304
2025-01-27,153.9422
2025-01-28,153.8528
2025-01-29,152.8896
2025-01-30,156.1269
2025-01-31,155.4913
2025-02-03,155.6999
2025-02-04,154.7466
2025-02-05,156.2262
2025-02-06,155.9382
2025-02-07,155.3622
2025-02-10,156.0871
2025-02-11,156.3851
2025-02-12,155.3225
2025-02-13,153.9720
2025-02-14,152.4824
2025-02-18,153.6641
2025-02-19,153.2967
2025-02-20,151.8568
2025-02-21,148.3116
2025-02-24,148.5499
2025-02-25,149.4039
2025-02-26,150.0891
2025-02-27,151.2411
2025-02-28,153.7138
2025-03-03,151.9859
2025-03-04,148.3116
2025-03-05,151.4596
2025-03-06,148.3910
2025-03-07,148.6989
2025-03-10,147.0901
2025-03-11,147.2987
2025-03-12,148.2917
2025-03-13,147.8945
2025-03-14,150.1885
2025-03-17,152.3632
2025-03-18,151.9186
2025-03-19,155.5492
2025-03-20,154.3058
2025-03-21,153.9179
2025-03-24,157.2800
2025-03-25,158.6526
2025-03-26,156.2952
2025-03-27,155.5393
2025-03-28,152.4160
2025-03-31,152.2867
2025-04-01,153.3907
2025-04-02,153.9577
2025-04-03,146.9949
2025-04-04,134.5912
2025-04-07,135.0786
2025-04-08,136.6700
2025-04-09,149.0340
2025-04-10,146.2986
2025-04-11,148.3178
2025-04-14,150.0685
2025-04-15,149.5115
2025-04-16,148.8649
2025-04-17,148.7555
2025-04-21,145.6819
2025-04-22,145.3835
2025-04-23,149.4418
2025-04-24,152.0479
2025-04-25,153.9080
2025-04-28,154.8927
2025-04-29,155.5989
2025-04-30,156.0764
2025-05-01,157.7077
2025-05-02,160.5027
2025-05-05,160.3933
2025-05-06,159.2793
2025-05-07,159.4583
2025-05-08,162.5717
2025-05-09,162.4623
2025-05-12,164.7600
2025-05-13,166.0531
2025-05-14,166.2321
2025-05-15,169.7633
2025-05-16,171.0266
2025-05-19,172.3793
2025-05-20,172.4887
2025-05-21,169.8826
2025-05-22,169.2958
2025-05-23,170.1413
2025-05-27,174.3488
2025-05-28,174.5676
2025-05-29,175.3733
2025-05-30,176.2984
2025-06-02,177.2931
2025-06-03,178.3972
2025-06-04,179.1830
2025-06-05,179.2825
2025-06-06,180.9933
2025-06-09,181.6697
2025-06-10,178.1784
2025-06-11,179.7301
2025-06-12,178.5165
2025-06-13,179.2626
2025-06-16,178.3784
2025-06-17,179.1949
2025-06-18,178.0001
2025-06-20,179.6528
2025-06-23,182.2116
2025-06-24,180.9571
2025-06-25,181.2459
2025-06-26,183.6951
2025-06-27,186.7318
2025-06-30,187.8171
2025-07-01,184.2029
2025-07-02,183.9241
2025-07-03,186.0449
2025-07-07,187.2496
2025-07-08,185.9453
2025-07-09,188.0859
2025-07-10,187.8270
2025-07-11,188.9521
2025-07-14,192.7953
2025-07-15,192.3771
2025-07-16,193.5818
2025-07-17,195.0056
2025-07-18,195.2545
2025-07-21,193.8009
2025-07-22,191.3416
2025-07-23,196.0311
2025-07-24,195.9813
2025-07-25,197.4051
2025-07-28,197.1860
2025-07-29,196.3696
2025-07-30,197.7735
2025-07-31,195.7424
2025-08-01,194.9259
2025-08-04,197.0466
2025-08-05,196.6783
2025-08-06,196.5488
2025-08-07,196.1008
2025-08-08,195.5930
2025-08-11,195.4038
2025-08-12,197.3752
2025-08-13,195.9514
2025-08-14,195.1350
2025-08-15,194.2290
2025-08-18,195.0753
2025-08-19,192.3970
2025-08-20,193.4623
2025-08-21,194.1095
2025-08-22,194.9558
2025-08-25,194.5078
2025-08-26,199.1076
2025-08-27,198.3708
2025-08-28,199.2868
2025-08-29,197.5544
2025-09-02,197.6341
2025-09-03,196.0809
2025-09-04,197.6540
2025-09-05,197.2657
2025-09-08,196.7878
2025-09-09,195.3740
2025-09-10,198.0323
2025-09-11,199.1972
2025-09-12,198.5501
2025-09-15,200.9396
2025-09-16,201.7590
2025-09-17,200.3899
2025-09-18,202.8383
2025-09-19,203.2681
2025-09-22,204.1575
2025-09-23,206.0263
2025-09-24,203.5379
2025-09-25,202.9783
2025-09-26,205.5666
2025-09-29,205.3067
2025-09-30,209.1243
2025-10-01,209.1143
2025-10-02,209.2442
2025-10-03,209.4141
2025-10-06,212.4121
2025-10-07,212.8219
2025-10-08,215.0204
2025-10-09,211.1030
2025-10-10,205.9064
2025-10-13,208.9844
2025-10-14,210.6133
2025-10-15,207.5453
2025-10-16,206.1162
2025-10-17,205.7964
2025-10-20,209.4740
2025-10-21,213.2216
2025-10-22,210.4034
2025-10-23,215.5801
2025-10-24,216.7193
2025-10-27,218.7580
2025-10-28,217.3989
2025-10-29,217.3090
2025-10-30,215.1703
2025-10-31,215.6500
2025-11-03,214.8406
2025-11-04,211.6227
2025-11-05,209.3341
2025-11-06,207.4354
2025-11-07,208.9044
2025-11-10,210.8332
2025-11-11,210.3735
2025-11-12,209.5040
2025-11-13,204.9070
2025-11-14,205.8064
2025-11-17,203.6778
2025-11-18,202.6285
2025-11-19,202.9982
2025-11-20,198.6411
2025-11-21,198.1014
2025-11-24,200.5598
2025-11-25,202.2687
2025-11-26,203.5679
2025-11-28,204.9670
2025-12-01,199.1108
2025-12-02,201.1794
2025-12-03,201.4892
2025-12-04,204.5372
2025-12-05,202.2787
2025-12-08,204.2175
2025-12-09,202.4986
2025-12-10,204.3074
2025-12-11,208.1349
2025-12-12,209.2742
2025-12-15,209.5040
2025-12-16,207.8151
2025-12-17,204.6672
2025-12-18,208.1149
2025-12-19,213.7713
2025-12-22,219.2177
2025-12-23,219.5475
2025-12-24,220.0572
2025-12-26,217.9286
2025-12-29,216.8593
2025-12-30,216.1997
2025-12-31,214.5508
2026-01-02,221.8660
2026-01-05,226.3331
2026-01-06,230.0607
2026-01-07,226.2632
2026-01-08,227.2825
2026-01-09,232.8189
2026-01-12,236.3966
2026-01-13,237.3859
2026-01-14,239.0049
2026-01-15,241.0536
2026-01-16,243.6119
2026-01-20,237.7457
2026-01-21,240.1142
2026-01-22,235.6671
2026-01-23,234.9175
2026-01-26,233.2286
2026-01-27,236.8663
2026-01-28,233.5384
2026-01-29,232.6290
2026-01-30,232.2293
2026-02-02,231.0101
2026-02-03,234.3379
2026-02-04,227.8521
2026-02-05,226.0333
2026-02-06,233.7783
2026-02-09,234.6877
2026-02-10,233.0587
2026-02-11,230.8002
2026-02-12,232.3792
2026-02-13,234.7177
2026-02-17,238.0155
2026-02-18,240.1641
2026-02-19,243.3321
2026-02-20,243.4920
2026-02-23,241.1035
2026-02-24,242.9523
2026-02-25,241.0635
2026-02-26,242.6625
2026-02-27,243.5619
2026-03-02,250.4175
2026-03-03,244.8211
2026-03-04,246.8098
2026-03-05,239.8843
2026-03-06,242.0429
2026-03-09,241.8331
2026-03-10,239.5645
2026-03-11,238.5252
2026-03-12,231.3399
2026-03-13,229.1912
2026-03-16,232.6590
2026-03-17,232.9000
2026-03-18,231.4300
2026-03-19,227.3200
2026-03-20,222.5600
2026-03-23,223.3500
2026-03-24,222.6400
2026-03-25,225.8600
2026-03-26,220.1200
2026-03-27,216.0400
2026-03-30,210.7900
2026-03-31,218.7500
2026-04-01,223.6400
2026-04-02,221.9100
2026-04-06,225.2000
2026-04-07,223.3000
2026-04-08,232.1700
2026-04-09,231.7600
2026-04-10,229.6400
2026-04-13,232.8100
2026-04-14,235.4300
2026-04-15,234.0000
2026-04-16,229.0300
2026-04-17,231.9400
2026-04-20,231.8500
2026-04-21,223.0900
2026-04-22,219.1500
2026-04-23,219.1100
2026-04-24,215.8000
2026-04-27,216.0400
2026-04-28,216.2100
2026-04-29,213.1400
2026-04-30,218.5600
2026-05-01,216.2700
