date,HYG_close
2007-04-11,31.8551
2007-04-12,31.8764
2007-04-13,31.8184
2007-04-16,31.8062
2007-04-17,31.7910
2007-04-18,31.8001
2007-04-19,31.9100
2007-04-20,31.8917
2007-04-23,31.9100
2007-04-24,32.1298
2007-04-25,32.1787
2007-04-26,32.2366
2007-04-27,32.2366
2007-04-30,32.2397
2007-05-01,32.2437
2007-05-02,32.2315
2007-05-03,32.2345
2007-05-04,32.2743
2007-05-07,32.2712
2007-05-08,32.2957
2007-05-09,32.2100
2007-05-10,32.3263
2007-05-11,32.3447
2007-05-14,32.3416
2007-05-15,32.3172
2007-05-16,32.4029
2007-05-17,32.3937
2007-05-18,32.4029
2007-05-21,32.4335
2007-05-22,32.4365
2007-05-23,32.4121
2007-05-24,32.4212
2007-05-25,32.4672
2007-05-29,32.3386
2007-05-30,32.4121
2007-05-31,32.3600
2007-06-01,32.3557
2007-06-04,32.3834
2007-06-05,32.3372
2007-06-06,32.2972
2007-06-07,32.1464
2007-06-08,32.0602
2007-06-11,31.9925
2007-06-12,31.8293
2007-06-13,31.8847
2007-06-14,31.9094
2007-06-15,31.9032
2007-06-18,31.9217
2007-06-19,31.9617
2007-06-20,31.6785
2007-06-21,31.7370
2007-06-22,31.7985
2007-06-25,31.6138
2007-06-26,31.7062
2007-06-27,31.5954
2007-06-28,31.4292
2007-06-29,31.3399
2007-07-02,31.5854
2007-07-03,31.5266
2007-07-05,31.4120
2007-07-06,31.4461
2007-07-09,31.5421
2007-07-10,31.4585
2007-07-11,31.2231
2007-07-12,31.3160
2007-07-13,31.4461
2007-07-16,31.4585
2007-07-17,31.4956
2007-07-18,31.2603
2007-07-19,31.2944
2007-07-20,31.2139
2007-07-23,31.1457
2007-07-24,30.9661
2007-07-25,30.6719
2007-07-26,30.2384
2007-07-27,29.7337
2007-07-30,30.0216
2007-07-31,30.1239
2007-08-01,30.0615
2007-08-02,30.2329
2007-08-03,30.2329
2007-08-06,30.1675
2007-08-07,30.3825
2007-08-08,30.7410
2007-08-09,30.7098
2007-08-10,30.6475
2007-08-13,30.8719
2007-08-14,30.6319
2007-08-15,30.8033
2007-08-16,30.7628
2007-08-17,31.0744
2007-08-20,30.7784
2007-08-21,30.6194
2007-08-22,30.8563
2007-08-23,31.0433
2007-08-24,31.1212
2007-08-27,31.3238
2007-08-28,31.2147
2007-08-29,31.3394
2007-08-30,31.4048
2007-08-31,31.6885
2007-09-04,31.9089
2007-09-05,31.9215
2007-09-06,31.9027
2007-09-07,31.5389
2007-09-10,31.6737
2007-09-11,31.9340
2007-09-12,32.0783
2007-09-13,31.9654
2007-09-14,32.2664
2007-09-17,32.4138
2007-09-18,32.6459
2007-09-19,33.2700
2007-09-20,32.4546
2007-09-21,32.5361
2007-09-24,32.7557
2007-09-25,32.8340
2007-09-26,32.7149
2007-09-27,32.6145
2007-09-28,32.6145
2007-10-01,32.7392
2007-10-02,32.8023
2007-10-03,32.6287
2007-10-04,32.7676
2007-10-05,32.7865
2007-10-08,32.8970
2007-10-09,32.9222
2007-10-10,32.8938
2007-10-11,32.9411
2007-10-12,32.9758
2007-10-15,33.1336
2007-10-16,33.0074
2007-10-17,32.6003
2007-10-18,32.5846
2007-10-19,32.4394
2007-10-22,32.1396
2007-10-23,32.4078
2007-10-24,32.4078
2007-10-25,32.4552
2007-10-26,32.5309
2007-10-29,32.6287
2007-10-30,32.5656
2007-10-31,32.7708
2007-11-01,32.5579
2007-11-02,32.4785
2007-11-05,32.4626
2007-11-06,32.6310
2007-11-07,32.5897
2007-11-08,32.1767
2007-11-09,32.3197
2007-11-12,32.4468
2007-11-13,32.3197
2007-11-14,32.3991
2007-11-15,32.3896
2007-11-16,32.3991
2007-11-19,32.3991
2007-11-20,32.0815
2007-11-21,31.4780
2007-11-23,31.4176
2007-11-26,31.7638
2007-11-27,31.8115
2007-11-28,32.1132
2007-11-29,32.2720
2007-11-30,32.4023
2007-12-03,32.7290
2007-12-04,32.6043
2007-12-05,32.2207
2007-12-06,32.5084
2007-12-07,32.4924
2007-12-10,32.4445
2007-12-11,32.4125
2007-12-12,32.5883
2007-12-13,32.5723
2007-12-14,32.6203
2007-12-17,32.4445
2007-12-18,32.4764
2007-12-19,32.6363
2007-12-20,32.5659
2007-12-21,32.6682
2007-12-24,32.5532
2007-12-26,32.4093
2007-12-27,32.6231
2007-12-28,32.3048
2007-12-31,32.3756
2008-01-02,31.9834
2008-01-03,31.9223
2008-01-04,31.8870
2008-01-07,31.6973
2008-01-08,31.5141
2008-01-09,31.1702
2008-01-10,31.4016
2008-01-11,31.4691
2008-01-14,31.3598
2008-01-15,31.4402
2008-01-16,31.4048
2008-01-17,31.1830
2008-01-18,31.4273
2008-01-22,31.2087
2008-01-23,31.2698
2008-01-24,31.6619
2008-01-25,31.7102
2008-01-28,31.5655
2008-01-29,31.5976
2008-01-30,31.7198
2008-01-31,31.7841
2008-02-01,31.8016
2008-02-04,31.8080
2008-02-05,31.5524
2008-02-06,31.4877
2008-02-07,31.3550
2008-02-08,31.1188
2008-02-11,30.8728
2008-02-12,30.9893
2008-02-13,30.9084
2008-02-14,31.0605
2008-02-15,30.9828
2008-02-19,30.8243
2008-02-20,30.9052
2008-02-21,31.0120
2008-02-22,31.0670
2008-02-25,31.1608
2008-02-26,31.3615
2008-02-27,31.3550
2008-02-28,31.3097
2008-02-29,31.1900
2008-03-03,31.1985
2008-03-04,31.1626
2008-03-05,31.2505
2008-03-06,31.1691
2008-03-07,31.1040
2008-03-10,31.0323
2008-03-11,31.1105
2008-03-12,31.1040
2008-03-13,30.8857
2008-03-14,30.7001
2008-03-17,30.5568
2008-03-18,31.0063
2008-03-19,31.0388
2008-03-20,31.1854
2008-03-24,31.4231
2008-03-25,31.5046
2008-03-26,31.4297
2008-03-27,31.3287
2008-03-28,31.3450
2008-03-31,31.4850
2008-04-01,31.6234
2008-04-02,31.6398
2008-04-03,31.5840
2008-04-04,31.7054
2008-04-07,31.9578
2008-04-08,32.0660
2008-04-09,31.7873
2008-04-10,31.9021
2008-04-11,31.6464
2008-04-14,31.7578
2008-04-15,31.7545
2008-04-16,31.8923
2008-04-17,31.9250
2008-04-18,32.1415
2008-04-21,32.0890
2008-04-22,32.1316
2008-04-23,32.2627
2008-04-24,32.2726
2008-04-25,32.4267
2008-04-28,32.6168
2008-04-29,32.5218
2008-04-30,32.5546
2008-05-01,33.2464
2008-05-02,32.9101
2008-05-05,32.8573
2008-05-06,32.6231
2008-05-07,32.6462
2008-05-08,32.5770
2008-05-09,32.6462
2008-05-12,32.6033
2008-05-13,32.5935
2008-05-14,32.5473
2008-05-15,32.6330
2008-05-16,32.6792
2008-05-19,32.8078
2008-05-20,32.7452
2008-05-21,32.6858
2008-05-22,32.6363
2008-05-23,32.4417
2008-05-27,32.2604
2008-05-28,32.4187
2008-05-29,32.3857
2008-05-30,32.3890
2008-06-02,32.1215
2008-06-03,32.1447
2008-06-04,32.1115
2008-06-05,32.2510
2008-06-06,32.1613
2008-06-09,32.2642
2008-06-10,32.2775
2008-06-11,32.2708
2008-06-12,32.2178
2008-06-13,32.3605
2008-06-16,31.9124
2008-06-17,31.9688
2008-06-18,32.0385
2008-06-19,31.8361
2008-06-20,31.7099
2008-06-23,31.5938
2008-06-24,31.4610
2008-06-25,31.5672
2008-06-26,31.3183
2008-06-27,31.2320
2008-06-30,31.1988
2008-07-01,31.1657
2008-07-02,31.1423
2008-07-03,31.1290
2008-07-07,31.1557
2008-07-08,31.0722
2008-07-09,30.9652
2008-07-10,31.0053
2008-07-11,30.9652
2008-07-14,30.8917
2008-07-15,30.4137
2008-07-16,30.5140
2008-07-17,30.6042
2008-07-18,31.0955
2008-07-21,31.2493
2008-07-22,31.3562
2008-07-23,31.2727
2008-07-24,31.3462
2008-07-25,31.4130
2008-07-28,31.3061
2008-07-29,31.3128
2008-07-30,31.3195
2008-07-31,31.3830
2008-08-01,31.2426
2008-08-04,31.0272
2008-08-05,31.2460
2008-08-06,31.0373
2008-08-07,31.0002
2008-08-08,31.0541
2008-08-11,30.9666
2008-08-12,31.0878
2008-08-13,31.1349
2008-08-14,31.1349
2008-08-15,31.2056
2008-08-18,31.1349
2008-08-19,31.1955
2008-08-20,31.1887
2008-08-21,31.1450
2008-08-22,30.9666
2008-08-25,31.1349
2008-08-26,30.9666
2008-08-27,31.0002
2008-08-28,31.0440
2008-08-29,31.1012
2008-09-02,31.1080
2008-09-03,31.2097
2008-09-04,31.3452
2008-09-05,31.3181
2008-09-08,31.2808
2008-09-09,31.3486
2008-09-10,31.1758
2008-09-11,31.1758
2008-09-12,31.1758
2008-09-15,30.0304
2008-09-16,29.3391
2008-09-17,27.5770
2008-09-18,29.7525
2008-09-19,30.1321
2008-09-22,30.1050
2008-09-23,29.8102
2008-09-24,30.0779
2008-09-25,29.3120
2008-09-26,29.2103
2008-09-29,26.8450
2008-09-30,27.7871
2008-10-01,28.9969
2008-10-02,28.2416
2008-10-03,28.1391
2008-10-06,27.1173
2008-10-07,26.6594
2008-10-08,25.5453
2008-10-09,24.9506
2008-10-10,23.2864
2008-10-13,26.1433
2008-10-14,26.3142
2008-10-15,25.1659
2008-10-16,24.2125
2008-10-17,23.9220
2008-10-20,24.4004
2008-10-21,24.2603
2008-10-22,24.0587
2008-10-23,24.4654
2008-10-24,23.8536
2008-10-27,22.6405
2008-10-28,22.8968
2008-10-29,23.9391
2008-10-30,24.5952
2008-10-31,24.6055
2008-11-03,24.8056
2008-11-04,25.0851
2008-11-05,24.8781
2008-11-06,24.8781
2008-11-07,25.1369
2008-11-10,25.1403
2008-11-11,25.0955
2008-11-12,24.7401
2008-11-13,24.6089
2008-11-14,24.3087
2008-11-17,23.9326
2008-11-18,23.4289
2008-11-19,22.6283
2008-11-20,21.8762
2008-11-21,22.0935
2008-11-24,22.1936
2008-11-25,22.4248
2008-11-26,22.9458
2008-11-28,22.8595
2008-12-01,22.3881
2008-12-02,22.6287
2008-12-03,22.6322
2008-12-04,22.4996
2008-12-05,22.5101
2008-12-08,22.7717
2008-12-09,22.6008
2008-12-10,22.5833
2008-12-11,22.4090
2008-12-12,22.7194
2008-12-15,22.6008
2008-12-16,23.0193
2008-12-17,23.6086
2008-12-18,24.9791
2008-12-19,24.8117
2008-12-22,25.8056
2008-12-23,26.1822
2008-12-24,25.7707
2008-12-26,26.2624
2008-12-29,26.4394
2008-12-30,26.5201
2008-12-31,26.6922
2009-01-02,26.6079
2009-01-05,27.8932
2009-01-06,28.1285
2009-01-07,27.6193
2009-01-08,27.2190
2009-01-09,27.6193
2009-01-12,27.0188
2009-01-13,26.9205
2009-01-14,26.5763
2009-01-15,26.4710
2009-01-16,26.6852
2009-01-20,26.2287
2009-01-21,26.2322
2009-01-22,26.1620
2009-01-23,25.7441
2009-01-26,25.8108
2009-01-27,26.0496
2009-01-28,26.9731
2009-01-29,26.3024
2009-01-30,26.4218
2009-02-02,25.8589
2009-02-03,25.9050
2009-02-04,25.8837
2009-02-05,25.6709
2009-02-06,26.1888
2009-02-09,26.3910
2009-02-10,26.2171
2009-02-11,26.1568
2009-02-12,26.0753
2009-02-13,26.1781
2009-02-17,25.5113
2009-02-18,25.3587
2009-02-19,25.4864
2009-02-20,25.1140
2009-02-23,24.4826
2009-02-24,24.8302
2009-02-25,24.7096
2009-02-26,24.2201
2009-02-27,23.8547
2009-03-02,23.3596
2009-03-03,23.4528
2009-03-04,23.4492
2009-03-05,22.3377
2009-03-06,22.2301
2009-03-09,22.1010
2009-03-10,23.1946
2009-03-11,23.5639
2009-03-12,23.9548
2009-03-13,24.0086
2009-03-16,24.1448
2009-03-17,24.0086
2009-03-18,24.5607
2009-03-19,24.3456
2009-03-20,24.2990
2009-03-23,24.8009
2009-03-24,24.8476
2009-03-25,24.9802
2009-03-26,25.3675
2009-03-27,25.1093
2009-03-30,23.9332
2009-03-31,24.3097
2009-04-01,24.3482
2009-04-02,25.2336
2009-04-03,25.5892
2009-04-06,25.5057
2009-04-07,25.2118
2009-04-08,25.5094
2009-04-09,26.2351
2009-04-13,26.2169
2009-04-14,26.0827
2009-04-15,26.3040
2009-04-16,26.7213
2009-04-17,27.3055
2009-04-20,26.3077
2009-04-21,26.6052
2009-04-22,26.7322
2009-04-23,26.7032
2009-04-24,27.1168
2009-04-27,26.9028
2009-04-28,26.9608
2009-04-29,27.4616
2009-04-30,27.6756
2009-05-01,27.6321
2009-05-04,27.5663
2009-05-05,27.8040
2009-05-06,28.0344
2009-05-07,27.5736
2009-05-08,28.0673
2009-05-11,27.9211
2009-05-12,28.0308
2009-05-13,27.6650
2009-05-14,27.3725
2009-05-15,26.9885
2009-05-18,27.5626
2009-05-19,27.7455
2009-05-20,28.1551
2009-05-21,27.7930
2009-05-22,28.1770
2009-05-26,28.1039
2009-05-27,28.1551
2009-05-28,28.2538
2009-05-29,28.4659
2009-06-01,29.1395
2009-06-02,29.0546
2009-06-03,28.8885
2009-06-04,28.9771
2009-06-05,29.0694
2009-06-08,29.1211
2009-06-09,29.1764
2009-06-10,29.2133
2009-06-11,29.2798
2009-06-12,29.4311
2009-06-15,28.9956
2009-06-16,28.7187
2009-06-17,28.5527
2009-06-18,28.8258
2009-06-19,28.8553
2009-06-22,28.4641
2009-06-23,28.5121
2009-06-24,28.6560
2009-06-25,28.9291
2009-06-26,28.9218
2009-06-29,29.2835
2009-06-30,29.4200
2009-07-01,29.4927
2009-07-02,28.9786
2009-07-06,28.5466
2009-07-07,28.1480
2009-07-08,28.3194
2009-07-09,28.7253
2009-07-10,28.5056
2009-07-13,28.5689
2009-07-14,28.6806
2009-07-15,29.3139
2009-07-16,29.4033
2009-07-17,29.4293
2009-07-20,29.8390
2009-07-21,29.9843
2009-07-22,30.0216
2009-07-23,30.3270
2009-07-24,30.5058
2009-07-27,30.5617
2009-07-28,30.5952
2009-07-29,30.6995
2009-07-30,30.9528
2009-07-31,31.4556
2009-08-03,31.5153
2009-08-04,31.4477
2009-08-05,31.3463
2009-08-06,31.0984
2009-08-07,31.3162
2009-08-10,31.4590
2009-08-11,31.3838
2009-08-12,31.3050
2009-08-13,30.9068
2009-08-14,30.7528
2009-08-17,30.0015
2009-08-18,30.5199
2009-08-19,30.6438
2009-08-20,30.5500
2009-08-21,30.9669
2009-08-24,30.8054
2009-08-25,30.8016
2009-08-26,30.9218
2009-08-27,30.7641
2009-08-28,30.9180
2009-08-31,30.9218
2009-09-01,30.6312
2009-09-02,30.4683
2009-09-03,30.6653
2009-09-04,30.9002
2009-09-08,31.3397
2009-09-09,31.0442
2009-09-10,31.5254
2009-09-11,31.8247
2009-09-14,31.8626
2009-09-15,32.0899
2009-09-16,32.5029
2009-09-17,32.5597
2009-09-18,32.4687
2009-09-21,32.4877
2009-09-22,32.4498
2009-09-23,32.5483
2009-09-24,32.6089
2009-09-25,32.5029
2009-09-28,32.7605
2009-09-29,32.7226
2009-09-30,32.7150
2009-10-01,31.8536
2009-10-02,31.8651
2009-10-05,32.2929
2009-10-06,32.1821
2009-10-07,32.4190
2009-10-08,32.6252
2009-10-09,32.7513
2009-10-12,32.7436
2009-10-13,32.7360
2009-10-14,32.8659
2009-10-15,32.8582
2009-10-16,32.8544
2009-10-19,32.8621
2009-10-20,32.9232
2009-10-21,32.9805
2009-10-22,33.2326
2009-10-23,33.1753
2009-10-26,33.1944
2009-10-27,32.9346
2009-10-28,32.3922
2009-10-29,32.8468
2009-10-30,32.5374
2009-11-02,32.7927
2009-11-03,32.8659
2009-11-04,32.9160
2009-11-05,32.9429
2009-11-06,32.9738
2009-11-09,33.1047
2009-11-10,33.0932
2009-11-11,33.1124
2009-11-12,33.1509
2009-11-13,33.0855
2009-11-16,33.2395
2009-11-17,33.2318
2009-11-18,33.1471
2009-11-19,33.2164
2009-11-20,33.2087
2009-11-23,33.1741
2009-11-24,33.1933
2009-11-25,33.2087
2009-11-27,32.9776
2009-11-30,33.0855
2009-12-01,33.2492
2009-12-02,33.2841
2009-12-03,33.3268
2009-12-04,33.4626
2009-12-07,33.5053
2009-12-08,33.5440
2009-12-09,33.5440
2009-12-10,33.7109
2009-12-11,33.7303
2009-12-14,34.0018
2009-12-15,33.9669
2009-12-16,34.0445
2009-12-17,34.0251
2009-12-18,34.0057
2009-12-21,34.1066
2009-12-22,34.1803
2009-12-23,34.2618
2009-12-24,34.3898
2009-12-28,34.2889
2009-12-29,34.1054
2009-12-30,34.2499
2009-12-31,34.3046
2010-01-04,34.5741
2010-01-05,34.7381
2010-01-06,34.8279
2010-01-07,34.9685
2010-01-08,35.0232
2010-01-11,34.9919
2010-01-12,34.8122
2010-01-13,34.8904
2010-01-14,34.9294
2010-01-15,34.7889
2010-01-19,34.8044
2010-01-20,34.7537
2010-01-21,34.2108
2010-01-22,33.8867
2010-01-25,33.9375
2010-01-26,33.9804
2010-01-27,33.9922
2010-01-28,33.8476
2010-01-29,33.6758
2010-02-01,33.8384
2010-02-02,33.9407
2010-02-03,34.1138
2010-02-04,33.6298
2010-02-05,33.4330
2010-02-08,33.2874
2010-02-09,33.3543
2010-02-10,32.9056
2010-02-11,33.0394
2010-02-12,33.0197
2010-02-16,33.3464
2010-02-17,33.6022
2010-02-18,33.9210
2010-02-19,34.1493
2010-02-22,34.1926
2010-02-23,33.9446
2010-02-24,34.0745
2010-02-25,34.0784
2010-02-26,34.3067
2010-03-01,34.3328
2010-03-02,34.5549
2010-03-03,34.5906
2010-03-04,34.6183
2010-03-05,34.8245
2010-03-08,34.8324
2010-03-09,34.9831
2010-03-10,34.9950
2010-03-11,34.9633
2010-03-12,34.9712
2010-03-15,34.9316
2010-03-16,35.0505
2010-03-17,35.0505
2010-03-18,35.1021
2010-03-19,34.9276
2010-03-22,35.0941
2010-03-23,35.0902
2010-03-24,35.0703
2010-03-25,35.1536
2010-03-26,35.1417
2010-03-29,35.1853
2010-03-30,35.1497
2010-03-31,35.0386
2010-04-01,34.9539
2010-04-05,34.9380
2010-04-06,35.1657
2010-04-07,35.2176
2010-04-08,35.2775
2010-04-09,35.3294
2010-04-12,35.3374
2010-04-13,35.4333
2010-04-14,35.5292
2010-04-15,35.6250
2010-04-16,35.3374
2010-04-19,35.2695
2010-04-20,35.6490
2010-04-21,35.6530
2010-04-22,35.5492
2010-04-23,35.7809
2010-04-26,35.7809
2010-04-27,35.3294
2010-04-28,35.3534
2010-04-29,35.5971
2010-04-30,35.7129
2010-05-03,35.7089
2010-05-04,35.3428
2010-05-05,34.8600
2010-05-06,33.9949
2010-05-07,33.9909
2010-05-10,34.6266
2010-05-11,34.5863
2010-05-12,35.0088
2010-05-13,34.7915
2010-05-14,34.5904
2010-05-17,34.5461
2010-05-18,34.4737
2010-05-19,34.2725
2010-05-20,33.2505
2010-05-21,33.9184
2010-05-24,33.9707
2010-05-25,33.9305
2010-05-26,33.5241
2010-05-27,33.9869
2010-05-28,34.0432
2010-06-01,33.8822
2010-06-02,34.0565
2010-06-03,34.0687
2010-06-04,33.8781
2010-06-07,33.6430
2010-06-08,33.6957
2010-06-09,33.7687
2010-06-10,34.1133
2010-06-11,34.1620
2010-06-14,34.2066
2010-06-15,34.5390
2010-06-16,34.5674
2010-06-17,34.8269
2010-06-18,34.9769
2010-06-21,35.1026
2010-06-22,34.8512
2010-06-23,34.8269
2010-06-24,34.5877
2010-06-25,34.7458
2010-06-28,34.8228
2010-06-29,34.4741
2010-06-30,34.4215
2010-07-01,34.5860
2010-07-02,34.5942
2010-07-06,34.8679
2010-07-07,35.2885
2010-07-08,35.4519
2010-07-09,35.3702
2010-07-12,35.3416
2010-07-13,35.6153
2010-07-14,35.5826
2010-07-15,35.6357
2010-07-16,35.4192
2010-07-19,35.5377
2010-07-20,35.8236
2010-07-21,35.8073
2010-07-22,36.1258
2010-07-23,36.2892
2010-07-26,36.3056
2010-07-27,36.2565
2010-07-28,36.1789
2010-07-29,36.2892
2010-07-30,36.1953
2010-08-02,36.3840
2010-08-03,36.3840
2010-08-04,36.3634
2010-08-05,36.3470
2010-08-06,36.3388
2010-08-09,36.2730
2010-08-10,36.2606
2010-08-11,35.7878
2010-08-12,35.6644
2010-08-13,35.8206
2010-08-16,35.8659
2010-08-17,36.0016
2010-08-18,36.0633
2010-08-19,35.9892
2010-08-20,36.0756
2010-08-23,36.0756
2010-08-24,35.8865
2010-08-25,35.8371
2010-08-26,35.7878
2010-08-27,35.7836
2010-08-30,35.8495
2010-08-31,35.8371
2010-09-01,36.2244
2010-09-02,36.2823
2010-09-03,36.3900
2010-09-07,36.3362
2010-09-08,36.3445
2010-09-09,36.4894
2010-09-10,36.5847
2010-09-13,36.7752
2010-09-14,36.7669
2010-09-15,36.7338
2010-09-16,36.7959
2010-09-17,36.8622
2010-09-20,36.9202
2010-09-21,36.8581
2010-09-22,36.7090
2010-09-23,36.6137
2010-09-24,36.7587
2010-09-27,36.8208
2010-09-28,36.8746
2010-09-29,36.9616
2010-09-30,37.1480
2010-10-01,37.1967
2010-10-04,37.0675
2010-10-05,37.2009
2010-10-06,37.1676
2010-10-07,37.2426
2010-10-08,37.3677
2010-10-11,37.4469
2010-10-12,37.4136
2010-10-13,37.5386
2010-10-14,37.3593
2010-10-15,37.4552
2010-10-18,37.4052
2010-10-19,37.4011
2010-10-20,37.5178
2010-10-21,37.4594
2010-10-22,37.6303
2010-10-25,37.7763
2010-10-26,37.8346
2010-10-27,37.7930
2010-10-28,37.8138
2010-10-29,37.8305
2010-11-01,37.7595
2010-11-02,37.9442
2010-11-03,38.0701
2010-11-04,38.5654
2010-11-05,38.5234
2010-11-08,38.4101
2010-11-09,38.3010
2010-11-10,37.9862
2010-11-11,37.8351
2010-11-12,37.6966
2010-11-15,37.6252
2010-11-16,37.2098
2010-11-17,37.3986
2010-11-18,37.8728
2010-11-19,37.8603
2010-11-22,37.5958
2010-11-23,37.0796
2010-11-24,37.3021
2010-11-26,37.1678
2010-11-29,37.2643
2010-11-30,37.3483
2010-12-01,37.6938
2010-12-02,37.7150
2010-12-03,37.7783
2010-12-06,37.7572
2010-12-07,37.9515
2010-12-08,37.8290
2010-12-09,37.7488
2010-12-10,37.7657
2010-12-13,37.5756
2010-12-14,37.7614
2010-12-15,37.6136
2010-12-16,37.7530
2010-12-17,37.8079
2010-12-20,37.8755
2010-12-21,37.9558
2010-12-22,38.0614
2010-12-23,38.0994
2010-12-27,38.1290
2010-12-28,38.1532
2010-12-29,38.2808
2010-12-30,38.3233
2010-12-31,38.3913
2011-01-03,38.4211
2011-01-04,38.5954
2011-01-05,38.6932
2011-01-06,38.7400
2011-01-07,38.5912
2011-01-10,38.5614
2011-01-11,38.7102
2011-01-12,38.7910
2011-01-13,38.7825
2011-01-14,38.8463
2011-01-18,38.8421
2011-01-19,38.7230
2011-01-20,38.6465
2011-01-21,38.8038
2011-01-24,38.8591
2011-01-25,38.9186
2011-01-26,38.9994
2011-01-27,39.0504
2011-01-28,38.8165
2011-01-31,39.0249
2011-02-01,39.1015
2011-02-02,39.1443
2011-02-03,39.1443
2011-02-04,39.3155
2011-02-07,39.3882
2011-02-08,39.4310
2011-02-09,39.2085
2011-02-10,39.2513
2011-02-11,39.3497
2011-02-14,39.3796
2011-02-15,39.3026
2011-02-16,39.3155
2011-02-17,39.4053
2011-02-18,39.5252
2011-02-22,39.1999
2011-02-23,39.2384
2011-02-24,39.2684
2011-02-25,39.3882
2011-02-28,39.5851
2011-03-01,39.5244
2011-03-02,39.5588
2011-03-03,39.7009
2011-03-04,39.6191
2011-03-07,39.6277
2011-03-08,39.5932
2011-03-09,39.4813
2011-03-10,39.2746
2011-03-11,39.2660
2011-03-14,39.1066
2011-03-15,38.9042
2011-03-16,38.6630
2011-03-17,39.0808
2011-03-18,39.2660
2011-03-21,39.5071
2011-03-22,39.5287
2011-03-23,39.4813
2011-03-24,39.5157
2011-03-25,39.5287
2011-03-28,39.5415
2011-03-29,39.5631
2011-03-30,39.6234
2011-03-31,39.6019
2011-04-01,39.5542
2011-04-04,39.7969
2011-04-05,39.7535
2011-04-06,39.8402
2011-04-07,39.8792
2011-04-08,39.8792
2011-04-11,39.8402
2011-04-12,39.7145
2011-04-13,39.9052
2011-04-14,39.7449
2011-04-15,39.7969
2011-04-18,39.6582
2011-04-19,39.7969
2011-04-20,39.9486
2011-04-21,40.0439
2011-04-25,40.0005
2011-04-26,40.0915
2011-04-27,40.1176
2011-04-28,40.1392
2011-04-29,40.2345
2011-05-02,40.2140
2011-05-03,40.2228
2011-05-04,40.2097
2011-05-05,40.0440
2011-05-06,40.2489
2011-05-09,40.3012
2011-05-10,40.3884
2011-05-11,40.3274
2011-05-12,40.3667
2011-05-13,40.2010
2011-05-16,40.2795
2011-05-17,40.3492
2011-05-18,40.3972
2011-05-19,40.3797
2011-05-20,40.3492
2011-05-23,40.1573
2011-05-24,40.0919
2011-05-25,40.0919
2011-05-26,40.0571
2011-05-27,40.1791
2011-05-31,40.2881
2011-06-01,40.0539
2011-06-02,40.0275
2011-06-03,39.8696
2011-06-06,39.7731
2011-06-07,39.7424
2011-06-08,39.5538
2011-06-09,39.5801
2011-06-10,39.3213
2011-06-13,39.1721
2011-06-14,39.4178
2011-06-15,39.2510
2011-06-16,38.5535
2011-06-17,38.9790
2011-06-20,39.2510
2011-06-21,39.5142
2011-06-22,39.2291
2011-06-23,39.4397
2011-06-24,39.2510
2011-06-27,39.2423
2011-06-28,39.4002
2011-06-29,39.7906
2011-06-30,40.0583
2011-07-01,40.2711
2011-07-05,40.3241
2011-07-06,40.3417
2011-07-07,40.5007
2011-07-08,40.3903
2011-07-11,39.9929
2011-07-12,39.8826
2011-07-13,40.1916
2011-07-14,40.1696
2011-07-15,40.1563
2011-07-18,40.0857
2011-07-19,40.2667
2011-07-20,40.3020
2011-07-21,40.4963
2011-07-22,40.5493
2011-07-25,40.3329
2011-07-26,40.4168
2011-07-27,40.0989
2011-07-28,40.1607
2011-07-29,40.2004
2011-08-01,40.2897
2011-08-02,39.7922
2011-08-03,39.7700
2011-08-04,38.6240
2011-08-05,38.5840
2011-08-08,36.9404
2011-08-09,38.0687
2011-08-10,37.4246
2011-08-11,38.1042
2011-08-12,37.9265
2011-08-15,38.5440
2011-08-16,38.2997
2011-08-17,38.7217
2011-08-18,38.2508
2011-08-19,37.9177
2011-08-22,37.9621
2011-08-23,38.2464
2011-08-24,38.0731
2011-08-25,37.7666
2011-08-26,38.1487
2011-08-29,38.5351
2011-08-30,38.6062
2011-08-31,39.1037
2011-09-01,39.0782
2011-09-02,38.8949
2011-09-06,38.4344
2011-09-07,38.6222
2011-09-08,38.7429
2011-09-09,38.3942
2011-09-12,38.0634
2011-09-13,38.3539
2011-09-14,38.6088
2011-09-15,38.8681
2011-09-16,38.8457
2011-09-19,38.7876
2011-09-20,38.8502
2011-09-21,38.5149
2011-09-22,37.9919
2011-09-23,38.0947
2011-09-26,38.2377
2011-09-27,38.2824
2011-09-28,37.8532
2011-09-29,37.7817
2011-09-30,37.0306
2011-10-03,36.5842
2011-10-04,36.4718
2011-10-05,36.9172
2011-10-06,37.4887
2011-10-07,37.5202
2011-10-10,38.3257
2011-10-11,37.9027
2011-10-12,38.7847
2011-10-13,38.6227
2011-10-14,38.8927
2011-10-17,38.6677
2011-10-18,38.8747
2011-10-19,38.7487
2011-10-20,39.0907
2011-10-21,39.5632
2011-10-24,40.6341
2011-10-25,39.9142
2011-10-26,40.0852
2011-10-27,40.6747
2011-10-28,40.5532
2011-10-31,40.1752
2011-11-01,39.4581
2011-11-02,39.8339
2011-11-03,40.2277
2011-11-04,40.1869
2011-11-07,40.0511
2011-11-08,40.1417
2011-11-09,39.2907
2011-11-10,39.3314
2011-11-11,39.8520
2011-11-14,39.5849
2011-11-15,39.4808
2011-11-16,39.0960
2011-11-17,38.9059
2011-11-18,38.8788
2011-11-21,38.4397
2011-11-22,38.1455
2011-11-23,37.4574
2011-11-25,37.4574
2011-11-28,38.2948
2011-11-29,38.5438
2011-11-30,39.2002
2011-12-01,39.3728
2011-12-02,39.5960
2011-12-05,39.8192
2011-12-06,39.9969
2011-12-07,39.8694
2011-12-08,39.6097
2011-12-09,39.9513
2011-12-12,39.7373
2011-12-13,39.5869
2011-12-14,39.5186
2011-12-15,39.6598
2011-12-16,39.8465
2011-12-19,39.7965
2011-12-20,40.2930
2011-12-21,40.4069
2011-12-22,40.5618
2011-12-23,40.7486
2011-12-27,40.9112
2011-12-28,40.7187
2011-12-29,40.9616
2011-12-30,40.9846
2012-01-03,41.1175
2012-01-04,41.0487
2012-01-05,40.8700
2012-01-06,40.7417
2012-01-09,40.7967
2012-01-10,40.9387
2012-01-11,40.8975
2012-01-12,40.8425
2012-01-13,40.7967
2012-01-17,40.8791
2012-01-18,40.9937
2012-01-19,41.0533
2012-01-20,41.0533
2012-01-23,41.1954
2012-01-24,41.3008
2012-01-25,41.6628
2012-01-26,41.7636
2012-01-27,41.6124
2012-01-30,41.4795
2012-01-31,41.5849
2012-02-01,41.6619
2012-02-02,41.6895
2012-02-03,41.8094
2012-02-06,41.8186
2012-02-07,41.9015
2012-02-08,41.9384
2012-02-09,41.9568
2012-02-10,41.5927
2012-02-13,41.7126
2012-02-14,41.7126
2012-02-15,41.5789
2012-02-16,41.7541
2012-02-17,41.7402
2012-02-21,41.8969
2012-02-22,42.0306
2012-02-23,42.1827
2012-02-24,42.3117
2012-02-27,42.3209
2012-02-28,42.4039
2012-02-29,42.4591
2012-03-01,42.5319
2012-03-02,42.3558
2012-03-05,42.1194
2012-03-06,41.5585
2012-03-07,41.6744
2012-03-08,41.9989
2012-03-09,42.0452
2012-03-12,42.0452
2012-03-13,42.3512
2012-03-14,42.2446
2012-03-15,42.1008
2012-03-16,41.9478
2012-03-19,42.1055
2012-03-20,42.0730
2012-03-21,41.9386
2012-03-22,42.0406
2012-03-23,41.9525
2012-03-26,42.2075
2012-03-27,42.2817
2012-03-28,42.1426
2012-03-29,42.1379
2012-03-30,42.0545
2012-04-02,42.1268
2012-04-03,42.0894
2012-04-04,41.9356
2012-04-05,41.8330
2012-04-09,41.6184
2012-04-10,41.4132
2012-04-11,41.6651
2012-04-12,42.0381
2012-04-13,41.9029
2012-04-16,41.9682
2012-04-17,42.1501
2012-04-18,42.1361
2012-04-19,42.0568
2012-04-20,42.1221
2012-04-23,42.0335
2012-04-24,42.1314
2012-04-25,42.4392
2012-04-26,42.4672
2012-04-27,42.4486
2012-04-30,42.5325
2012-05-01,42.5649
2012-05-02,42.7290
2012-05-03,42.7009
2012-05-04,42.6164
2012-05-07,42.6868
2012-05-08,42.6774
2012-05-09,42.5274
2012-05-10,42.4805
2012-05-11,42.5883
2012-05-14,42.2741
2012-05-15,42.0678
2012-05-16,41.6550
2012-05-17,41.0782
2012-05-18,41.0782
2012-05-21,41.5050
2012-05-22,41.5003
2012-05-23,41.4580
2012-05-24,41.4675
2012-05-25,41.3361
2012-05-29,41.7910
2012-05-30,41.6034
2012-05-31,41.1626
2012-06-01,40.8049
2012-06-04,40.8379
2012-06-05,41.0975
2012-06-06,41.5364
2012-06-07,41.6921
2012-06-08,41.8525
2012-06-11,41.5788
2012-06-12,41.8714
2012-06-13,41.7487
2012-06-14,42.0601
2012-06-15,42.1357
2012-06-18,42.1498
2012-06-19,42.4471
2012-06-20,42.6123
2012-06-21,42.2630
2012-06-22,42.5509
2012-06-25,42.4849
2012-06-26,42.4235
2012-06-27,42.6783
2012-06-28,42.6737
2012-06-29,43.0794
2012-07-02,43.1259
2012-07-03,43.2826
2012-07-05,43.2873
2012-07-06,43.2304
2012-07-09,43.2446
2012-07-10,43.0548
2012-07-11,43.1924
2012-07-12,43.0975
2012-07-13,43.2304
2012-07-16,43.0643
2012-07-17,43.2683
2012-07-18,43.4487
2012-07-19,43.5579
2012-07-20,43.3538
2012-07-23,43.2826
2012-07-24,43.0168
2012-07-25,42.9266
2012-07-26,43.3680
2012-07-27,43.6243
2012-07-30,43.6243
2012-07-31,43.5199
2012-08-01,43.7561
2012-08-02,43.5795
2012-08-03,43.7609
2012-08-06,43.7322
2012-08-07,43.6463
2012-08-08,43.6750
2012-08-09,43.6797
2012-08-10,43.6416
2012-08-13,43.6654
2012-08-14,43.7322
2012-08-15,43.5222
2012-08-16,43.6845
2012-08-17,43.6845
2012-08-20,43.7370
2012-08-21,43.8324
2012-08-22,43.7895
2012-08-23,43.7799
2012-08-24,43.9756
2012-08-27,43.9422
2012-08-28,43.9040
2012-08-29,43.9661
2012-08-30,43.9470
2012-08-31,44.0615
2012-09-04,44.0605
2012-09-05,44.0653
2012-09-06,44.3244
2012-09-07,44.4012
2012-09-10,44.3293
2012-09-11,44.6316
2012-09-12,44.7660
2012-09-13,45.0538
2012-09-14,45.0491
2012-09-17,45.0107
2012-09-18,45.0299
2012-09-19,44.9723
2012-09-20,44.7611
2012-09-21,44.6988
2012-09-24,44.6412
2012-09-25,44.2429
2012-09-26,44.0222
2012-09-27,44.5020
2012-09-28,44.2909
2012-10-01,44.2161
2012-10-02,44.3271
2012-10-03,44.4380
2012-10-04,44.6261
2012-10-05,44.6020
2012-10-08,44.5393
2012-10-09,44.4139
2012-10-10,44.3078
2012-10-11,44.5490
2012-10-12,44.6261
2012-10-15,44.8287
2012-10-16,44.9928
2012-10-17,45.0941
2012-10-18,45.0699
2012-10-19,44.8432
2012-10-22,44.8529
2012-10-23,44.6840
2012-10-24,44.6455
2012-10-25,44.7178
2012-10-26,44.6117
2012-10-31,44.6647
2012-11-01,44.6406
2012-11-02,44.5779
2012-11-05,44.5055
2012-11-06,44.5731
2012-11-07,44.3078
2012-11-08,44.1631
2012-11-09,44.0859
2012-11-12,44.1003
2012-11-13,43.9990
2012-11-14,43.7578
2012-11-15,43.7385
2012-11-16,43.8640
2012-11-19,44.4187
2012-11-20,44.4236
2012-11-21,44.4091
2012-11-23,44.5586
2012-11-26,44.5683
2012-11-27,44.6117
2012-11-28,44.6213
2012-11-29,44.8191
2012-11-30,44.8867
2012-12-03,45.1141
2012-12-04,45.1141
2012-12-05,45.1868
2012-12-06,45.2693
2012-12-07,45.2014
2012-12-10,45.2402
2012-12-11,45.2838
2012-12-12,45.4196
2012-12-13,45.2595
2012-12-14,45.2256
2012-12-17,45.4002
2012-12-18,45.4244
2012-12-19,45.3759
2012-12-20,45.5360
2012-12-21,45.4051
2012-12-24,45.2402
2012-12-26,45.3499
2012-12-27,45.4425
2012-12-28,45.3206
2012-12-31,45.5156
2013-01-02,45.9447
2013-01-03,45.8033
2013-01-04,45.8326
2013-01-07,45.8716
2013-01-08,45.8374
2013-01-09,45.9252
2013-01-10,46.0032
2013-01-11,46.0861
2013-01-14,46.0227
2013-01-15,46.0325
2013-01-16,45.9545
2013-01-17,46.1203
2013-01-18,46.1836
2013-01-22,46.2129
2013-01-23,46.1593
2013-01-24,46.2616
2013-01-25,46.2470
2013-01-28,46.2226
2013-01-29,46.1446
2013-01-30,45.8131
2013-01-31,45.6717
2013-02-01,45.8231
2013-02-04,45.6319
2013-02-05,45.7349
2013-02-06,45.6663
2013-02-07,45.5781
2013-02-08,45.5878
2013-02-11,45.5830
2013-02-12,45.7398
2013-02-13,45.8084
2013-02-14,45.7888
2013-02-15,45.7937
2013-02-19,45.8379
2013-02-20,45.7937
2013-02-21,45.8428
2013-02-22,45.9555
2013-02-25,45.8133
2013-02-26,46.0388
2013-02-27,46.1173
2013-02-28,46.0977
2013-03-01,46.1893
2013-03-04,46.1942
2013-03-05,46.2879
2013-03-06,46.2583
2013-03-07,46.3273
2013-03-08,46.3815
2013-03-11,46.3520
2013-03-12,46.3322
2013-03-13,46.3421
2013-03-14,46.5195
2013-03-15,46.5146
2013-03-18,46.5245
2013-03-19,46.4456
2013-03-20,46.5984
2013-03-21,46.5146
2013-03-22,46.4801
2013-03-25,46.4111
2013-03-26,46.4949
2013-03-27,46.4160
2013-03-28,46.4998
2013-04-01,46.5830
2013-04-02,46.5484
2013-04-03,46.5484
2013-04-04,46.5335
2013-04-05,46.5781
2013-04-08,46.6276
2013-04-09,46.7762
2013-04-10,46.9249
2013-04-11,46.9249
2013-04-12,46.9397
2013-04-15,46.6425
2013-04-16,46.9645
2013-04-17,46.8902
2013-04-18,46.8159
2013-04-19,46.7911
2013-04-22,46.9001
2013-04-23,47.0834
2013-04-24,47.1677
2013-04-25,47.2964
2013-04-26,47.2469
2013-04-29,47.3361
2013-04-30,47.4847
2013-05-01,47.3941
2013-05-02,47.6978
2013-05-03,47.7724
2013-05-06,47.8023
2013-05-07,47.7675
2013-05-08,47.9367
2013-05-09,47.7973
2013-05-10,47.5484
2013-05-13,47.3543
2013-05-14,47.4040
2013-05-15,47.4090
2013-05-16,47.5235
2013-05-17,47.5235
2013-05-20,47.5733
2013-05-21,47.6629
2013-05-22,47.3692
2013-05-23,47.2397
2013-05-24,47.1502
2013-05-28,46.9759
2013-05-29,46.7867
2013-05-30,46.8813
2013-05-31,46.2590
2013-06-03,46.2185
2013-06-04,46.2185
2013-06-05,45.8181
2013-06-06,46.1784
2013-06-07,46.2084
2013-06-10,46.1134
2013-06-11,45.8281
2013-06-12,45.8631
2013-06-13,46.3886
2013-06-14,46.4436
2013-06-17,46.4387
2013-06-18,46.5537
2013-06-19,45.8581
2013-06-20,45.4078
2013-06-21,45.1125
2013-06-24,44.5571
2013-06-25,45.1926
2013-06-26,45.5679
2013-06-27,45.7881
2013-06-28,45.4778
2013-07-01,45.7244
2013-07-02,45.5835
2013-07-03,45.6892
2013-07-05,45.2011
2013-07-08,45.8250
2013-07-09,45.8501
2013-07-10,46.0312
2013-07-11,46.6097
2013-07-12,46.5645
2013-07-15,46.7607
2013-07-16,46.6450
2013-07-17,46.9871
2013-07-18,47.2688
2013-07-19,47.2386
2013-07-22,47.2738
2013-07-23,47.1581
2013-07-24,46.7607
2013-07-25,46.6551
2013-07-26,46.6752
2013-07-29,46.5745
2013-07-30,46.6400
2013-07-31,46.7758
2013-08-01,46.3324
2013-08-02,46.6155
2013-08-05,46.3779
2013-08-06,46.3324
2013-08-07,46.1858
2013-08-08,46.2869
2013-08-09,46.2920
2013-08-12,46.2516
2013-08-13,46.2516
2013-08-14,46.1605
2013-08-15,45.9229
2013-08-16,45.7662
2013-08-19,45.4629
2013-08-20,45.8825
2013-08-21,45.7157
2013-08-22,45.9634
2013-08-23,46.1555
2013-08-26,46.1605
2013-08-27,45.8623
2013-08-28,46.0342
2013-08-29,46.2212
2013-08-30,46.1808
2013-09-03,45.9368
2013-09-04,46.1096
2013-09-05,45.8758
2013-09-06,46.0283
2013-09-09,46.1452
2013-09-10,46.3078
2013-09-11,46.3688
2013-09-12,46.3129
2013-09-13,46.2773
2013-09-16,46.5314
2013-09-17,46.6839
2013-09-18,47.1311
2013-09-19,46.9939
2013-09-20,46.9380
2013-09-23,46.9329
2013-09-24,46.8313
2013-09-25,46.7500
2013-09-26,46.7246
2013-09-27,46.6737
2013-09-30,46.5416
2013-10-01,46.7433
2013-10-02,46.7637
2013-10-03,46.7944
2013-10-04,46.8761
2013-10-07,46.7535
2013-10-08,46.7331
2013-10-09,46.7740
2013-10-10,46.9884
2013-10-11,47.0753
2013-10-14,47.1468
2013-10-15,47.1314
2013-10-16,47.3817
2013-10-17,47.6115
2013-10-18,47.7085
2013-10-21,47.6013
2013-10-22,47.7443
2013-10-23,47.7851
2013-10-24,47.8005
2013-10-25,47.8158
2013-10-28,47.8055
2013-10-29,47.8822
2013-10-30,47.6881
2013-10-31,47.7136
2013-11-01,47.6315
2013-11-04,47.7136
2013-11-05,47.5853
2013-11-06,47.7239
2013-11-07,47.7547
2013-11-08,47.6726
2013-11-11,47.4930
2013-11-12,47.4262
2013-11-13,47.6059
2013-11-14,47.7444
2013-11-15,47.8163
2013-11-18,47.6777
2013-11-19,47.6572
2013-11-20,47.6110
2013-11-21,47.7752
2013-11-22,47.8111
2013-11-25,47.8830
2013-11-26,47.9189
2013-11-27,47.8881
2013-11-29,47.9394
2013-12-02,47.9549
2013-12-03,47.9085
2013-12-04,47.7847
2013-12-05,47.7486
2013-12-06,47.8827
2013-12-09,48.0580
2013-12-10,48.0580
2013-12-11,47.9137
2013-12-12,47.8260
2013-12-13,47.9033
2013-12-16,47.9446
2013-12-17,47.9497
2013-12-18,48.0322
2013-12-19,47.9806
2013-12-20,48.0116
2013-12-23,48.0477
2013-12-24,48.0219
2013-12-26,48.0670
2013-12-27,48.0618
2013-12-30,48.1033
2013-12-31,48.1344
2014-01-02,48.2173
2014-01-03,48.2017
2014-01-06,48.3054
2014-01-07,48.3054
2014-01-08,48.2743
2014-01-09,48.3469
2014-01-10,48.4920
2014-01-13,48.4401
2014-01-14,48.5127
2014-01-15,48.6112
2014-01-16,48.5904
2014-01-17,48.6008
2014-01-21,48.6630
2014-01-22,48.5904
2014-01-23,48.5282
2014-01-24,48.2069
2014-01-27,48.1914
2014-01-28,48.4038
2014-01-29,48.2587
2014-01-30,48.3417
2014-01-31,48.3261
2014-02-03,48.1813
2014-02-04,48.2386
2014-02-05,48.2386
2014-02-06,48.4105
2014-02-07,48.6553
2014-02-10,48.6866
2014-02-11,48.7698
2014-02-12,48.6917
2014-02-13,48.8324
2014-02-14,48.9105
2014-02-18,48.9782
2014-02-19,48.8532
2014-02-20,49.0042
2014-02-21,49.0459
2014-02-24,49.1553
2014-02-25,49.2126
2014-02-26,49.2959
2014-02-27,49.3896
2014-02-28,49.4417
2014-03-03,49.3962
2014-03-04,49.5741
2014-03-05,49.4852
2014-03-06,49.4119
2014-03-07,49.2235
2014-03-10,49.2287
2014-03-11,49.1764
2014-03-12,49.2601
2014-03-13,49.1293
2014-03-14,49.0926
2014-03-17,49.1607
2014-03-18,49.3072
2014-03-19,49.0560
2014-03-20,49.2235
2014-03-21,49.1921
2014-03-24,49.2078
2014-03-25,49.3072
2014-03-26,49.3177
2014-03-27,49.2444
2014-03-28,49.3282
2014-03-31,49.4014
2014-04-01,49.4934
2014-04-02,49.4409
2014-04-03,49.4619
2014-04-04,49.5776
2014-04-07,49.4724
2014-04-08,49.5881
2014-04-09,49.6670
2014-04-10,49.5250
2014-04-11,49.3146
2014-04-14,49.4724
2014-04-15,49.5250
2014-04-16,49.5513
2014-04-17,49.4934
2014-04-21,49.4934
2014-04-22,49.5461
2014-04-23,49.5618
2014-04-24,49.5723
2014-04-25,49.5566
2014-04-28,49.5461
2014-04-29,49.6197
2014-04-30,49.6091
2014-05-01,49.5579
2014-05-02,49.6741
2014-05-05,49.6530
2014-05-06,49.6635
2014-05-07,49.7375
2014-05-08,49.7269
2014-05-09,49.7745
2014-05-12,49.8273
2014-05-13,49.9065
2014-05-14,49.9329
2014-05-15,49.8854
2014-05-16,49.9857
2014-05-19,50.0597
2014-05-20,49.9963
2014-05-21,49.9910
2014-05-22,50.0280
2014-05-23,50.0438
2014-05-27,50.0914
2014-05-28,50.1073
2014-05-29,50.1548
2014-05-30,50.2076
2014-06-02,50.0479
2014-06-03,50.0532
2014-06-04,50.0532
2014-06-05,50.1752
2014-06-06,50.3185
2014-06-09,50.3769
2014-06-10,50.3503
2014-06-11,50.3556
2014-06-12,50.3238
2014-06-13,50.3822
2014-06-16,50.3556
2014-06-17,50.3185
2014-06-18,50.5467
2014-06-19,50.5361
2014-06-20,50.5838
2014-06-23,50.5785
2014-06-24,50.5361
2014-06-25,50.6104
2014-06-26,50.5573
2014-06-27,50.5573
2014-06-30,50.5149
2014-07-01,50.5282
2014-07-02,50.5601
2014-07-03,50.4855
2014-07-07,50.4482
2014-07-08,50.4589
2014-07-09,50.4216
2014-07-10,50.2670
2014-07-11,50.3523
2014-07-14,50.3363
2014-07-15,50.2564
2014-07-16,50.1764
2014-07-17,49.8247
2014-07-18,50.0325
2014-07-21,49.9473
2014-07-22,50.0165
2014-07-23,50.1125
2014-07-24,50.2031
2014-07-25,50.1178
2014-07-28,49.9686
2014-07-29,49.8993
2014-07-30,49.6914
2014-07-31,49.2864
2014-08-01,49.2816
2014-08-04,49.5814
2014-08-05,49.4850
2014-08-06,49.6028
2014-08-07,49.6350
2014-08-08,49.7903
2014-08-11,50.0259
2014-08-12,50.0152
2014-08-13,50.1597
2014-08-14,50.2561
2014-08-15,50.3578
2014-08-18,50.5024
2014-08-19,50.4863
2014-08-20,50.5238
2014-08-21,50.5238
2014-08-22,50.4006
2014-08-25,50.5077
2014-08-26,50.5452
2014-08-27,50.4970
2014-08-28,50.4221
2014-08-29,50.4595
2014-09-02,50.5187
2014-09-03,50.3896
2014-09-04,50.2229
2014-09-05,50.1637
2014-09-08,50.1153
2014-09-09,49.8840
2014-09-10,49.9055
2014-09-11,49.9055
2014-09-12,49.8464
2014-09-15,49.7549
2014-09-16,49.8571
2014-09-17,50.0185
2014-09-18,50.0346
2014-09-19,50.1099
2014-09-22,50.0185
2014-09-23,49.7657
2014-09-24,49.6151
2014-09-25,49.2762
2014-09-26,49.2439
2014-09-29,49.1417
2014-09-30,49.4591
2014-10-01,49.5136
2014-10-02,49.6109
2014-10-03,49.7783
2014-10-06,49.8323
2014-10-07,49.6433
2014-10-08,49.8809
2014-10-09,49.3516
2014-10-10,48.9519
2014-10-13,48.7087
2014-10-14,48.8708
2014-10-15,48.8816
2014-10-16,49.1571
2014-10-17,49.5730
2014-10-20,49.9296
2014-10-21,50.3347
2014-10-22,50.0052
2014-10-23,49.9836
2014-10-24,50.1241
2014-10-27,49.9188
2014-10-28,49.9998
2014-10-29,49.9620
2014-10-30,49.9404
2014-10-31,49.9836
2014-11-03,50.0888
2014-11-04,49.9315
2014-11-05,49.9207
2014-11-06,50.0509
2014-11-07,50.0997
2014-11-10,50.1214
2014-11-11,50.2354
2014-11-12,50.0726
2014-11-13,49.8664
2014-11-14,49.6168
2014-11-17,49.6114
2014-11-18,49.5137
2014-11-19,49.5029
2014-11-20,49.5083
2014-11-21,49.7796
2014-11-24,49.7742
2014-11-25,49.8555
2014-11-26,49.9207
2014-11-28,49.4432
2014-12-01,48.9456
2014-12-02,49.2127
2014-12-03,49.2944
2014-12-04,49.2617
2014-12-05,49.2236
2014-12-08,48.9728
2014-12-09,48.9456
2014-12-10,48.3842
2014-12-11,48.2098
2014-12-12,47.5557
2014-12-15,47.5285
2014-12-16,47.3595
2014-12-17,48.3242
2014-12-18,48.7112
2014-12-19,49.1800
2014-12-22,49.0601
2014-12-23,49.2345
2014-12-24,49.4020
2014-12-26,49.2487
2014-12-29,49.2761
2014-12-30,49.1776
2014-12-31,49.0462
2015-01-02,49.0462
2015-01-05,48.5918
2015-01-06,48.4057
2015-01-07,48.7068
2015-01-08,49.0735
2015-01-09,49.3199
2015-01-12,49.2596
2015-01-13,49.2596
2015-01-14,49.1447
2015-01-15,48.8436
2015-01-16,49.0297
2015-01-20,48.9421
2015-01-21,49.2049
2015-01-22,49.2706
2015-01-23,49.2706
2015-01-26,49.4950
2015-01-27,49.4567
2015-01-28,49.3527
2015-01-29,49.5278
2015-01-30,49.3910
2015-02-02,49.5807
2015-02-03,49.8609
2015-02-04,49.6521
2015-02-05,49.9434
2015-02-06,49.9818
2015-02-09,49.8609
2015-02-10,50.0313
2015-02-11,50.0148
2015-02-12,50.0093
2015-02-13,50.0808
2015-02-17,50.0478
2015-02-18,50.2182
2015-02-19,50.1028
2015-02-20,50.2402
2015-02-23,50.2786
2015-02-24,50.3281
2015-02-25,50.4930
2015-02-26,50.4820
2015-02-27,50.4930
2015-03-02,50.4836
2015-03-03,50.3401
2015-03-04,50.2462
2015-03-05,50.3401
2015-03-06,50.0199
2015-03-09,49.9151
2015-03-10,49.7219
2015-03-11,49.8599
2015-03-12,49.9592
2015-03-13,49.7881
2015-03-16,49.7384
2015-03-17,49.4900
2015-03-18,49.9316
2015-03-19,49.5342
2015-03-20,49.9206
2015-03-23,49.9592
2015-03-24,50.0365
2015-03-25,49.9040
2015-03-26,49.8985
2015-03-27,49.9372
2015-03-30,50.0751
2015-03-31,50.0144
2015-04-01,50.1175
2015-04-02,50.1564
2015-04-06,50.2839
2015-04-07,50.5500
2015-04-08,50.5389
2015-04-09,50.4890
2015-04-10,50.6055
2015-04-13,50.5112
2015-04-14,50.5334
2015-04-15,50.7330
2015-04-16,50.6277
2015-04-17,50.4724
2015-04-20,50.5833
2015-04-21,50.6166
2015-04-22,50.5667
2015-04-23,50.5500
2015-04-24,50.6332
2015-04-27,50.6498
2015-04-28,50.5722
2015-04-29,50.4779
2015-04-30,50.4502
2015-05-01,50.5627
2015-05-04,50.5516
2015-05-05,50.4848
2015-05-06,50.3344
2015-05-07,50.3288
2015-05-08,50.7243
2015-05-11,50.4068
2015-05-12,50.4012
2015-05-13,50.3288
2015-05-14,50.5739
2015-05-15,50.6852
2015-05-18,50.6017
2015-05-19,50.5237
2015-05-20,50.4625
2015-05-21,50.5349
2015-05-22,50.5739
2015-05-26,50.4680
2015-05-27,50.5794
2015-05-28,50.5571
2015-05-29,50.6296
2015-06-01,50.7146
2015-06-02,50.6195
2015-06-03,50.3454
2015-06-04,50.1832
2015-06-05,50.0321
2015-06-08,50.0321
2015-06-09,49.9482
2015-06-10,50.0153
2015-06-11,50.1160
2015-06-12,49.9314
2015-06-15,49.6965
2015-06-16,49.9762
2015-06-17,49.9314
2015-06-18,50.1160
2015-06-19,50.1440
2015-06-22,50.2447
2015-06-23,50.2111
2015-06-24,50.0769
2015-06-25,49.9258
2015-06-26,49.7804
2015-06-29,49.4392
2015-06-30,49.6741
2015-07-01,49.6825
2015-07-02,49.8679
2015-07-06,49.7050
2015-07-07,49.7444
2015-07-08,49.4971
2015-07-09,49.6095
2015-07-10,49.8961
2015-07-13,49.9410
2015-07-14,49.8904
2015-07-15,49.8904
2015-07-16,49.9691
2015-07-17,49.8343
2015-07-20,49.6039
2015-07-21,49.5140
2015-07-22,49.1937
2015-07-23,49.1656
2015-07-24,49.0251
2015-07-27,48.8172
2015-07-28,49.0814
2015-07-29,49.3679
2015-07-30,49.5140
2015-07-31,49.4296
2015-08-03,49.3371
2015-08-04,49.3654
2015-08-05,49.2976
2015-08-06,49.0944
2015-08-07,48.9420
2015-08-10,49.0832
2015-08-11,48.8574
2015-08-12,48.7896
2015-08-13,48.7275
2015-08-14,48.7558
2015-08-17,48.7558
2015-08-18,48.6937
2015-08-19,48.6485
2015-08-20,48.4115
2015-08-21,48.2365
2015-08-24,47.8414
2015-08-25,47.9373
2015-08-26,48.3381
2015-08-27,48.6993
2015-08-28,48.7445
2015-08-31,48.6767
2015-09-01,48.5197
2015-09-02,48.7182
2015-09-03,48.7862
2015-09-04,48.7351
2015-09-08,49.0016
2015-09-09,48.9392
2015-09-10,49.0583
2015-09-11,49.0413
2015-09-14,48.9562
2015-09-15,48.9449
2015-09-16,48.7691
2015-09-17,48.8088
2015-09-18,48.6727
2015-09-21,48.5820
2015-09-22,48.2306
2015-09-23,48.1455
2015-09-24,47.9074
2015-09-25,47.6636
2015-09-28,46.9322
2015-09-29,46.9266
2015-09-30,47.2213
2015-10-01,46.9183
2015-10-02,46.9639
2015-10-05,47.5279
2015-10-06,47.7899
2015-10-07,48.2798
2015-10-08,48.4792
2015-10-09,48.4849
2015-10-12,48.3938
2015-10-13,48.2798
2015-10-14,48.2456
2015-10-15,48.3596
2015-10-16,48.5818
2015-10-19,48.7128
2015-10-20,48.7583
2015-10-21,48.7071
2015-10-22,48.7242
2015-10-23,48.8951
2015-10-26,48.8438
2015-10-27,48.6843
2015-10-28,48.8153
2015-10-29,48.6900
2015-10-30,48.7469
2015-11-02,48.8980
2015-11-03,48.9496
2015-11-04,48.8065
2015-11-05,48.6176
2015-11-06,48.3830
2015-11-09,48.1827
2015-11-10,48.0739
2015-11-11,47.9595
2015-11-12,47.6390
2015-11-13,47.5016
2015-11-16,47.7248
2015-11-17,47.7592
2015-11-18,47.8507
2015-11-19,47.4215
2015-11-20,47.4101
2015-11-23,47.3700
2015-11-24,47.4329
2015-11-25,47.4845
2015-11-27,47.5588
2015-11-30,47.5302
2015-12-01,47.8684
2015-12-02,47.7706
2015-12-03,47.6441
2015-12-04,47.5348
2015-12-07,47.2013
2015-12-08,46.6147
2015-12-09,46.8563
2015-12-10,46.6607
2015-12-11,45.7291
2015-12-14,45.3323
2015-12-15,46.0741
2015-12-16,46.4250
2015-12-17,45.9074
2015-12-18,45.7349
2015-12-21,45.5911
2015-12-22,46.1432
2015-12-23,46.4365
2015-12-24,46.5312
2015-12-28,46.2537
2015-12-29,46.5197
2015-12-30,46.5544
2015-12-31,46.5833
2016-01-04,46.3058
2016-01-05,46.3925
2016-01-06,46.3925
2016-01-07,46.0919
2016-01-08,45.9705
2016-01-11,45.9011
2016-01-12,45.9474
2016-01-13,45.4386
2016-01-14,45.6410
2016-01-15,45.0398
2016-01-19,44.8837
2016-01-20,44.5831
2016-01-21,44.8837
2016-01-22,45.5716
2016-01-25,45.1207
2016-01-26,45.5254
2016-01-27,45.4560
2016-01-28,45.6872
2016-01-29,45.8375
2016-02-01,45.5651
2016-02-02,45.2397
2016-02-03,45.4605
2016-02-04,45.3153
2016-02-05,44.9667
2016-02-08,44.4438
2016-02-09,44.2753
2016-02-10,44.2114
2016-02-11,43.9151
2016-02-12,44.5716
2016-02-16,44.6123
2016-02-17,44.9783
2016-02-18,45.0190
2016-02-19,45.1061
2016-02-22,45.4953
2016-02-23,45.4024
2016-02-24,45.4779
2016-02-25,45.7219
2016-02-26,46.0298
2016-02-29,46.5237
2016-03-01,47.2589
2016-03-02,46.9377
2016-03-03,47.0954
2016-03-04,47.2297
2016-03-07,47.2881
2016-03-08,46.9552
2016-03-09,47.0721
2016-03-10,47.3991
2016-03-11,47.9714
2016-03-14,47.8371
2016-03-15,47.3933
2016-03-16,47.7086
2016-03-17,48.0123
2016-03-18,48.1233
2016-03-21,48.0707
2016-03-22,47.9422
2016-03-23,47.7203
2016-03-24,47.5101
2016-03-28,47.2940
2016-03-29,47.4750
2016-03-30,47.6444
2016-03-31,47.7086
2016-04-01,47.7432
2016-04-04,47.6259
2016-04-05,47.4499
2016-04-06,47.8489
2016-04-07,47.6142
2016-04-08,47.8313
2016-04-11,47.8958
2016-04-12,48.1774
2016-04-13,48.4943
2016-04-14,48.4767
2016-04-15,48.4004
2016-04-18,48.6762
2016-04-19,48.8815
2016-04-20,48.9754
2016-04-21,48.8229
2016-04-22,48.9343
2016-04-25,48.7466
2016-04-26,48.9109
2016-04-27,49.1984
2016-04-28,49.1162
2016-04-29,49.1984
2016-05-02,49.2172
2016-05-03,48.8990
2016-05-04,48.7162
2016-05-05,48.6750
2016-05-06,48.6455
2016-05-09,48.5571
2016-05-10,48.9697
2016-05-11,48.9343
2016-05-12,49.0109
2016-05-13,48.7928
2016-05-16,49.0640
2016-05-17,48.9638
2016-05-18,48.9697
2016-05-19,48.8341
2016-05-20,49.0050
2016-05-23,49.0168
2016-05-24,49.3116
2016-05-25,49.3882
2016-05-26,49.2467
2016-05-27,49.3292
2016-05-31,49.2821
2016-06-01,49.3603
2016-06-02,49.3721
2016-06-03,49.4610
2016-06-06,49.6801
2016-06-07,49.8992
2016-06-08,50.0887
2016-06-09,49.8933
2016-06-10,49.6505
2016-06-13,49.3188
2016-06-14,49.1530
2016-06-15,49.1766
2016-06-16,49.2063
2016-06-17,49.2359
2016-06-20,49.5261
2016-06-21,49.7156
2016-06-22,49.7630
2016-06-23,50.1302
2016-06-24,49.3069
2016-06-27,48.5962
2016-06-28,49.2063
2016-06-29,49.8282
2016-06-30,50.1657
2016-07-01,50.2651
2016-07-05,49.9795
2016-07-06,50.1997
2016-07-07,50.2651
2016-07-08,50.9316
2016-07-11,50.9614
2016-07-12,51.1042
2016-07-13,50.9554
2016-07-14,51.0566
2016-07-15,50.9554
2016-07-18,51.1280
2016-07-19,50.9911
2016-07-20,51.1220
2016-07-21,51.0506
2016-07-22,51.2768
2016-07-25,51.0328
2016-07-26,50.8364
2016-07-27,50.9911
2016-07-28,50.7769
2016-07-29,50.8245
2016-08-01,50.5393
2016-08-02,50.4676
2016-08-03,50.6948
2016-08-04,51.0176
2016-08-05,51.1311
2016-08-08,51.3403
2016-08-09,51.5197
2016-08-10,51.4240
2016-08-11,51.5495
2016-08-12,51.5914
2016-08-15,51.7468
2016-08-16,51.6392
2016-08-17,51.7109
2016-08-18,51.9142
2016-08-19,51.7588
2016-08-22,51.6751
2016-08-23,51.8484
2016-08-24,51.7050
2016-08-25,51.8006
2016-08-26,51.7408
2016-08-29,51.9978
2016-08-30,52.0278
2016-08-31,51.8245
2016-09-01,51.9272
2016-09-02,52.1673
2016-09-06,52.2273
2016-09-07,52.0833
2016-09-08,51.9872
2016-09-09,51.4890
2016-09-12,51.6690
2016-09-13,51.2728
2016-09-14,51.2608
2016-09-15,51.5610
2016-09-16,51.5730
2016-09-19,51.6030
2016-09-20,51.5430
2016-09-21,51.9692
2016-09-22,52.1433
2016-09-23,52.0833
2016-09-26,51.8551
2016-09-27,52.0052
2016-09-28,52.3534
2016-09-29,52.1553
2016-09-30,52.3834
2016-10-03,52.3508
2016-10-04,52.2604
2016-10-05,52.3991
2016-10-06,52.4292
2016-10-07,52.5498
2016-10-10,52.7006
2016-10-11,52.4051
2016-10-12,52.3870
2016-10-13,52.2544
2016-10-14,52.3750
2016-10-17,52.3026
2016-10-18,52.5136
2016-10-19,52.6644
2016-10-20,52.6705
2016-10-21,52.6825
2016-10-24,52.7126
2016-10-25,52.6825
2016-10-26,52.4714
2016-10-27,52.2785
2016-10-28,52.0252
2016-10-31,51.8684
2016-11-01,51.6662
2016-11-02,51.4360
2016-11-03,51.4481
2016-11-04,51.4723
2016-11-07,52.1932
2016-11-08,52.0780
2016-11-09,51.7146
2016-11-10,51.0362
2016-11-11,50.5577
2016-11-14,50.9332
2016-11-15,51.6056
2016-11-16,51.3996
2016-11-17,51.2603
2016-11-18,51.2603
2016-11-21,51.6722
2016-11-22,52.0538
2016-11-23,51.8600
2016-11-25,51.9266
2016-11-28,51.9205
2016-11-29,51.8539
2016-11-30,51.8782
2016-12-01,51.6354
2016-12-02,51.9457
2016-12-05,52.0795
2016-12-06,52.3411
2016-12-07,52.6028
2016-12-08,52.5967
2016-12-09,52.6210
2016-12-12,52.5480
2016-12-13,52.6758
2016-12-14,52.2803
2016-12-15,52.3046
2016-12-16,52.3533
2016-12-19,52.4872
2016-12-20,52.5602
2016-12-21,52.6515
2016-12-22,52.7650
2016-12-23,52.8626
2016-12-27,52.8138
2016-12-28,52.7405
2016-12-29,52.8138
2016-12-30,52.8321
2017-01-03,53.0519
2017-01-04,53.3388
2017-01-05,53.2594
2017-01-06,53.2472
2017-01-09,53.2350
2017-01-10,53.2411
2017-01-11,53.2716
2017-01-12,53.2838
2017-01-13,53.3022
2017-01-17,53.2472
2017-01-18,53.2961
2017-01-19,53.1251
2017-01-20,53.2289
2017-01-23,53.2289
2017-01-24,53.2655
2017-01-25,53.4548
2017-01-26,53.4303
2017-01-27,53.4792
2017-01-30,53.3693
2017-01-31,53.3144
2017-02-01,53.5118
2017-02-02,53.5424
2017-02-03,53.6344
2017-02-06,53.5976
2017-02-07,53.5179
2017-02-08,53.5547
2017-02-09,53.6283
2017-02-10,53.6650
2017-02-13,53.7448
2017-02-14,53.7816
2017-02-15,53.7999
2017-02-16,53.7570
2017-02-17,53.8122
2017-02-21,53.9900
2017-02-22,54.0145
2017-02-23,54.0636
2017-02-24,54.1065
2017-02-27,54.1739
2017-02-28,54.1311
2017-03-01,54.3305
2017-03-02,54.1581
2017-03-03,54.1827
2017-03-06,54.0103
2017-03-07,53.6593
2017-03-08,53.3022
2017-03-09,53.1605
2017-03-10,53.1421
2017-03-13,53.1851
2017-03-14,53.0250
2017-03-15,53.7579
2017-03-16,53.6039
2017-03-17,53.6224
2017-03-20,53.5177
2017-03-21,53.1359
2017-03-22,53.2652
2017-03-23,53.2837
2017-03-24,53.4684
2017-03-27,53.4130
2017-03-28,53.7086
2017-03-29,53.8194
2017-03-30,54.0719
2017-03-31,54.0534
2017-04-03,54.0244
2017-04-04,54.0429
2017-04-05,53.9997
2017-04-06,54.0677
2017-04-07,54.0429
2017-04-10,54.1171
2017-04-11,54.0120
2017-04-12,54.0491
2017-04-13,53.9378
2017-04-17,54.0986
2017-04-18,54.0862
2017-04-19,54.0368
2017-04-20,54.2161
2017-04-21,54.1728
2017-04-24,54.4263
2017-04-25,54.5253
2017-04-26,54.4758
2017-04-27,54.5129
2017-04-28,54.4944
2017-05-01,54.5223
2017-05-02,54.5409
2017-05-03,54.5906
2017-05-04,54.2987
2017-05-05,54.3919
2017-05-08,54.4540
2017-05-09,54.4167
2017-05-10,54.6527
2017-05-11,54.6589
2017-05-12,54.6403
2017-05-15,54.7645
2017-05-16,54.8452
2017-05-17,54.6030
2017-05-18,54.6651
2017-05-19,54.7645
2017-05-22,54.9322
2017-05-23,54.9260
2017-05-24,55.0191
2017-05-25,54.9757
2017-05-26,55.0067
2017-05-30,55.0626
2017-05-31,55.0564
2017-06-01,55.2167
2017-06-02,55.2479
2017-06-05,55.1980
2017-06-06,55.1107
2017-06-07,54.9984
2017-06-08,55.0421
2017-06-09,55.0857
2017-06-12,55.1793
2017-06-13,55.2791
2017-06-14,55.2853
2017-06-15,55.0733
2017-06-16,54.9797
2017-06-19,55.1481
2017-06-20,54.9547
2017-06-21,54.6367
2017-06-22,54.7864
2017-06-23,55.0108
2017-06-26,55.0857
2017-06-27,54.9111
2017-06-28,55.1356
2017-06-29,54.9984
2017-06-30,55.1294
2017-07-03,55.1024
2017-07-05,55.0586
2017-07-06,54.9208
2017-07-07,54.8707
2017-07-10,54.9333
2017-07-11,54.8957
2017-07-12,55.2528
2017-07-13,55.2966
2017-07-14,55.4532
2017-07-17,55.4720
2017-07-18,55.4970
2017-07-19,55.5910
2017-07-20,55.6223
2017-07-21,55.5785
2017-07-24,55.6223
2017-07-25,55.6474
2017-07-26,55.7288
2017-07-27,55.6850
2017-07-28,55.6912
2017-07-31,55.6912
2017-08-01,55.7466
2017-08-02,55.7592
2017-08-03,55.6522
2017-08-04,55.6648
2017-08-07,55.6396
2017-08-08,55.4006
2017-08-09,55.1868
2017-08-10,54.8346
2017-08-11,54.9289
2017-08-14,55.2183
2017-08-15,55.2371
2017-08-16,55.2434
2017-08-17,54.9352
2017-08-18,55.0169
2017-08-21,55.0736
2017-08-22,55.3000
2017-08-23,55.3063
2017-08-24,55.3881
2017-08-25,55.4887
2017-08-28,55.4950
2017-08-29,55.4258
2017-08-30,55.5768
2017-08-31,55.7277
2017-09-01,55.7846
2017-09-05,55.6583
2017-09-06,55.6203
2017-09-07,55.6266
2017-09-08,55.4498
2017-09-11,55.6266
2017-09-12,55.6962
2017-09-13,55.7151
2017-09-14,55.7909
2017-09-15,55.8414
2017-09-18,55.8162
2017-09-19,55.8730
2017-09-20,55.8667
2017-09-21,55.7972
2017-09-22,55.8540
2017-09-25,55.8856
2017-09-26,55.9551
2017-09-27,55.9804
2017-09-28,55.9804
2017-09-29,56.0625
2017-10-02,56.0339
2017-10-03,56.1354
2017-10-04,56.0783
2017-10-05,56.1481
2017-10-06,56.0657
2017-10-09,56.0720
2017-10-10,56.1164
2017-10-11,56.0593
2017-10-12,55.9959
2017-10-13,56.0212
2017-10-16,56.0530
2017-10-17,56.1354
2017-10-18,56.1925
2017-10-19,56.1988
2017-10-20,56.2496
2017-10-23,56.1862
2017-10-24,56.1862
2017-10-25,56.0276
2017-10-26,55.9578
2017-10-27,56.1100
2017-10-30,56.0974
2017-10-31,56.1100
2017-11-01,56.0565
2017-11-02,56.0247
2017-11-03,56.0311
2017-11-06,56.0374
2017-11-07,55.8782
2017-11-08,55.6298
2017-11-09,55.3560
2017-11-10,55.4770
2017-11-13,55.4388
2017-11-14,55.2032
2017-11-15,55.2032
2017-11-16,55.7445
2017-11-17,55.7063
2017-11-20,55.7190
2017-11-21,55.8337
2017-11-22,55.9228
2017-11-24,55.9610
2017-11-27,55.7890
2017-11-28,55.9610
2017-11-29,55.8909
2017-11-30,55.9037
2017-12-01,55.8858
2017-12-04,55.8666
2017-12-05,55.8346
2017-12-06,55.7835
2017-12-07,55.8091
2017-12-08,55.8666
2017-12-11,55.8794
2017-12-12,55.8538
2017-12-13,55.8858
2017-12-14,55.7707
2017-12-15,55.7771
2017-12-18,55.8346
2017-12-19,55.7195
2017-12-20,55.7643
2017-12-21,55.8227
2017-12-22,55.8741
2017-12-26,55.9576
2017-12-27,55.9833
2017-12-28,55.9576
2017-12-29,56.0411
2018-01-02,56.0924
2018-01-03,56.3622
2018-01-04,56.4585
2018-01-05,56.4971
2018-01-08,56.4521
2018-01-09,56.2787
2018-01-10,56.1567
2018-01-11,56.3429
2018-01-12,56.2466
2018-01-16,56.2145
2018-01-17,56.2209
2018-01-18,56.1631
2018-01-19,56.2209
2018-01-22,56.2723
2018-01-23,56.4393
2018-01-24,56.3557
2018-01-25,56.3172
2018-01-26,56.3622
2018-01-29,56.1631
2018-01-30,55.9704
2018-01-31,56.0668
2018-02-01,55.9610
2018-02-02,55.6063
2018-02-05,55.2967
2018-02-06,55.6321
2018-02-07,55.4257
2018-02-08,54.9420
2018-02-09,54.7872
2018-02-12,55.1613
2018-02-13,54.9871
2018-02-14,55.0839
2018-02-15,55.5289
2018-02-16,55.7546
2018-02-20,55.5611
2018-02-21,55.3096
2018-02-22,55.3483
2018-02-23,55.7159
2018-02-26,55.8127
2018-02-27,55.6643
2018-02-28,55.5805
2018-03-01,55.2121
2018-03-02,55.5229
2018-03-05,55.5229
2018-03-06,55.6006
2018-03-07,55.4646
2018-03-08,55.5293
2018-03-09,55.7300
2018-03-12,55.6394
2018-03-13,55.4646
2018-03-14,55.3998
2018-03-15,55.4387
2018-03-16,55.5552
2018-03-19,55.3286
2018-03-20,55.4387
2018-03-21,55.4581
2018-03-22,55.1279
2018-03-23,54.9855
2018-03-26,55.3416
2018-03-27,55.2898
2018-03-28,55.2639
2018-03-29,55.4516
2018-04-02,55.2364
2018-04-03,55.3925
2018-04-04,55.5160
2018-04-05,55.5615
2018-04-06,55.4380
2018-04-09,55.6460
2018-04-10,55.8476
2018-04-11,55.8671
2018-04-12,56.0686
2018-04-13,56.1011
2018-04-16,56.1857
2018-04-17,56.2117
2018-04-18,56.1531
2018-04-19,55.9776
2018-04-20,55.8411
2018-04-23,55.6916
2018-04-24,55.5810
2018-04-25,55.5875
2018-04-26,55.7826
2018-04-27,55.7565
2018-04-30,55.7176
2018-05-01,55.7587
2018-05-02,55.7391
2018-05-03,55.7326
2018-05-04,55.7717
2018-05-07,55.8240
2018-05-08,55.7391
2018-05-09,55.8305
2018-05-10,55.9937
2018-05-11,55.9741
2018-05-14,55.9872
2018-05-15,55.7130
2018-05-16,55.7848
2018-05-17,55.8174
2018-05-18,55.7587
2018-05-21,55.8370
2018-05-22,55.8762
2018-05-23,55.9219
2018-05-24,55.9545
2018-05-25,55.8631
2018-05-29,55.6281
2018-05-30,55.7978
2018-05-31,55.7456
2018-06-01,55.8728
2018-06-04,55.9909
2018-06-05,56.0565
2018-06-06,56.1943
2018-06-07,56.2139
2018-06-08,56.1811
2018-06-11,56.2860
2018-06-12,56.3319
2018-06-13,56.3517
2018-06-14,56.5156
2018-06-15,56.4828
2018-06-18,56.4763
2018-06-19,56.3975
2018-06-20,56.4566
2018-06-21,56.3385
2018-06-22,56.3451
2018-06-25,56.2139
2018-06-26,56.2073
2018-06-27,56.0893
2018-06-28,55.9319
2018-06-29,55.8007
2018-07-02,55.8541
2018-07-03,55.8606
2018-07-05,56.0715
2018-07-06,56.2164
2018-07-09,56.3020
2018-07-10,56.3086
2018-07-11,56.2230
2018-07-12,56.4009
2018-07-13,56.4009
2018-07-16,56.3614
2018-07-17,56.3811
2018-07-18,56.4075
2018-07-19,56.3811
2018-07-20,56.4075
2018-07-23,56.3877
2018-07-24,56.5063
2018-07-25,56.6117
2018-07-26,56.6183
2018-07-27,56.5985
2018-07-30,56.6183
2018-07-31,56.7369
2018-08-01,56.7878
2018-08-02,56.8209
2018-08-03,56.8672
2018-08-06,56.9731
2018-08-07,56.9996
2018-08-08,56.9665
2018-08-09,56.9268
2018-08-10,56.8275
2018-08-13,56.7878
2018-08-14,56.8871
2018-08-15,56.7878
2018-08-16,56.8606
2018-08-17,56.9268
2018-08-20,56.9533
2018-08-21,57.0392
2018-08-22,57.0591
2018-08-23,57.0525
2018-08-24,57.1517
2018-08-27,57.1715
2018-08-28,57.1451
2018-08-29,57.1120
2018-08-30,57.0657
2018-08-31,57.1385
2018-09-04,57.0196
2018-09-05,56.9597
2018-09-06,57.0062
2018-09-07,56.9464
2018-09-10,57.0594
2018-09-11,57.0727
2018-09-12,57.2056
2018-09-13,57.3119
2018-09-14,57.3651
2018-09-17,57.3252
2018-09-18,57.3186
2018-09-19,57.2122
2018-09-20,57.2920
2018-09-21,57.3053
2018-09-24,57.2787
2018-09-25,57.2322
2018-09-26,57.2920
2018-09-27,57.3983
2018-09-28,57.4382
2018-10-01,57.6044
2018-10-02,57.5577
2018-10-03,57.4041
2018-10-04,57.1905
2018-10-05,56.9369
2018-10-08,56.8100
2018-10-09,56.8968
2018-10-10,56.4897
2018-10-11,56.5364
2018-10-12,56.8368
2018-10-15,56.7967
2018-10-16,56.9903
2018-10-17,56.8768
2018-10-18,56.6365
2018-10-19,56.6699
2018-10-22,56.6966
2018-10-23,56.6432
2018-10-24,56.3628
2018-10-25,56.4763
2018-10-26,56.2227
2018-10-29,56.1693
2018-10-30,56.3028
2018-10-31,56.3028
2018-11-01,56.5610
2018-11-02,56.5275
2018-11-05,56.5744
2018-11-06,56.7220
2018-11-07,57.0507
2018-11-08,56.9098
2018-11-09,56.5879
2018-11-12,56.2390
2018-11-13,56.1452
2018-11-14,56.0378
2018-11-15,56.0244
2018-11-16,55.8567
2018-11-19,55.6823
2018-11-20,55.5079
2018-11-21,55.7896
2018-11-23,55.4811
2018-11-26,55.7426
2018-11-27,55.7158
2018-11-28,56.1787
2018-11-29,56.1921
2018-11-30,56.0780
2018-12-03,56.4662
2018-12-04,56.1158
2018-12-06,55.9204
2018-12-07,55.8126
2018-12-10,55.8530
2018-12-11,55.9541
2018-12-12,56.1360
2018-12-13,56.2708
2018-12-14,56.0349
2018-12-17,55.6711
2018-12-18,55.5702
2018-12-19,55.0692
2018-12-20,54.5885
2018-12-21,54.3177
2018-12-24,53.9115
2018-12-26,54.8187
2018-12-27,54.7848
2018-12-28,54.8661
2018-12-31,54.9067
2019-01-02,54.8322
2019-01-03,54.8593
2019-01-04,55.7801
2019-01-07,56.3217
2019-01-08,56.6873
2019-01-09,56.7550
2019-01-10,56.9784
2019-01-11,56.7956
2019-01-14,56.6128
2019-01-15,56.8024
2019-01-16,56.8904
2019-01-17,57.0461
2019-01-18,57.2086
2019-01-22,56.8295
2019-01-23,56.9445
2019-01-24,57.0055
2019-01-25,57.1477
2019-01-28,57.0596
2019-01-29,57.0258
2019-01-30,57.4794
2019-01-31,57.6216
2019-02-01,57.5937
2019-02-04,57.7297
2019-02-05,57.9338
2019-02-06,57.8793
2019-02-07,57.6821
2019-02-08,57.6685
2019-02-11,57.6957
2019-02-12,57.9746
2019-02-13,57.8929
2019-02-14,57.8997
2019-02-15,58.0834
2019-02-19,58.1038
2019-02-20,58.1514
2019-02-21,58.0970
2019-02-22,58.2126
2019-02-25,58.2602
2019-02-26,58.3350
2019-02-27,58.3554
2019-02-28,58.3214
2019-03-01,58.4867
2019-03-04,58.3979
2019-03-05,58.3706
2019-03-06,58.2750
2019-03-07,58.2340
2019-03-08,58.1383
2019-03-11,58.3296
2019-03-12,58.4321
2019-03-13,58.5893
2019-03-14,58.5483
2019-03-15,58.6029
2019-03-18,58.5824
2019-03-19,58.6166
2019-03-20,58.8694
2019-03-21,58.8557
2019-03-22,58.6439
2019-03-25,58.6234
2019-03-26,58.7669
2019-03-27,58.8079
2019-03-28,58.9240
2019-03-29,59.0743
2019-04-01,59.0599
2019-04-02,59.0874
2019-04-03,59.1079
2019-04-04,59.1971
2019-04-05,59.3069
2019-04-08,59.2726
2019-04-09,59.2314
2019-04-10,59.4922
2019-04-11,59.5814
2019-04-12,59.6706
2019-04-15,59.6294
2019-04-16,59.5951
2019-04-17,59.4510
2019-04-18,59.4785
2019-04-22,59.3755
2019-04-23,59.5814
2019-04-24,59.4990
2019-04-25,59.5265
2019-04-26,59.6774
2019-04-29,59.6500
2019-04-30,59.6569
2019-05-01,59.4611
2019-05-02,59.5025
2019-05-03,59.6541
2019-05-06,59.6817
2019-05-07,59.3233
2019-05-08,59.3440
2019-05-09,59.2544
2019-05-10,59.4198
2019-05-13,58.8754
2019-05-14,59.0064
2019-05-15,59.0615
2019-05-16,59.2406
2019-05-17,59.2200
2019-05-20,59.1648
2019-05-21,59.3509
2019-05-22,59.3991
2019-05-23,59.1028
2019-05-24,59.0201
2019-05-28,58.9650
2019-05-29,58.8065
2019-05-30,58.9306
2019-05-31,58.5033
2019-06-03,58.5975
2019-06-04,59.1859
2019-06-05,59.3243
2019-06-06,59.4489
2019-06-07,59.6012
2019-06-10,59.6912
2019-06-11,59.7743
2019-06-12,59.6358
2019-06-13,59.7743
2019-06-14,59.7327
2019-06-17,59.6427
2019-06-18,60.0581
2019-06-19,60.3419
2019-06-20,60.6465
2019-06-21,60.4527
2019-06-24,60.4457
2019-06-25,60.1896
2019-06-26,60.1619
2019-06-27,60.3280
2019-06-28,60.3489
2019-07-01,60.3669
2019-07-02,60.4990
2019-07-03,60.7285
2019-07-05,60.4851
2019-07-08,60.3669
2019-07-09,60.2974
2019-07-10,60.4643
2019-07-11,60.3460
2019-07-12,60.4434
2019-07-15,60.4851
2019-07-16,60.3599
2019-07-17,60.2835
2019-07-18,60.3113
2019-07-19,60.2070
2019-07-22,60.4086
2019-07-23,60.5129
2019-07-24,60.5616
2019-07-25,60.4782
2019-07-26,60.6103
2019-07-29,60.5199
2019-07-30,60.5477
2019-07-31,60.4434
2019-08-01,60.4134
2019-08-02,60.3226
2019-08-05,59.6942
2019-08-06,60.0782
2019-08-07,60.0712
2019-08-08,60.3086
2019-08-09,60.2248
2019-08-12,60.0154
2019-08-13,60.2807
2019-08-14,59.7430
2019-08-15,59.9176
2019-08-16,60.1201
2019-08-19,60.2947
2019-08-20,60.3435
2019-08-21,60.6019
2019-08-22,60.7136
2019-08-23,60.4343
2019-08-26,60.7346
2019-08-27,60.7066
2019-08-28,60.8532
2019-08-29,60.9161
2019-08-30,60.8603
2019-09-03,60.6856
2019-09-04,60.8119
2019-09-05,61.0503
2019-09-06,61.1064
2019-09-09,61.1695
2019-09-10,61.2046
2019-09-11,61.1976
2019-09-12,61.2326
2019-09-13,61.1204
2019-09-16,61.3378
2019-09-17,61.3728
2019-09-18,61.3378
2019-09-19,61.2677
2019-09-20,61.3448
2019-09-23,61.3168
2019-09-24,61.2326
2019-09-25,61.1695
2019-09-26,61.1274
2019-09-27,61.0573
2019-09-30,61.1274
2019-10-01,60.9866
2019-10-02,60.6275
2019-10-03,60.6627
2019-10-04,60.8528
2019-10-07,60.8035
2019-10-08,60.5783
2019-10-09,60.7613
2019-10-10,60.8388
2019-10-11,61.0922
2019-10-14,61.1345
2019-10-15,61.2682
2019-10-16,61.2189
2019-10-17,61.3034
2019-10-18,61.3175
2019-10-21,61.3386
2019-10-22,61.3527
2019-10-23,61.4090
2019-10-24,61.4795
2019-10-25,61.5288
2019-10-28,61.5217
2019-10-29,61.4090
2019-10-30,61.3316
2019-10-31,61.1204
2019-11-01,61.3827
2019-11-04,61.5099
2019-11-05,61.4463
2019-11-06,61.3756
2019-11-07,61.3473
2019-11-08,61.4039
2019-11-11,61.3686
2019-11-12,61.3827
2019-11-13,61.3191
2019-11-14,61.2837
2019-11-15,61.4675
2019-11-18,61.3897
2019-11-19,61.1706
2019-11-20,61.0433
2019-11-21,61.0574
2019-11-22,61.2908
2019-11-25,61.4534
2019-11-26,61.5241
2019-11-27,61.6018
2019-11-29,61.4675
2019-12-02,61.4257
2019-12-03,61.3405
2019-12-04,61.5250
2019-12-05,61.6173
2019-12-06,61.7024
2019-12-09,61.7024
2019-12-10,61.8515
2019-12-11,61.9793
2019-12-12,62.1212
2019-12-13,62.1851
2019-12-16,62.3058
2019-12-17,62.4974
2019-12-18,62.6110
2019-12-19,62.5782
2019-12-20,62.4856
2019-12-23,62.5141
2019-12-24,62.5640
2019-12-26,62.6566
2019-12-27,62.6281
2019-12-30,62.5854
2019-12-31,62.6424
2020-01-02,62.9059
2020-01-03,62.8418
2020-01-06,62.7777
2020-01-07,62.7207
2020-01-08,62.7777
2020-01-09,62.9415
2020-01-10,62.9629
2020-01-13,62.9629
2020-01-14,62.9557
2020-01-15,62.9700
2020-01-16,62.9914
2020-01-17,62.9415
2020-01-21,62.8062
2020-01-22,62.9202
2020-01-23,62.7278
2020-01-24,62.4643
2020-01-27,62.0440
2020-01-28,62.5782
2020-01-29,62.5426
2020-01-30,62.6067
2020-01-31,62.3503
2020-02-03,62.3403
2020-02-04,62.7122
2020-02-05,62.9698
2020-02-06,63.0198
2020-02-07,62.9269
2020-02-10,63.0127
2020-02-11,63.0556
2020-02-12,63.2201
2020-02-13,63.2416
2020-02-14,63.2344
2020-02-18,63.1057
2020-02-19,63.1343
2020-02-20,63.2416
2020-02-21,63.1844
2020-02-24,62.5048
2020-02-25,62.0684
2020-02-26,62.1329
2020-02-27,61.2959
2020-02-28,61.5463
2020-03-02,62.0133
2020-03-03,61.7474
2020-03-04,62.5953
2020-03-05,61.8049
2020-03-06,61.1080
2020-03-09,58.4783
2020-03-10,59.3764
2020-03-11,58.0831
2020-03-12,55.7624
2020-03-13,57.5155
2020-03-16,54.3541
2020-03-17,54.8643
2020-03-18,52.4429
2020-03-19,51.2646
2020-03-20,50.1150
2020-03-23,49.3103
2020-03-24,51.3436
2020-03-25,52.7878
2020-03-26,55.2019
2020-03-27,55.3457
2020-03-30,55.8199
2020-03-31,55.3744
2020-04-01,53.8544
2020-04-02,54.2732
2020-04-03,53.1106
2020-04-06,54.4032
2020-04-07,54.4032
2020-04-08,55.8185
2020-04-09,59.4723
2020-04-13,58.6202
2020-04-14,58.8658
2020-04-15,58.3170
2020-04-16,58.2592
2020-04-17,58.5553
2020-04-20,57.6743
2020-04-21,56.6200
2020-04-22,57.1183
2020-04-23,57.0894
2020-04-24,56.5550
2020-04-27,56.7861
2020-04-28,56.9594
2020-04-29,57.9631
2020-04-30,58.0787
2020-05-01,57.0768
2020-05-04,56.9970
2020-05-05,57.4903
2020-05-06,57.1639
2020-05-07,57.3090
2020-05-08,57.8531
2020-05-11,57.5919
2020-05-12,57.5194
2020-05-13,57.2147
2020-05-14,57.0188
2020-05-15,57.0986
2020-05-18,58.1070
2020-05-19,58.1795
2020-05-20,58.7961
2020-05-21,58.7816
2020-05-22,58.9267
2020-05-26,59.3692
2020-05-27,59.4925
2020-05-28,59.5506
2020-05-29,59.7899
2020-06-01,60.2422
2020-06-02,60.8394
2020-06-03,61.1234
2020-06-04,60.9341
2020-06-05,61.5094
2020-06-08,61.5822
2020-06-09,61.1016
2020-06-10,61.0142
2020-06-11,59.4484
2020-06-12,60.0383
2020-06-15,60.6209
2020-06-16,60.8685
2020-06-17,60.5845
2020-06-18,60.5627
2020-06-19,60.3587
2020-06-22,60.3150
2020-06-23,60.4024
2020-06-24,59.7834
2020-06-25,59.8053
2020-06-26,59.2372
2020-06-29,58.9022
2020-06-30,59.4411
2020-07-01,59.6262
2020-07-02,60.0649
2020-07-06,60.4965
2020-07-07,60.0942
2020-07-08,60.2551
2020-07-09,60.1235
2020-07-10,60.3282
2020-07-13,59.9992
2020-07-14,60.5111
2020-07-15,60.8548
2020-07-16,60.9133
2020-07-17,61.0815
2020-07-20,61.4472
2020-07-21,61.7324
2020-07-22,61.8567
2020-07-23,61.8129
2020-07-24,61.8714
2020-07-27,62.0176
2020-07-28,61.8567
2020-07-29,62.2005
2020-07-30,62.3321
2020-07-31,62.4491
2020-08-03,62.4646
2020-08-04,62.4425
2020-08-05,62.5527
2020-08-06,62.6922
2020-08-07,62.5380
2020-08-10,62.5674
2020-08-11,62.0020
2020-08-12,62.0166
2020-08-13,61.8478
2020-08-14,61.7376
2020-08-17,62.1048
2020-08-18,62.2002
2020-08-19,62.0239
2020-08-20,62.2296
2020-08-21,62.2222
2020-08-24,62.5086
2020-08-25,62.5746
2020-08-26,62.5674
2020-08-27,62.4719
2020-08-28,62.5233
2020-08-31,62.4352
2020-09-01,62.7750
2020-09-02,62.8487
2020-09-03,62.4580
2020-09-04,62.2885
2020-09-08,61.9420
2020-09-09,62.4285
2020-09-10,62.1336
2020-09-11,62.2590
2020-09-14,62.1926
2020-09-15,62.3622
2020-09-16,62.3622
2020-09-17,62.2958
2020-09-18,62.1410
2020-09-21,61.6397
2020-09-22,61.8535
2020-09-23,61.2269
2020-09-24,61.2637
2020-09-25,61.1532
2020-09-28,61.5512
2020-09-29,61.6028
2020-09-30,61.8535
2020-10-01,62.0660
2020-10-02,62.0660
2020-10-05,62.5324
2020-10-06,62.3917
2020-10-07,62.6138
2020-10-08,62.7545
2020-10-09,62.8952
2020-10-12,63.2136
2020-10-13,62.9322
2020-10-14,62.7768
2020-10-15,62.7323
2020-10-16,62.6583
2020-10-19,62.4362
2020-10-20,62.6583
2020-10-21,62.6509
2020-10-22,62.7619
2020-10-23,62.8360
2020-10-26,62.2807
2020-10-27,62.3103
2020-10-28,61.7920
2020-10-29,61.9697
2020-10-30,62.1030
2020-11-02,62.2510
2020-11-03,62.7863
2020-11-04,63.3737
2020-11-05,63.5968
2020-11-06,63.3737
2020-11-09,63.8571
2020-11-10,63.7678
2020-11-11,63.7455
2020-11-12,63.3143
2020-11-13,63.5299
2020-11-16,63.8868
2020-11-17,63.9091
2020-11-18,63.7901
2020-11-19,64.0058
2020-11-20,63.8868
2020-11-23,63.9835
2020-11-24,64.1768
2020-11-25,64.1470
2020-11-27,64.2512
2020-11-30,64.1843
2020-12-01,64.3492
2020-12-02,64.5284
2020-12-03,64.5657
2020-12-04,64.8344
2020-12-07,64.8046
2020-12-08,64.7523
2020-12-09,64.6553
2020-12-10,64.7747
2020-12-11,64.7075
2020-12-14,64.7225
2020-12-15,64.9240
2020-12-16,64.8270
2020-12-17,64.9237
2020-12-18,64.9762
2020-12-21,64.7438
2020-12-22,64.8262
2020-12-23,65.1186
2020-12-24,65.2535
2020-12-28,65.3359
2020-12-29,65.2535
2020-12-30,65.3884
2020-12-31,65.4409
2021-01-04,65.3060
2021-01-05,65.3285
2021-01-06,65.2085
2021-01-07,65.3959
2021-01-08,65.4934
2021-01-11,65.1410
2021-01-12,65.2235
2021-01-13,65.4184
2021-01-14,65.4035
2021-01-15,65.2985
2021-01-19,65.4859
2021-01-20,65.6058
2021-01-21,65.5684
2021-01-22,65.4409
2021-01-25,65.4559
2021-01-26,65.3585
2021-01-27,65.1710
2021-01-28,65.3659
2021-01-29,65.1936
2021-02-01,65.4027
2021-02-02,65.5607
2021-02-03,65.6134
2021-02-04,65.7488
2021-02-05,65.8466
2021-02-08,66.0422
2021-02-09,65.9218
2021-02-10,65.9068
2021-02-11,65.9369
2021-02-12,66.0422
2021-02-16,65.9369
2021-02-17,65.9143
2021-02-18,65.8240
2021-02-19,65.8315
2021-02-22,65.6284
2021-02-23,65.7864
2021-02-24,65.8541
2021-02-25,65.2296
2021-02-26,65.0340
2021-03-01,65.7642
2021-03-02,65.6660
2021-03-03,65.4546
2021-03-04,65.2054
2021-03-05,65.4017
2021-03-08,64.9260
2021-03-09,65.0167
2021-03-10,65.2205
2021-03-11,65.4621
2021-03-12,65.2809
2021-03-15,65.2885
2021-03-16,65.1375
2021-03-17,65.2281
2021-03-18,64.7297
2021-03-19,64.9789
2021-03-22,65.2130
2021-03-23,65.2809
2021-03-24,65.3187
2021-03-25,65.4319
2021-03-26,65.6282
2021-03-29,65.6660
2021-03-30,65.5075
2021-03-31,65.8246
2021-04-01,65.9640
2021-04-05,65.9943
2021-04-06,66.1079
2021-04-07,66.0852
2021-04-08,66.1079
2021-04-09,66.0625
2021-04-12,65.9943
2021-04-13,66.0397
2021-04-14,66.0094
2021-04-15,66.2746
2021-04-16,66.1382
2021-04-19,66.0322
2021-04-20,65.9185
2021-04-21,66.1382
2021-04-22,66.0170
2021-04-23,66.1912
2021-04-26,66.1610
2021-04-27,66.0700
2021-04-28,66.1988
2021-04-29,66.2746
2021-04-30,66.2443
2021-05-03,66.2701
2021-05-04,66.2321
2021-05-05,66.3613
2021-05-06,66.3385
2021-05-07,66.3842
2021-05-10,66.2321
2021-05-11,66.1637
2021-05-12,65.8445
2021-05-13,66.0801
2021-05-14,66.2929
2021-05-17,66.1713
2021-05-18,66.0117
2021-05-19,65.8368
2021-05-20,66.1181
2021-05-21,66.2169
2021-05-24,66.2929
2021-05-25,66.3005
2021-05-26,66.3233
2021-05-27,66.2929
2021-05-28,66.2701
2021-06-01,66.4692
2021-06-02,66.5531
2021-06-03,66.4158
2021-06-04,66.5607
2021-06-07,66.5836
2021-06-08,66.6294
2021-06-09,66.6827
2021-06-10,66.8048
2021-06-11,66.8277
2021-06-14,66.7666
2021-06-15,66.7590
2021-06-16,66.6675
2021-06-17,66.7132
2021-06-18,66.6827
2021-06-21,66.8124
2021-06-22,66.8582
2021-06-23,66.7895
2021-06-24,66.9954
2021-06-25,67.0641
2021-06-28,67.0565
2021-06-29,67.1404
2021-06-30,67.1480
2021-07-01,67.2796
2021-07-02,67.3867
2021-07-06,67.3485
2021-07-07,67.3714
2021-07-08,67.2260
2021-07-09,67.3408
2021-07-12,67.3179
2021-07-13,67.1189
2021-07-14,67.2260
2021-07-15,67.1801
2021-07-16,67.0883
2021-07-19,66.6368
2021-07-20,66.9735
2021-07-21,67.1342
2021-07-22,67.1725
2021-07-23,67.3025
2021-07-26,67.2031
2021-07-27,67.1113
2021-07-28,67.1648
2021-07-29,67.3102
2021-07-30,67.2184
2021-08-02,67.0518
2021-08-03,67.1286
2021-08-04,67.0057
2021-08-05,67.1593
2021-08-06,67.0825
2021-08-09,66.9289
2021-08-10,66.7754
2021-08-11,66.8829
2021-08-12,66.9980
2021-08-13,67.1439
2021-08-16,67.1669
2021-08-17,67.0134
2021-08-18,66.8599
2021-08-19,66.8522
2021-08-20,67.0134
2021-08-23,67.2207
2021-08-24,67.3128
2021-08-25,67.3819
2021-08-26,67.3435
2021-08-27,67.5278
2021-08-30,67.6122
2021-08-31,67.6276
2021-09-01,67.6853
2021-09-02,67.7700
2021-09-03,67.7777
2021-09-07,67.6006
2021-09-08,67.6776
2021-09-09,67.7392
2021-09-10,67.6391
2021-09-13,67.8085
2021-09-14,67.7777
2021-09-15,67.8779
2021-09-16,67.8548
2021-09-17,67.7700
2021-09-20,67.5313
2021-09-21,67.6468
2021-09-22,67.7700
2021-09-23,67.8009
2021-09-24,67.7007
2021-09-27,67.6391
2021-09-28,67.3311
2021-09-29,67.4543
2021-09-30,67.3773
2021-10-01,67.5388
2021-10-04,67.2992
2021-10-05,67.2683
2021-10-06,67.2297
2021-10-07,67.2374
2021-10-08,67.0366
2021-10-11,66.8279
2021-10-12,66.9516
2021-10-13,67.1293
2021-10-14,67.5079
2021-10-15,67.3920
2021-10-18,67.3611
2021-10-19,67.4074
2021-10-20,67.4306
2021-10-21,67.2606
2021-10-22,67.0983
2021-10-25,67.2143
2021-10-26,67.2297
2021-10-27,67.1756
2021-10-28,67.3456
2021-10-29,67.1679
2021-11-01,67.0958
2021-11-02,67.2586
2021-11-03,67.3903
2021-11-04,67.5686
2021-11-05,67.8245
2021-11-08,67.7392
2021-11-09,67.7934
2021-11-10,67.4136
2021-11-11,67.2973
2021-11-12,67.3206
2021-11-15,67.2431
2021-11-16,67.2741
2021-11-17,67.2044
2021-11-18,67.1501
2021-11-19,67.0958
2021-11-22,66.8400
2021-11-23,66.7470
2021-11-24,66.7315
2021-11-26,66.2509
2021-11-29,66.6618
2021-11-30,66.3827
2021-12-01,66.3920
2021-12-02,66.8820
2021-12-03,66.8820
2021-12-06,67.1775
2021-12-07,67.5352
2021-12-08,67.5197
2021-12-09,67.2164
2021-12-10,67.3719
2021-12-13,67.3719
2021-12-14,67.2553
2021-12-15,67.5119
2021-12-16,67.4620
2021-12-17,67.3995
2021-12-20,67.2825
2021-12-21,67.6414
2021-12-22,67.8209
2021-12-23,68.0160
2021-12-27,68.0862
2021-12-28,68.0550
2021-12-29,67.9458
2021-12-30,67.9146
2021-12-31,67.8990
2022-01-03,67.8677
2022-01-04,67.6961
2022-01-05,67.1732
2022-01-06,67.1810
2022-01-07,67.0094
2022-01-10,67.0640
2022-01-11,67.3761
2022-01-12,67.4854
2022-01-13,67.2435
2022-01-14,67.1810
2022-01-18,66.8533
2022-01-19,66.7909
2022-01-20,66.6660
2022-01-21,66.6738
2022-01-24,66.6035
2022-01-25,66.4085
2022-01-26,66.1822
2022-01-27,65.8934
2022-01-28,66.0807
2022-01-31,66.0963
2022-02-01,66.3587
2022-02-02,66.4605
2022-02-03,65.8653
2022-02-04,65.6068
2022-02-07,65.5599
2022-02-08,65.4894
2022-02-09,65.8340
2022-02-10,64.9646
2022-02-11,64.7375
2022-02-14,64.6279
2022-02-15,64.7375
2022-02-16,65.0978
2022-02-17,64.8237
2022-02-18,64.9176
2022-02-22,64.7688
2022-02-23,64.6514
2022-02-24,65.1135
2022-02-25,65.4815
2022-02-28,65.5285
2022-03-01,65.3454
2022-03-02,65.5026
2022-03-03,65.3061
2022-03-04,64.8816
2022-03-07,64.3156
2022-03-08,64.0877
2022-03-09,64.6222
2022-03-10,64.0798
2022-03-11,63.6160
2022-03-14,62.8614
2022-03-15,63.3331
2022-03-16,64.2213
2022-03-17,64.6615
2022-03-18,64.8737
2022-03-21,64.1270
2022-03-22,64.4571
2022-03-23,64.2527
2022-03-24,64.3864
2022-03-25,63.9226
2022-03-28,64.3235
2022-03-29,65.1174
2022-03-30,64.9209
2022-03-31,64.6851
2022-04-01,64.6803
2022-04-04,65.1697
2022-04-05,64.3252
2022-04-06,63.8200
2022-04-07,63.7174
2022-04-08,63.3307
2022-04-11,62.8966
2022-04-12,63.3781
2022-04-13,63.7569
2022-04-14,63.3307
2022-04-18,63.2281
2022-04-19,63.1728
2022-04-20,63.3702
2022-04-21,62.9361
2022-04-22,62.5572
2022-04-25,63.0860
2022-04-26,62.7151
2022-04-27,62.4073
2022-04-28,62.7546
2022-04-29,61.9811
2022-05-02,61.9850
2022-05-03,62.3099
2022-05-04,62.9437
2022-05-05,61.8266
2022-05-06,61.4779
2022-05-09,60.8282
2022-05-10,61.1768
2022-05-11,60.8124
2022-05-12,60.7886
2022-05-13,60.8599
2022-05-16,60.7727
2022-05-17,60.7173
2022-05-18,60.2181
2022-05-19,60.6222
2022-05-20,60.5826
2022-05-23,60.8203
2022-05-24,61.1848
2022-05-25,62.1118
2022-05-26,62.9755
2022-05-27,63.5380
2022-05-31,62.9913
2022-06-01,62.7583
2022-06-02,63.0207
2022-06-03,62.5514
2022-06-06,62.0822
2022-06-07,62.2253
2022-06-08,61.6924
2022-06-09,61.1992
2022-06-10,60.1572
2022-06-13,58.1448
2022-06-14,58.5266
2022-06-15,59.6641
2022-06-16,58.7175
2022-06-17,58.9005
2022-06-21,58.8607
2022-06-22,58.8448
2022-06-23,59.2663
2022-06-24,59.6879
2022-06-27,59.3220
2022-06-28,58.6698
2022-06-29,58.5823
2022-06-30,58.5505
2022-07-01,59.1090
2022-07-05,59.0531
2022-07-06,58.8294
2022-07-07,59.7882
2022-07-08,59.8361
2022-07-11,59.5005
2022-07-12,59.7402
2022-07-13,59.6763
2022-07-14,59.5644
2022-07-15,60.3235
2022-07-18,59.7402
2022-07-19,60.5312
2022-07-20,60.7948
2022-07-21,61.5139
2022-07-22,61.4340
2022-07-25,61.4181
2022-07-26,60.9866
2022-07-27,61.6577
2022-07-28,62.2889
2022-07-29,62.4727
2022-08-01,62.4920
2022-08-02,62.2032
2022-08-03,62.7486
2022-08-04,62.9171
2022-08-05,62.5962
2022-08-08,62.6524
2022-08-09,62.1872
2022-08-10,63.1176
2022-08-11,62.7567
2022-08-12,63.3181
2022-08-15,63.2058
2022-08-16,62.9091
2022-08-17,62.2593
2022-08-18,62.3556
2022-08-19,61.7219
2022-08-22,61.0241
2022-08-23,61.1765
2022-08-24,61.2487
2022-08-25,61.8262
2022-08-26,60.8075
2022-08-29,60.5749
2022-08-30,60.1097
2022-08-31,59.7808
2022-09-01,59.9388
2022-09-02,59.8985
2022-09-06,59.7374
2022-09-07,60.5998
2022-09-08,60.8658
2022-09-09,61.1076
2022-09-12,61.2930
2022-09-13,59.8985
2022-09-14,59.9872
2022-09-15,59.6083
2022-09-16,59.8099
2022-09-19,60.0356
2022-09-20,59.4230
2022-09-21,59.2456
2022-09-22,58.8909
2022-09-23,58.1413
2022-09-26,57.4561
2022-09-27,57.3352
2022-09-28,58.3590
2022-09-29,57.8108
2022-09-30,57.5448
2022-10-03,58.2990
2022-10-04,59.5545
2022-10-05,59.3196
2022-10-06,59.1414
2022-10-07,58.4205
2022-10-10,57.7077
2022-10-11,57.8858
2022-10-12,57.9831
2022-10-13,58.1127
2022-10-14,57.9264
2022-10-17,58.6392
2022-10-18,59.0523
2022-10-19,58.4853
2022-10-20,58.1613
2022-10-21,58.7202
2022-10-24,58.7607
2022-10-25,59.3278
2022-10-26,59.4897
2022-10-27,59.9272
2022-10-28,60.3889
2022-10-31,59.4817
2022-11-01,59.8394
2022-11-02,59.2946
2022-11-03,58.8718
2022-11-04,59.2784
2022-11-07,59.2702
2022-11-08,59.2133
2022-11-09,58.5059
2022-11-10,60.3273
2022-11-11,60.5387
2022-11-14,60.0915
2022-11-15,60.6201
2022-11-16,60.4900
2022-11-17,60.2298
2022-11-18,60.3598
2022-11-21,60.3355
2022-11-22,60.7745
2022-11-23,61.1161
2022-11-25,60.9941
2022-11-28,60.3517
2022-11-29,60.6119
2022-11-30,61.5226
2022-12-01,61.7505
2022-12-02,61.7015
2022-12-05,61.1135
2022-12-06,60.8931
2022-12-07,61.2279
2022-12-08,61.2769
2022-12-09,61.2769
2022-12-12,61.5137
2022-12-13,62.1506
2022-12-14,61.7995
2022-12-15,61.5664
2022-12-16,61.2380
2022-12-19,60.9261
2022-12-20,60.7701
2022-12-21,61.2873
2022-12-22,60.9096
2022-12-23,61.0656
2022-12-27,60.4335
2022-12-28,59.6209
2022-12-29,60.3925
2022-12-30,60.4417
2023-01-03,60.5567
2023-01-04,61.2544
2023-01-05,61.1313
2023-01-06,62.0014
2023-01-09,62.2230
2023-01-10,62.1492
2023-01-11,62.5596
2023-01-12,62.9126
2023-01-13,62.9126
2023-01-17,62.6992
2023-01-18,62.7730
2023-01-19,62.4036
2023-01-20,62.5268
2023-01-23,62.5186
2023-01-24,62.5596
2023-01-25,62.5514
2023-01-26,62.7074
2023-01-27,62.5186
2023-01-30,62.1738
2023-01-31,62.6581
2023-02-01,63.3164
2023-02-02,63.6793
2023-02-03,63.0112
2023-02-06,62.6070
2023-02-07,62.8297
2023-02-08,62.5658
2023-02-09,62.1616
2023-02-10,61.6831
2023-02-13,61.8399
2023-02-14,61.8564
2023-02-15,61.7574
2023-02-16,61.2625
2023-02-17,61.5017
2023-02-21,60.5531
2023-02-22,60.9490
2023-02-23,61.5512
2023-02-24,61.1800
2023-02-27,61.5924
2023-02-28,61.4769
2023-03-01,61.3027
2023-03-02,61.3773
2023-03-03,62.0080
2023-03-06,62.0080
2023-03-07,61.5682
2023-03-08,61.2777
2023-03-09,60.9375
2023-03-10,60.9458
2023-03-13,60.6139
2023-03-14,61.0537
2023-03-15,60.8545
2023-03-16,61.2528
2023-03-17,60.8877
2023-03-20,60.7217
2023-03-21,61.3856
2023-03-22,61.4437
2023-03-23,61.2031
2023-03-24,61.0786
2023-03-27,60.9292
2023-03-28,60.8960
2023-03-29,61.6595
2023-03-30,62.0246
2023-03-31,62.6968
2023-04-03,62.6485
2023-04-04,62.4651
2023-04-05,62.1149
2023-04-06,62.3900
2023-04-10,62.3317
2023-04-11,62.4651
2023-04-12,62.4484
2023-04-13,62.8736
2023-04-14,62.7568
2023-04-17,62.5902
2023-04-18,62.6318
2023-04-19,62.3817
2023-04-20,62.3233
2023-04-21,62.5151
2023-04-24,62.6902
2023-04-25,62.5902
2023-04-26,62.3484
2023-04-27,62.5568
2023-04-28,62.8236
2023-05-01,62.5355
2023-05-02,62.4769
2023-05-03,62.4435
2023-05-04,62.2592
2023-05-05,62.5941
2023-05-08,62.4183
2023-05-09,62.2592
2023-05-10,62.6360
2023-05-11,62.5355
2023-05-12,62.3095
2023-05-15,62.2927
2023-05-16,61.8574
2023-05-17,62.0248
2023-05-18,62.0583
2023-05-19,62.1253
2023-05-22,62.4016
2023-05-23,62.0750
2023-05-24,61.6397
2023-05-25,61.5978
2023-05-26,61.9745
2023-05-30,62.2425
2023-05-31,62.0499
2023-06-01,62.4226
2023-06-02,62.7423
2023-06-05,62.6918
2023-06-06,62.7928
2023-06-07,62.4478
2023-06-08,62.8432
2023-06-09,62.8601
2023-06-12,62.7928
2023-06-13,62.8685
2023-06-14,62.8937
2023-06-15,63.1966
2023-06-16,63.0367
2023-06-20,62.8685
2023-06-21,62.7086
2023-06-22,62.5235
2023-06-23,62.4142
2023-06-26,62.4478
2023-06-27,62.6582
2023-06-28,63.0199
2023-06-29,62.8517
2023-06-30,63.1545
2023-07-03,63.0556
2023-07-05,62.8610
2023-07-06,62.4043
2023-07-07,62.4635
2023-07-10,62.7764
2023-07-11,63.1148
2023-07-12,63.6053
2023-07-13,63.9859
2023-07-14,63.5207
2023-07-17,63.6392
2023-07-18,63.8168
2023-07-19,63.8675
2023-07-20,63.5884
2023-07-21,63.7491
2023-07-24,63.6392
2023-07-25,63.5969
2023-07-26,63.8506
2023-07-27,63.3431
2023-07-28,63.7068
2023-07-31,63.8591
2023-08-01,63.5429
2023-08-02,63.2710
2023-08-03,63.0670
2023-08-04,63.4409
2023-08-07,63.5599
2023-08-08,63.6959
2023-08-09,63.7044
2023-08-10,63.6874
2023-08-11,63.5939
2023-08-14,63.5854
2023-08-15,63.3815
2023-08-16,63.1860
2023-08-17,62.9225
2023-08-18,62.9650
2023-08-21,62.9481
2023-08-22,62.9820
2023-08-23,63.4919
2023-08-24,63.1435
2023-08-25,63.4070
2023-08-28,63.6449
2023-08-29,64.0443
2023-08-30,64.0188
2023-08-31,63.9763
2023-09-01,64.0967
2023-09-05,63.6784
2023-09-06,63.5247
2023-09-07,63.7381
2023-09-08,63.7125
2023-09-11,63.8235
2023-09-12,63.7210
2023-09-13,63.8918
2023-09-14,63.9686
2023-09-15,63.7296
2023-09-18,63.7723
2023-09-19,63.5759
2023-09-20,63.5247
2023-09-21,63.0721
2023-09-22,63.1831
2023-09-25,63.0978
2023-09-26,62.8245
2023-09-27,62.7392
2023-09-28,63.0380
2023-09-29,62.9441
2023-10-02,62.5621
2023-10-03,61.9270
2023-10-04,62.2446
2023-10-05,62.3046
2023-10-06,62.3905
2023-10-09,62.8539
2023-10-10,62.8368
2023-10-11,62.8282
2023-10-12,62.4934
2023-10-13,62.4420
2023-10-16,62.4248
2023-10-17,62.1330
2023-10-18,61.8326
2023-10-19,61.6094
2023-10-20,61.7381
2023-10-23,61.9871
2023-10-24,62.3046
2023-10-25,61.9699
2023-10-26,62.1845
2023-10-27,62.1072
2023-10-30,62.1244
2023-10-31,62.2875
2023-11-01,62.8812
2023-11-02,63.5887
2023-11-03,64.2101
2023-11-06,63.9512
2023-11-07,63.9598
2023-11-08,63.9943
2023-11-09,63.5974
2023-11-10,63.9080
2023-11-13,63.8476
2023-11-14,64.4948
2023-11-15,64.2877
2023-11-16,64.3740
2023-11-17,64.5207
2023-11-20,64.5898
2023-11-21,64.6760
2023-11-22,64.7882
2023-11-24,64.7192
2023-11-27,64.8141
2023-11-28,65.0989
2023-11-29,65.4527
2023-11-30,65.3319
2023-12-01,65.8728
2023-12-04,65.7081
2023-12-05,65.7688
2023-12-06,65.7774
2023-12-07,65.8901
2023-12-08,65.7601
2023-12-11,65.7167
2023-12-12,65.8641
2023-12-13,66.8697
2023-12-14,67.1650
2023-12-15,67.0169
2023-12-18,67.0605
2023-12-19,67.2521
2023-12-20,67.2608
2023-12-21,67.5657
2023-12-22,67.4873
2023-12-26,67.6180
2023-12-27,67.8968
2023-12-28,67.6790
2023-12-29,67.4176
2024-01-02,67.1911
2024-01-03,67.0082
2024-01-04,66.7468
2024-01-05,66.7991
2024-01-08,67.1737
2024-01-09,67.2782
2024-01-10,67.4002
2024-01-11,67.6180
2024-01-12,67.6877
2024-01-16,67.2608
2024-01-17,66.9733
2024-01-18,67.1127
2024-01-19,67.2260
2024-01-22,67.2782
2024-01-23,67.1998
2024-01-24,67.1650
2024-01-25,67.6790
2024-01-26,67.6267
2024-01-29,67.7748
2024-01-30,67.6877
2024-01-31,67.4960
2024-02-01,67.8847
2024-02-02,67.5783
2024-02-05,67.2632
2024-02-06,67.5083
2024-02-07,67.6221
2024-02-08,67.5871
2024-02-09,67.7271
2024-02-12,67.5783
2024-02-13,67.0355
2024-02-14,67.2982
2024-02-15,67.5345
2024-02-16,67.3332
2024-02-20,67.4733
2024-02-21,67.3507
2024-02-22,67.6746
2024-02-23,67.7184
2024-02-26,67.4995
2024-02-27,67.5871
2024-02-28,67.5783
2024-02-29,67.7009
2024-03-01,67.9545
2024-03-04,67.9368
2024-03-05,67.8840
2024-03-06,68.0513
2024-03-07,68.1306
2024-03-08,68.1481
2024-03-11,68.1393
2024-03-12,68.2010
2024-03-13,68.2274
2024-03-14,67.9016
2024-03-15,67.8576
2024-03-18,68.0161
2024-03-19,68.2890
2024-03-20,68.5180
2024-03-21,68.4827
2024-03-22,68.4123
2024-03-25,68.3067
2024-03-26,68.2274
2024-03-27,68.5884
2024-03-28,68.4387
2024-04-01,68.1600
2024-04-02,68.0449
2024-04-03,68.0980
2024-04-04,68.0449
2024-04-05,67.9830
2024-04-08,68.1422
2024-04-09,68.2838
2024-04-10,67.6821
2024-04-11,67.6201
2024-04-12,67.5847
2024-04-15,67.1953
2024-04-16,66.9741
2024-04-17,67.0626
2024-04-18,67.1157
2024-04-19,67.2396
2024-04-22,67.6113
2024-04-23,67.8856
2024-04-24,67.7352
2024-04-25,67.5936
2024-04-26,67.8060
2024-04-29,68.0095
2024-04-30,67.5139
2024-05-01,67.8698
2024-05-02,68.2879
2024-05-03,68.5726
2024-05-06,68.6526
2024-05-07,68.6616
2024-05-08,68.5014
2024-05-09,68.5192
2024-05-10,68.4124
2024-05-13,68.3947
2024-05-14,68.5014
2024-05-15,68.9018
2024-05-16,68.7416
2024-05-17,68.7505
2024-05-20,68.7861
2024-05-21,68.7327
2024-05-22,68.5815
2024-05-23,68.3413
2024-05-24,68.5815
2024-05-28,68.3057
2024-05-29,68.1011
2024-05-30,68.3769
2024-05-31,68.6171
2024-06-03,68.8298
2024-06-04,68.7940
2024-06-05,69.0175
2024-06-06,68.9013
2024-06-07,68.7225
2024-06-10,68.7851
2024-06-11,68.8745
2024-06-12,69.1516
2024-06-13,69.1426
2024-06-14,68.8745
2024-06-17,68.9192
2024-06-18,69.1337
2024-06-20,69.0890
2024-06-21,69.1694
2024-06-24,69.0979
2024-06-25,69.1873
2024-06-26,69.0354
2024-06-27,69.1158
2024-06-28,68.9460
2024-07-01,68.9325
2024-07-02,69.1212
2024-07-03,69.3638
2024-07-05,69.5704
2024-07-08,69.5525
2024-07-09,69.4716
2024-07-10,69.6333
2024-07-11,69.8849
2024-07-12,70.0646
2024-07-15,70.0736
2024-07-16,70.3431
2024-07-17,70.2623
2024-07-18,70.1185
2024-07-19,70.0646
2024-07-22,70.3252
2024-07-23,70.3342
2024-07-24,70.1095
2024-07-25,70.1185
2024-07-26,70.3431
2024-07-29,70.2802
2024-07-30,70.3162
2024-07-31,70.5678
2024-08-01,70.4133
2024-08-02,70.1785
2024-08-05,69.7449
2024-08-06,70.0069
2024-08-07,70.1423
2024-08-08,70.4314
2024-08-09,70.4224
2024-08-12,70.4675
2024-08-13,70.7927
2024-08-14,70.9191
2024-08-15,70.9823
2024-08-16,71.2081
2024-08-19,71.3255
2024-08-20,71.2623
2024-08-21,71.4249
2024-08-22,71.3346
2024-08-23,71.7139
2024-08-26,71.5694
2024-08-27,71.6146
2024-08-28,71.5784
2024-08-29,71.6507
2024-08-30,71.6597
2024-09-03,71.4056
2024-09-04,71.6688
2024-09-05,71.9138
2024-09-06,71.8231
2024-09-09,71.9955
2024-09-10,71.8594
2024-09-11,71.9683
2024-09-12,72.0681
2024-09-13,72.2678
2024-09-16,72.4493
2024-09-17,72.4674
2024-09-18,72.5310
2024-09-19,72.7488
2024-09-20,72.8395
2024-09-23,72.7034
2024-09-24,72.7125
2024-09-25,72.6308
2024-09-26,72.7488
2024-09-27,72.9303
2024-09-30,72.8758
2024-10-01,72.8394
2024-10-02,72.8485
2024-10-03,72.6752
2024-10-04,72.5931
2024-10-07,72.2830
2024-10-08,72.4563
2024-10-09,72.4107
2024-10-10,72.3742
2024-10-11,72.5658
2024-10-14,72.6023
2024-10-15,72.5840
2024-10-16,72.7117
2024-10-17,72.6023
2024-10-18,72.7755
2024-10-21,72.4837
2024-10-22,72.3834
2024-10-23,72.1645
2024-10-24,72.3742
2024-10-25,72.3013
2024-10-28,72.4837
2024-10-29,72.5019
2024-10-30,72.3742
2024-10-31,72.1736
2024-11-01,72.1782
2024-11-04,72.3798
2024-11-05,72.5815
2024-11-06,72.7098
2024-11-07,73.0214
2024-11-08,73.1406
2024-11-11,73.0581
2024-11-12,72.7648
2024-11-13,72.7831
2024-11-14,72.6273
2024-11-15,72.6181
2024-11-18,72.7556
2024-11-19,72.8656
2024-11-20,72.8473
2024-11-21,72.8748
2024-11-22,72.8565
2024-11-25,73.1314
2024-11-26,72.9939
2024-11-27,73.2139
2024-11-29,73.3605
2024-12-02,73.3338
2024-12-03,73.3338
2024-12-04,73.5088
2024-12-05,73.4443
2024-12-06,73.5640
2024-12-09,73.4719
2024-12-10,73.5088
2024-12-11,73.5272
2024-12-12,73.3246
2024-12-13,73.1129
2024-12-16,73.2510
2024-12-17,73.0945
2024-12-18,72.3439
2024-12-19,72.2699
2024-12-20,72.7234
2024-12-23,72.5290
2024-12-24,72.7604
2024-12-26,72.9454
2024-12-27,72.6956
2024-12-30,72.7974
2024-12-31,72.7881
2025-01-02,72.9640
2025-01-03,73.0750
2025-01-06,73.2046
2025-01-07,72.9640
2025-01-08,73.0565
2025-01-10,72.6771
2025-01-13,72.6585
2025-01-14,72.7511
2025-01-15,73.3897
2025-01-16,73.4730
2025-01-17,73.5378
2025-01-21,73.7321
2025-01-22,73.6303
2025-01-23,73.7229
2025-01-24,73.8061
2025-01-27,73.8617
2025-01-28,73.8339
2025-01-29,73.7876
2025-01-30,73.9264
2025-01-31,73.7784
2025-02-03,73.6854
2025-02-04,73.9178
2025-02-05,74.1131
2025-02-06,74.0015
2025-02-07,73.7691
2025-02-10,73.9178
2025-02-11,73.8900
2025-02-12,73.7319
2025-02-13,74.0666
2025-02-14,74.1503
2025-02-18,74.0852
2025-02-19,74.1409
2025-02-20,74.1874
2025-02-21,74.0480
2025-02-24,74.1409
2025-02-25,74.3269
2025-02-26,74.4291
2025-02-27,74.2897
2025-02-28,74.4942
2025-03-03,74.3392
2025-03-04,74.3298
2025-03-05,74.3672
2025-03-06,74.0870
2025-03-07,74.2084
2025-03-10,73.9282
2025-03-11,73.6667
2025-03-12,73.7507
2025-03-13,73.3398
2025-03-14,73.6760
2025-03-17,73.8535
2025-03-18,73.7227
2025-03-19,74.2084
2025-03-20,74.1057
2025-03-21,73.9936
2025-03-24,74.2084
2025-03-25,74.1711
2025-03-26,73.8722
2025-03-27,73.7321
2025-03-28,73.6013
2025-03-31,73.6854
2025-04-01,73.8562
2025-04-02,74.0064
2025-04-03,73.0866
2025-04-04,72.0447
2025-04-07,71.4253
2025-04-08,71.0968
2025-04-09,73.0021
2025-04-10,71.8101
2025-04-11,72.0260
2025-04-14,72.3826
2025-04-15,72.5797
2025-04-16,72.5703
2025-04-17,72.9927
2025-04-21,72.5610
2025-04-22,72.8425
2025-04-23,73.2086
2025-04-24,73.8656
2025-04-25,73.9313
2025-04-28,73.9688
2025-04-29,74.1659
2025-04-30,73.7717
2025-05-01,73.8670
2025-05-02,74.0934
2025-05-05,74.0651
2025-05-06,74.0085
2025-05-07,74.0745
2025-05-08,74.0557
2025-05-09,74.1028
2025-05-12,74.8387
2025-05-13,74.9708
2025-05-14,74.6972
2025-05-15,74.8387
2025-05-16,74.9236
2025-05-19,74.8858
2025-05-20,74.8481
2025-05-21,74.3481
2025-05-22,74.4991
2025-05-23,74.4802
2025-05-27,74.9330
2025-05-28,74.8858
2025-05-29,74.9991
2025-05-30,75.0651
2025-06-02,75.0518
2025-06-03,75.1940
2025-06-04,75.3362
2025-06-05,75.1750
2025-06-06,75.1656
2025-06-09,75.2035
2025-06-10,75.3836
2025-06-11,75.3646
2025-06-12,75.4499
2025-06-13,75.2224
2025-06-16,75.3741
2025-06-17,75.2888
2025-06-18,75.4025
2025-06-20,75.6395
2025-06-23,75.7817
2025-06-24,75.9902
2025-06-25,75.9712
2025-06-26,76.1893
2025-06-27,76.1514
2025-06-30,76.4452
2025-07-01,76.3490
2025-07-02,76.4918
2025-07-03,76.5395
2025-07-07,76.2823
2025-07-08,76.1776
2025-07-09,76.3871
2025-07-10,76.3109
2025-07-11,76.2157
2025-07-14,76.2728
2025-07-15,76.0442
2025-07-16,76.2442
2025-07-17,76.3204
2025-07-18,76.4252
2025-07-21,76.5299
2025-07-22,76.6633
2025-07-23,76.7014
2025-07-24,76.6061
2025-07-25,76.6537
2025-07-28,76.6156
2025-07-29,76.6633
2025-07-30,76.5014
2025-07-31,76.5490
2025-08-01,76.5528
2025-08-04,76.8112
2025-08-05,76.7730
2025-08-06,76.8495
2025-08-07,76.7730
2025-08-08,76.7825
2025-08-11,76.7825
2025-08-12,76.9548
2025-08-13,77.1558
2025-08-14,76.9548
2025-08-15,77.0122
2025-08-18,76.9548
2025-08-19,76.9357
2025-08-20,76.9070
2025-08-21,76.7634
2025-08-22,77.3855
2025-08-25,77.2324
2025-08-26,77.4047
2025-08-27,77.5004
2025-08-28,77.5387
2025-08-29,77.3951
2025-09-02,77.3114
2025-09-03,77.5230
2025-09-04,77.7346
2025-09-05,77.7730
2025-09-08,77.7730
2025-09-09,77.6865
2025-09-10,77.7442
2025-09-11,77.9365
2025-09-12,77.8596
2025-09-15,78.0808
2025-09-16,78.0231
2025-09-17,77.9462
2025-09-18,78.1193
2025-09-19,78.1481
2025-09-22,78.2058
2025-09-23,78.1481
2025-09-24,78.0423
2025-09-25,77.8211
2025-09-26,77.9750
2025-09-29,78.1096
2025-09-30,78.0808
2025-10-01,78.2267
2025-10-02,78.1977
2025-10-03,78.1108
2025-10-06,78.1301
2025-10-07,78.0431
2025-10-08,77.9272
2025-10-09,77.7049
2025-10-10,77.2508
2025-10-13,77.7339
2025-10-14,77.8209
2025-10-15,78.0721
2025-10-16,77.7919
2025-10-17,77.9948
2025-10-20,78.1494
2025-10-21,78.0335
2025-10-22,77.9562
2025-10-23,78.1301
2025-10-24,78.3426
2025-10-27,78.5359
2025-10-28,78.4586
2025-10-29,78.2170
2025-10-30,78.0721
2025-10-31,78.0721
2025-11-03,77.8293
2025-11-04,77.8390
2025-11-05,77.9167
2025-11-06,77.9458
2025-11-07,78.0138
2025-11-10,78.2760
2025-11-11,78.3634
2025-11-12,78.2081
2025-11-13,77.8876
2025-11-14,77.9070
2025-11-17,77.7807
2025-11-18,77.8002
2025-11-19,77.8390
2025-11-20,77.7905
2025-11-21,78.0527
2025-11-24,78.2663
2025-11-25,78.5383
2025-11-26,78.6160
2025-11-28,78.6548
2025-12-01,78.5133
2025-12-02,78.6597
2025-12-03,78.7280
2025-12-04,78.7865
2025-12-05,78.7865
2025-12-08,78.5914
2025-12-09,78.5036
2025-12-10,78.7670
2025-12-11,78.7573
2025-12-12,78.6109
2025-12-15,78.6499
2025-12-16,78.6987
2025-12-17,78.6011
2025-12-18,78.8158
2025-12-19,78.7775
2025-12-22,78.8462
2025-12-23,78.9050
2025-12-24,79.0520
2025-12-26,79.0128
2025-12-29,79.0422
2025-12-30,79.1207
2025-12-31,79.0422
2026-01-02,79.0815
2026-01-05,79.2873
2026-01-06,79.3069
2026-01-07,79.2873
2026-01-08,79.3461
2026-01-09,79.4049
2026-01-12,79.4442
2026-01-13,79.4442
2026-01-14,79.4442
2026-01-15,79.4442
2026-01-16,79.4932
2026-01-20,79.2873
2026-01-21,79.5226
2026-01-22,79.5814
2026-01-23,79.5422
2026-01-26,79.5814
2026-01-27,79.5716
2026-01-28,79.4442
2026-01-29,79.4344
2026-01-30,79.5226
2026-02-02,79.5709
2026-02-03,79.5216
2026-02-04,79.4231
2026-02-05,79.3344
2026-02-06,79.6103
2026-02-09,79.7186
2026-02-10,79.6398
2026-02-11,79.6300
2026-02-12,79.5906
2026-02-13,79.6497
2026-02-17,79.6103
2026-02-18,79.7088
2026-02-19,79.7383
2026-02-20,79.7974
2026-02-23,79.6694
2026-02-24,79.6103
2026-02-25,79.7186
2026-02-26,79.6497
2026-02-27,79.5216
2026-03-02,79.4761
2026-03-03,79.3177
2026-03-04,79.5949
2026-03-05,79.2781
2026-03-06,78.8920
2026-03-09,79.3672
2026-03-10,79.2385
2026-03-11,79.0603
2026-03-12,78.5554
2026-03-13,78.4069
2026-03-16,78.6544
2026-03-17,79.0108
2026-03-18,78.6049
2026-03-19,78.8623
2026-03-20,78.1297
2026-03-23,78.6445
2026-03-24,78.3772
2026-03-25,78.6247
2026-03-26,78.1297
2026-03-27,77.9317
2026-03-30,78.0208
2026-03-31,78.7633
2026-04-01,78.9563
2026-04-02,79.1453
2026-04-06,79.2845
2026-04-07,79.3044
2026-04-08,79.7720
2026-04-09,79.8615
2026-04-10,79.5432
2026-04-13,79.8416
2026-04-14,80.0804
2026-04-15,80.0406
2026-04-16,79.9312
2026-04-17,80.2296
2026-04-20,80.1600
2026-04-21,79.9511
2026-04-22,80.0804
2026-04-23,79.9511
2026-04-24,80.0605
2026-04-27,80.0903
2026-04-28,79.9809
2026-04-29,79.7123
2026-04-30,79.9610
2026-05-01,80.0600
